,EASTERN REGION,,,,METROPOLITAN NORTH WEST REGION,,,,METROPOLITAN SOUTH EAST REGION,,,,NORTH EASTERN REGION,,,,NORTHERN REGION,,,,SOUTH WESTERN REGION,,,,WESTERN REGION,,,
DATE,FATAL,SERIOUS,NOINJURY,OTHER,FATAL,SERIOUS,NOINJURY,OTHER,FATAL,SERIOUS,NOINJURY,OTHER,FATAL,SERIOUS,NOINJURY,OTHER,FATAL,SERIOUS,NOINJURY,OTHER,FATAL,SERIOUS,NOINJURY,OTHER,FATAL,SERIOUS,NOINJURY,OTHER
1/7/2015,0,0,0,1,0,4,0,11,2,9,0,12,0,1,0,0,0,2,0,0,0,3,0,2,0,1,0,2
2/7/2015,0,0,0,3,0,3,0,14,1,5,0,10,0,1,0,2,0,0,0,0,1,1,0,2,0,1,0,4
3/7/2015,0,0,0,2,0,7,0,9,0,9,0,7,1,2,0,0,0,1,0,1,0,0,0,3,0,2,0,1
4/7/2015,0,1,0,3,0,5,0,12,0,5,0,9,0,1,0,1,1,1,0,1,0,1,0,2,0,0,0,4
5/7/2015,0,0,0,1,0,6,0,8,0,3,0,6,1,0,0,1,0,0,0,2,0,1,0,1,0,0,0,0
6/7/2015,0,0,0,0,0,4,0,12,1,2,0,11,0,0,0,2,0,1,0,2,0,1,0,2,0,0,0,2
7/7/2015,0,1,0,2,0,3,0,12,0,8,0,5,0,0,0,1,0,1,0,2,1,2,0,4,0,1,0,3
8/7/2015,0,1,0,2,0,4,0,13,0,6,0,10,0,1,0,3,0,1,0,2,0,1,0,0,0,4,0,0
9/7/2015,0,0,0,0,0,6,0,13,0,5,0,6,0,1,0,0,0,0,0,0,0,0,0,0,0,1,0,2
10/7/2015,0,1,0,0,0,7,0,16,0,3,0,11,0,0,0,0,0,2,0,4,0,1,0,1,0,1,0,2
11/7/2015,0,0,0,3,0,8,0,3,0,7,0,9,0,2,0,3,0,0,0,1,0,2,0,1,1,0,0,0
12/7/2015,0,0,0,2,0,4,0,5,0,5,0,4,0,0,0,1,0,1,0,1,0,2,0,2,0,0,0,2
13/7/2015,0,0,0,1,0,3,0,16,0,5,0,13,0,0,0,1,0,0,0,2,0,0,0,0,0,1,0,3
14/7/2015,0,0,0,2,0,4,0,8,0,8,0,8,0,1,0,1,0,1,0,3,0,1,0,0,0,2,0,2
15/7/2015,0,0,0,0,0,4,0,14,0,2,0,6,0,1,0,0,0,1,0,3,0,0,0,1,0,0,0,0
16/7/2015,1,2,0,1,0,3,0,10,0,4,0,10,0,2,0,0,0,1,0,0,0,1,0,2,0,2,0,5
17/7/2015,0,0,0,1,0,5,0,18,0,6,0,12,0,1,0,1,0,2,0,0,0,3,0,7,0,1,0,1
18/7/2015,0,2,0,1,0,6,0,4,0,10,0,6,0,2,0,0,0,2,0,0,1,1,0,3,0,1,0,3
19/7/2015,0,1,0,4,0,6,0,12,0,6,0,4,0,0,0,1,0,2,0,1,0,2,0,2,0,2,0,3
20/7/2015,0,0,0,1,0,7,0,12,1,5,0,12,0,0,0,1,1,2,0,2,0,1,0,2,0,2,0,4
21/7/2015,0,1,0,0,0,5,0,18,0,7,0,11,0,2,0,1,0,1,0,2,0,4,0,2,0,1,0,2
22/7/2015,0,1,0,1,0,3,0,11,0,6,0,11,0,0,0,1,0,0,0,2,0,1,0,1,0,2,0,0
23/7/2015,0,1,0,5,0,4,0,11,0,12,0,13,0,2,0,0,0,1,0,1,0,4,0,1,0,1,0,0
24/7/2015,0,0,0,3,0,8,0,15,0,7,0,16,0,1,0,0,0,1,0,1,1,3,0,2,0,1,0,0
25/7/2015,0,0,0,3,1,3,0,9,0,3,0,2,0,1,0,1,0,0,0,0,0,1,0,1,0,1,0,2
26/7/2015,0,1,0,2,1,4,0,6,0,7,0,5,0,4,0,0,0,1,0,1,0,2,0,1,0,0,0,0
27/7/2015,0,0,0,2,0,8,0,7,0,7,0,7,0,0,0,2,0,0,0,0,0,1,0,1,0,0,0,3
28/7/2015,0,2,0,4,0,2,0,16,0,4,0,13,0,0,0,0,0,1,0,0,0,0,0,1,0,0,0,2
29/7/2015,0,0,0,0,0,5,0,10,0,10,0,10,0,1,0,0,1,1,0,1,0,1,0,6,0,1,0,2
30/7/2015,0,1,0,3,1,3,0,10,1,7,0,9,0,3,0,0,0,0,0,1,0,2,0,2,1,0,0,3
31/7/2015,0,2,0,2,1,5,NA,11,0,12,0,23,0,1,0,1,0,2,0,1,0,1,0,0,0,1,0,5
1/8/2015,0,1,0,0,1,7,0,7,0,7,0,8,0,0,0,2,0,0,0,3,0,0,0,2,0,2,0,0
2/8/2015,0,1,0,2,0,4,0,7,0,4,0,11,0,1,0,1,0,2,0,3,0,0,0,1,0,2,0,2
3/8/2015,0,1,0,1,0,3,0,7,0,6,0,10,0,0,0,1,0,0,0,0,0,0,0,1,0,0,0,1
4/8/2015,0,0,0,0,0,1,0,14,0,6,0,5,0,1,0,0,0,0,0,3,0,2,0,0,0,0,0,0
5/8/2015,0,0,0,1,2,4,0,6,0,6,0,10,0,0,0,0,0,1,0,0,0,4,0,2,0,1,0,1
6/8/2015,0,1,0,1,0,6,0,13,0,6,0,9,0,2,0,0,0,0,0,4,0,1,0,3,0,2,0,3
7/8/2015,0,0,0,0,1,6,0,18,0,5,0,7,0,0,0,3,1,1,0,2,0,1,0,2,0,1,0,2
8/8/2015,0,0,0,1,1,4,0,14,0,6,0,3,0,1,0,1,0,0,0,2,0,1,0,0,0,2,0,2
9/8/2015,0,2,0,3,0,3,0,6,0,4,0,7,0,1,0,2,0,0,0,0,0,0,0,1,1,1,0,1
10/8/2015,0,1,0,2,0,1,0,12,0,4,0,11,0,0,0,1,0,1,0,2,0,0,0,1,0,1,0,2
11/8/2015,0,1,0,4,0,2,0,10,0,7,0,8,0,0,0,2,1,0,0,2,0,1,0,0,0,0,0,0
12/8/2015,0,0,0,1,0,4,0,10,2,3,0,7,0,1,0,3,0,0,0,6,0,3,0,2,0,0,0,1
13/8/2015,1,0,0,2,0,2,0,13,0,8,0,7,0,0,0,1,0,0,0,1,1,2,0,2,0,1,0,1
14/8/2015,0,1,0,0,1,5,0,12,0,5,0,9,0,0,0,2,0,0,0,1,0,0,0,0,1,0,0,1
15/8/2015,1,1,0,1,0,5,0,10,0,4,0,7,1,1,0,0,0,1,0,2,0,2,0,1,0,1,0,2
16/8/2015,0,1,0,5,0,3,0,12,1,8,0,3,0,0,0,0,0,2,0,2,0,1,0,4,0,1,0,1
17/8/2015,1,0,0,2,0,6,0,12,0,4,0,14,0,1,0,1,0,1,0,2,0,0,0,2,0,0,0,4
18/8/2015,1,1,0,2,0,5,0,6,1,5,0,8,1,0,0,0,0,0,0,1,0,3,0,4,0,0,0,5
19/8/2015,0,1,0,2,0,2,0,6,0,5,0,14,0,0,0,3,0,0,0,2,0,0,0,1,0,0,0,2
20/8/2015,0,0,0,1,0,1,0,15,0,8,0,9,0,0,0,0,0,1,0,0,2,0,0,1,0,1,0,3
21/8/2015,0,1,0,1,0,6,0,7,0,6,0,11,0,1,0,0,0,2,0,1,0,1,0,4,0,0,0,1
22/8/2015,0,0,0,0,0,4,0,10,0,8,0,12,0,6,0,3,0,2,0,1,0,2,0,0,0,1,0,1
23/8/2015,0,0,0,3,1,3,0,8,0,7,0,9,0,0,0,2,0,0,0,0,2,2,0,1,0,1,0,2
24/8/2015,0,0,0,1,0,3,0,13,0,2,0,6,0,0,0,0,0,0,0,0,0,0,0,2,0,0,0,0
25/8/2015,0,0,0,0,0,3,0,13,0,6,0,4,0,1,0,1,0,0,0,1,0,0,0,3,0,0,0,1
26/8/2015,0,0,0,1,0,6,0,10,1,3,0,7,0,0,0,1,0,1,0,2,0,2,0,1,0,2,0,0
27/8/2015,0,0,0,4,0,6,0,15,1,3,0,13,0,2,0,1,0,1,0,2,0,0,0,3,0,0,0,0
28/8/2015,0,0,0,2,1,5,0,16,2,3,0,10,0,1,0,1,0,1,0,2,0,1,0,0,0,0,0,2
29/8/2015,0,1,0,3,0,6,0,17,0,8,0,12,0,1,0,1,0,0,0,1,0,3,0,0,0,2,0,6
30/8/2015,0,3,0,0,0,3,0,10,0,4,0,8,0,2,0,4,0,0,0,2,0,0,0,2,0,1,0,2
31/8/2015,0,0,0,1,0,5,0,6,2,2,0,5,0,1,0,3,0,1,0,1,0,1,0,2,0,0,0,1
1/9/2015,0,0,0,2,0,12,0,14,0,8,0,5,0,1,0,1,0,1,0,2,0,1,0,1,0,1,0,1
2/9/2015,0,0,0,0,0,7,0,7,0,4,0,8,0,0,0,3,0,0,0,3,0,0,0,2,0,0,0,0
3/9/2015,0,0,0,4,0,2,0,7,0,9,0,12,0,0,0,2,0,1,0,1,0,2,0,1,0,0,0,0
4/9/2015,0,0,0,1,1,4,0,11,0,7,0,11,0,0,0,2,1,0,0,0,0,2,0,1,0,0,0,2
5/9/2015,0,0,0,0,0,6,0,9,0,4,0,13,0,2,0,1,0,1,0,1,1,1,0,2,0,4,0,3
6/9/2015,0,1,0,2,0,9,0,7,0,6,0,6,0,1,0,0,0,4,0,1,0,0,0,1,0,2,0,0
7/9/2015,0,0,0,0,0,4,0,7,0,6,0,5,0,0,0,1,0,1,0,3,0,1,0,0,0,1,0,1
8/9/2015,0,1,0,1,0,5,0,10,0,5,0,10,0,0,0,3,0,0,0,0,0,0,0,2,0,1,0,5
9/9/2015,0,1,0,1,0,4,0,12,0,9,0,8,0,0,0,1,0,0,0,0,0,3,0,4,0,0,0,1
10/9/2015,0,0,0,1,0,4,0,8,0,8,0,8,0,0,0,1,0,1,0,3,1,0,0,2,0,2,0,3
11/9/2015,0,0,0,1,0,8,0,12,0,7,0,13,0,1,0,2,0,3,0,1,0,0,0,2,0,0,0,2
12/9/2015,0,1,0,3,0,3,0,5,1,5,0,7,0,4,0,1,0,3,0,3,0,2,0,3,0,1,0,4
13/9/2015,0,2,0,4,0,6,0,11,1,5,0,4,0,1,0,0,0,2,0,2,1,0,0,4,0,1,0,4
14/9/2015,0,0,0,2,0,5,0,8,0,8,0,11,0,1,0,1,0,0,0,2,0,2,0,4,0,0,0,2
15/9/2015,0,1,0,1,0,1,0,13,0,6,0,8,0,0,0,1,0,1,0,4,0,2,0,2,0,2,0,2
16/9/2015,0,1,0,0,0,3,0,10,0,10,0,9,1,0,0,0,0,0,0,0,0,1,0,1,0,0,0,2
17/9/2015,0,0,0,2,0,3,0,3,0,9,0,6,0,1,0,0,0,1,0,1,0,1,0,2,0,0,0,2
18/9/2015,0,1,0,2,0,1,0,9,0,6,0,8,0,2,0,2,0,0,0,2,0,1,0,0,0,2,0,4
19/9/2015,0,2,0,3,0,5,0,9,0,4,0,7,0,3,0,4,0,2,0,0,0,1,0,1,0,1,0,1
20/9/2015,0,1,0,1,0,6,0,10,1,11,0,12,0,2,0,4,0,2,0,2,0,3,0,0,0,0,0,3
21/9/2015,0,1,0,0,0,4,0,7,0,5,0,5,0,1,0,2,0,0,0,1,0,0,0,1,0,1,0,4
22/9/2015,0,1,0,2,0,2,0,9,0,3,0,12,0,0,0,0,0,2,0,4,0,0,0,1,1,0,0,3
23/9/2015,0,1,0,3,1,6,0,10,2,5,0,4,0,0,0,2,0,0,0,2,0,1,0,4,0,0,0,3
24/9/2015,0,0,0,0,0,2,0,10,1,5,0,3,1,0,0,0,0,1,0,2,0,0,0,3,0,1,0,0
25/9/2015,0,1,0,2,0,7,0,11,0,5,0,7,0,2,0,3,1,2,0,1,0,2,0,2,0,2,0,0
26/9/2015,0,1,0,3,0,9,0,9,0,10,0,7,0,2,0,1,0,1,0,3,1,3,0,2,0,1,0,4
27/9/2015,0,1,0,2,0,6,0,5,0,8,0,2,0,1,0,1,0,2,0,1,0,3,0,0,0,1,0,5
28/9/2015,1,0,0,1,0,2,0,11,0,2,0,15,0,0,0,2,1,0,0,4,0,0,0,1,0,1,0,0
29/9/2015,0,0,0,3,0,5,0,11,0,7,0,9,0,0,0,1,0,1,0,0,0,2,0,1,0,0,0,1
30/9/2015,0,1,0,0,0,6,0,13,0,4,0,14,0,0,0,4,0,1,0,2,0,2,0,1,0,0,0,1
1/10/2015,0,3,0,2,0,10,0,14,2,5,0,14,0,1,0,0,0,1,0,3,0,2,0,2,0,0,0,0
2/10/2015,0,1,0,4,1,5,0,7,0,9,0,7,0,4,0,0,0,2,0,4,0,0,0,2,0,3,0,3
3/10/2015,0,0,0,1,1,5,0,5,0,5,0,10,0,2,0,3,0,2,0,0,0,2,0,2,0,0,0,3
4/10/2015,0,0,0,0,0,4,0,10,0,7,0,8,0,3,0,2,0,2,0,2,0,3,0,3,0,1,0,0
5/10/2015,0,1,0,1,0,5,0,12,0,8,0,8,1,3,0,0,0,1,0,1,0,1,0,0,0,1,0,2
6/10/2015,0,0,0,0,0,6,0,15,1,5,0,9,0,1,0,1,0,0,0,4,0,0,0,0,0,0,0,4
7/10/2015,1,1,0,2,0,9,0,12,0,3,0,5,0,0,0,3,0,0,0,1,0,0,0,1,1,1,0,3
8/10/2015,0,0,0,1,1,4,0,15,1,9,0,8,0,0,0,3,0,1,0,2,0,0,0,0,1,1,0,2
9/10/2015,0,1,0,2,0,6,0,16,1,10,0,16,0,1,0,2,0,0,0,1,0,1,0,3,0,1,0,2
10/10/2015,0,2,0,1,0,9,0,2,0,7,0,7,0,3,0,2,0,0,0,0,0,1,0,5,0,1,0,1
11/10/2015,0,1,0,0,0,6,0,11,0,5,0,8,0,0,0,2,0,2,0,0,0,1,0,3,0,1,0,1
12/10/2015,0,2,0,2,0,7,0,11,0,6,0,8,0,0,0,0,0,1,0,1,0,3,0,1,1,1,0,3
13/10/2015,0,0,0,0,0,8,0,12,0,12,0,8,0,2,0,3,0,0,0,2,0,2,0,1,0,0,0,2
14/10/2015,0,0,0,3,2,9,0,10,0,9,0,20,0,2,0,1,0,2,0,1,0,1,0,2,0,3,0,1
15/10/2015,0,0,0,2,0,8,0,8,1,9,0,10,1,4,0,2,0,0,0,3,0,1,0,2,0,0,0,3
16/10/2015,0,0,0,0,0,8,0,15,0,13,0,11,0,0,0,0,0,0,0,2,0,2,0,1,0,1,0,0
17/10/2015,0,1,0,6,0,5,0,13,1,3,0,9,0,1,0,0,0,2,0,0,0,1,0,3,1,1,0,4
18/10/2015,0,1,0,1,0,7,0,2,0,4,0,9,1,1,0,3,0,1,0,1,0,0,0,0,0,0,0,0
19/10/2015,0,0,0,0,0,3,0,13,1,7,0,10,0,0,0,2,0,0,0,0,0,0,0,3,0,1,0,3
20/10/2015,1,0,0,3,0,4,0,19,0,7,0,11,0,1,0,2,0,3,0,3,0,3,0,1,0,1,0,0
21/10/2015,0,0,0,0,0,4,0,14,0,9,0,6,0,1,0,2,0,1,0,1,0,2,0,0,0,0,0,3
22/10/2015,0,2,0,1,1,12,0,18,0,8,0,10,1,1,0,1,0,3,0,1,0,2,0,0,0,3,0,2
23/10/2015,0,0,0,1,1,4,0,8,1,5,0,11,0,2,0,2,0,1,0,1,0,1,0,2,0,0,0,4
24/10/2015,0,0,0,2,1,2,0,5,1,6,0,11,0,2,0,1,0,5,0,0,0,3,0,2,0,1,0,1
25/10/2015,0,2,0,3,0,3,0,9,0,11,0,14,0,6,0,3,0,0,0,2,0,3,0,1,0,1,0,1
26/10/2015,0,0,0,3,0,2,0,15,0,3,0,8,2,0,0,1,0,2,0,3,1,1,0,3,0,3,0,4
27/10/2015,0,0,0,0,0,6,0,6,0,4,0,12,0,2,0,1,0,1,0,1,0,3,0,4,0,1,0,4
28/10/2015,0,0,0,1,0,9,0,2,1,6,0,5,0,1,0,2,0,3,0,1,0,1,0,0,0,0,0,1
29/10/2015,0,1,0,2,0,6,0,14,1,7,0,16,0,0,0,0,0,0,0,1,0,1,0,3,0,0,0,2
30/10/2015,1,2,0,1,0,4,0,15,0,11,0,8,1,2,0,2,0,0,0,2,0,2,0,1,0,2,0,2
31/10/2015,0,1,0,4,0,5,0,12,0,13,0,7,0,3,0,1,0,1,0,2,0,2,0,4,0,2,0,1
1/11/2015,0,4,0,7,0,4,0,7,0,6,0,10,0,5,0,1,0,2,0,2,0,2,0,0,0,0,0,1
2/11/2015,0,3,0,4,0,2,0,6,0,7,0,12,1,0,0,0,0,0,0,1,0,1,0,3,0,1,0,0
3/11/2015,0,1,0,1,0,6,0,5,0,4,0,1,0,2,0,1,0,2,0,1,0,1,0,1,0,0,0,2
4/11/2015,0,1,0,2,0,4,0,11,0,3,0,16,0,0,0,4,0,3,0,0,0,2,0,4,0,2,0,1
5/11/2015,0,1,0,3,0,9,0,6,0,6,0,12,0,0,0,0,0,0,0,2,0,2,0,4,0,1,0,3
6/11/2015,1,1,0,0,0,8,0,9,0,4,0,15,0,0,0,2,0,0,0,1,0,0,0,0,0,0,0,1
7/11/2015,0,1,0,3,0,3,0,5,0,9,0,4,1,2,0,3,0,0,0,3,0,2,0,1,0,0,0,1
8/11/2015,0,2,0,2,0,5,0,6,0,6,0,8,0,2,0,4,0,2,0,1,0,0,0,0,1,4,0,5
9/11/2015,0,1,0,1,0,7,0,15,1,1,0,11,0,1,0,2,0,1,0,4,0,1,0,1,0,0,0,3
10/11/2015,1,0,0,1,0,6,0,9,0,2,0,7,0,1,0,2,0,0,0,0,0,2,0,1,0,0,0,3
11/11/2015,0,1,0,0,0,4,0,7,0,5,0,11,0,1,0,2,0,0,0,1,0,2,0,1,0,1,0,1
12/11/2015,0,1,0,1,0,3,0,10,0,6,0,10,0,1,0,1,0,2,0,3,0,1,0,4,0,0,0,0
13/11/2015,0,0,0,2,0,5,0,13,0,6,0,15,0,1,0,3,0,2,0,1,0,1,0,1,0,0,0,1
14/11/2015,0,2,0,3,0,9,0,7,0,9,0,6,0,1,0,2,1,3,0,3,0,0,0,2,1,2,0,0
15/11/2015,0,1,0,2,0,3,0,7,0,5,0,14,0,3,0,5,0,1,0,1,1,2,0,0,0,1,0,0
16/11/2015,0,0,0,0,0,5,0,10,1,3,0,9,0,0,0,0,0,1,0,0,0,2,0,0,0,1,0,2
17/11/2015,0,0,0,1,0,9,0,11,0,8,0,16,0,1,0,0,0,1,0,2,0,3,0,1,0,2,0,0
18/11/2015,0,0,0,3,0,6,0,10,1,10,0,8,0,1,0,1,0,1,0,0,0,1,0,1,0,0,0,1
19/11/2015,0,3,0,2,0,9,0,13,0,5,0,7,0,1,0,1,0,2,0,0,0,2,0,1,0,0,0,2
20/11/2015,0,1,0,4,0,7,0,12,0,3,0,9,0,1,0,1,0,1,0,1,0,0,0,6,0,0,0,3
21/11/2015,0,2,0,2,0,7,0,7,0,7,0,6,0,4,0,4,0,2,0,3,0,2,0,2,0,1,0,0
22/11/2015,0,1,0,2,1,5,0,9,0,4,0,9,0,2,0,2,0,4,0,2,1,1,0,1,0,0,0,2
23/11/2015,0,1,0,2,0,6,0,5,0,7,0,17,0,0,0,3,1,1,0,3,0,0,0,1,0,1,0,1
24/11/2015,0,1,0,4,0,6,0,11,1,10,0,20,0,0,0,0,0,0,0,2,0,1,0,1,0,1,0,2
25/11/2015,0,2,0,0,0,4,0,11,0,8,0,14,0,2,0,1,0,1,0,3,0,1,0,2,0,0,0,1
26/11/2015,0,0,0,7,0,4,0,8,0,14,0,7,0,1,0,2,1,0,0,0,0,1,0,2,0,1,0,0
27/11/2015,0,1,0,4,0,5,0,11,0,10,0,14,1,2,0,2,0,0,0,3,0,0,0,1,0,2,0,2
28/11/2015,0,2,0,6,0,5,0,10,2,4,0,13,0,1,0,2,0,1,0,5,0,0,0,0,0,0,0,0
29/11/2015,0,1,0,3,0,8,0,8,0,9,0,8,0,3,0,2,0,1,0,2,0,0,0,2,0,1,0,3
30/11/2015,0,1,0,0,1,6,0,11,0,10,0,13,1,0,0,0,0,1,0,1,1,2,0,2,0,0,0,1
1/12/2015,0,0,0,1,0,5,0,13,1,11,0,10,0,1,0,1,0,0,0,3,0,0,0,0,0,0,0,1
2/12/2015,0,0,0,1,0,6,0,13,0,12,0,7,0,0,0,2,0,0,0,2,0,0,0,2,0,0,0,2
3/12/2015,0,1,0,0,0,2,0,8,0,8,0,6,1,2,0,2,0,1,0,2,0,1,0,1,0,0,0,1
4/12/2015,0,4,0,3,0,14,0,11,0,6,0,20,0,3,0,2,0,1,0,3,0,1,0,4,0,1,0,0
5/12/2015,0,3,0,2,0,2,0,10,0,15,0,11,0,2,0,2,0,1,0,1,0,0,0,2,1,1,0,0
6/12/2015,0,0,0,0,0,7,0,10,1,11,0,7,0,1,0,2,1,4,0,2,0,0,0,1,0,0,0,2
7/12/2015,0,0,0,0,0,11,0,11,0,11,0,11,0,1,0,2,0,0,0,4,0,0,0,1,1,3,0,2
8/12/2015,0,1,0,1,0,8,0,16,0,7,0,13,1,2,0,3,0,0,0,1,2,0,0,1,0,2,0,0
9/12/2015,0,1,0,3,0,11,0,20,1,11,0,13,0,1,0,4,0,2,0,2,0,1,0,2,0,0,0,4
10/12/2015,0,1,0,2,0,17,0,10,0,8,0,9,0,3,0,0,0,0,0,5,0,0,0,1,0,0,0,1
11/12/2015,0,1,0,1,0,5,0,15,0,12,0,14,0,1,0,1,0,0,0,2,0,2,0,1,0,0,0,0
12/12/2015,0,1,0,2,0,7,0,6,0,4,0,7,0,0,0,2,0,3,0,1,0,1,0,1,0,0,0,3
13/12/2015,0,1,0,1,0,10,0,11,0,8,0,8,0,4,0,2,0,1,0,1,0,2,0,2,0,0,0,4
14/12/2015,0,2,0,3,0,5,0,10,1,8,0,11,0,0,0,1,1,4,0,2,0,1,0,1,0,1,0,2
15/12/2015,0,0,0,0,0,10,0,11,0,13,0,16,0,1,0,1,0,1,0,4,0,1,0,4,0,0,0,0
16/12/2015,0,0,0,3,0,6,0,15,0,5,0,12,0,0,0,0,0,2,0,2,0,2,0,1,0,0,0,1
17/12/2015,0,1,0,6,0,13,0,12,0,5,0,14,0,0,0,3,0,1,0,0,0,1,0,1,0,0,0,2
18/12/2015,0,1,0,5,0,8,0,16,0,10,0,17,0,2,0,0,0,2,0,3,0,0,0,1,0,0,0,1
19/12/2015,0,1,0,2,0,7,0,8,0,5,0,6,0,2,0,1,0,0,0,2,0,5,0,1,0,1,0,0
20/12/2015,0,0,0,3,0,3,0,7,0,5,0,9,0,1,0,3,1,1,0,0,0,2,0,1,0,1,0,0
21/12/2015,0,1,0,2,0,8,0,6,0,7,0,9,0,0,0,3,0,1,0,2,0,2,0,1,0,1,0,3
22/12/2015,1,0,0,1,0,7,0,17,0,7,0,9,0,2,0,1,0,1,0,3,0,1,0,5,0,0,0,2
23/12/2015,0,2,0,2,1,5,0,13,0,8,0,8,0,0,0,2,0,2,0,2,0,0,0,3,0,2,0,0
24/12/2015,1,1,0,3,0,3,0,12,0,10,0,10,0,0,0,0,1,1,0,1,0,3,0,0,0,3,0,1
25/12/2015,0,1,0,1,0,0,0,9,0,5,0,7,0,1,0,0,0,0,0,2,0,1,0,1,0,1,0,1
26/12/2015,0,1,0,3,0,9,0,8,0,3,0,11,1,2,0,3,0,1,0,1,0,3,0,1,0,0,0,1
27/12/2015,0,2,0,5,0,5,0,4,1,4,0,8,0,2,0,1,0,1,0,0,0,1,0,1,0,5,0,2
28/12/2015,0,1,0,2,0,4,0,8,1,7,0,9,0,2,0,3,0,2,0,1,0,2,0,2,0,2,0,0
29/12/2015,0,1,0,3,2,6,0,8,0,3,0,12,0,0,0,4,0,1,0,1,0,1,0,2,0,2,0,1
30/12/2015,0,1,0,3,0,4,0,7,0,4,0,8,0,3,0,1,0,2,0,1,0,2,0,2,0,2,0,1
31/12/2015,0,1,0,1,0,3,0,5,0,6,0,4,0,1,0,2,0,2,0,1,1,4,0,1,0,2,0,3
1/1/2016,0,1,0,5,0,7,0,7,1,9,0,3,0,3,0,2,0,1,0,1,0,2,0,0,0,1,0,0
2/1/2016,0,3,0,1,0,2,0,4,0,8,0,5,1,2,0,1,0,2,0,1,0,2,0,2,0,1,0,2
3/1/2016,0,1,0,5,0,3,0,6,0,7,0,4,0,2,0,3,0,0,0,3,0,2,0,1,0,2,0,4
4/1/2016,0,2,0,2,0,2,0,5,0,4,0,5,0,1,0,1,1,4,0,3,0,1,0,3,0,0,0,1
5/1/2016,0,1,0,6,1,2,0,7,0,6,0,7,0,6,0,2,0,0,0,3,0,3,0,1,0,2,0,1
6/1/2016,0,2,0,1,0,5,0,13,0,7,0,8,0,0,0,0,0,3,0,4,0,1,0,3,0,2,0,1
7/1/2016,0,0,0,2,0,3,0,6,0,10,0,12,0,0,0,0,0,2,0,2,0,1,0,1,0,1,0,2
8/1/2016,0,1,0,1,0,5,0,10,0,4,0,4,0,0,0,2,0,0,0,3,0,1,0,2,0,1,0,2
9/1/2016,0,1,0,5,0,7,0,10,0,5,0,3,1,1,0,3,0,0,0,1,0,0,0,2,0,1,0,2
10/1/2016,1,1,0,2,1,0,0,9,1,3,0,8,0,0,0,2,0,1,0,2,0,5,0,2,0,0,0,3
11/1/2016,0,0,0,4,0,1,0,7,0,3,0,6,0,1,0,3,0,2,0,1,0,2,0,3,0,0,0,2
12/1/2016,0,1,0,0,0,3,0,13,0,3,0,10,0,0,0,2,0,0,0,0,0,1,0,0,0,0,0,1
13/1/2016,0,0,0,0,0,7,0,12,1,4,0,8,1,1,0,0,0,0,0,4,0,2,0,1,0,1,0,0
14/1/2016,0,4,0,4,0,4,0,11,1,5,0,6,0,1,0,0,0,1,0,2,0,0,0,2,0,0,0,2
15/1/2016,0,0,0,2,0,3,0,12,0,9,0,3,0,2,0,4,0,0,0,2,0,1,0,3,0,1,0,0
16/1/2016,0,2,0,1,0,8,0,6,1,7,0,9,0,1,0,3,0,1,0,2,0,3,0,1,0,1,0,2
17/1/2016,0,2,0,3,0,5,0,4,0,7,0,10,0,2,0,2,0,1,0,1,0,1,0,2,0,0,0,1
18/1/2016,0,0,0,3,0,2,0,14,0,4,0,11,0,0,0,0,0,0,0,1,0,2,0,2,0,0,0,1
19/1/2016,0,0,0,4,0,3,0,8,0,8,0,9,0,0,0,2,0,1,0,2,0,0,0,4,0,0,0,4
20/1/2016,0,1,0,5,0,6,0,9,1,10,0,13,0,1,0,0,0,0,0,1,0,3,0,2,0,1,0,0
21/1/2016,0,1,0,0,0,1,0,14,0,4,0,10,0,0,0,3,0,0,0,3,0,0,0,1,0,0,0,0
22/1/2016,0,0,0,5,0,7,0,12,1,10,0,17,0,2,0,0,0,4,0,2,0,1,0,2,0,1,0,1
23/1/2016,0,1,0,2,0,9,0,8,1,8,0,5,1,0,0,0,0,0,0,3,0,2,0,1,0,0,0,3
24/1/2016,0,1,0,3,0,6,0,13,0,8,0,6,0,3,0,3,0,2,0,1,0,1,0,0,0,1,0,0
25/1/2016,0,0,0,4,0,6,0,4,0,4,0,8,0,1,0,2,0,1,0,0,0,1,0,2,0,0,0,2
26/1/2016,0,1,0,1,0,6,0,5,0,4,0,6,0,2,0,2,0,1,0,2,0,2,0,1,2,1,0,2
27/1/2016,0,2,0,2,2,7,0,12,0,6,0,13,0,2,0,1,0,3,0,0,1,1,0,3,0,2,0,1
28/1/2016,1,1,0,2,0,4,0,12,2,5,0,6,0,1,0,2,0,0,0,0,0,2,0,3,0,2,0,2
29/1/2016,0,1,0,2,0,4,0,20,0,12,0,8,1,3,0,2,0,2,0,4,0,0,0,2,0,1,0,1
30/1/2016,0,1,0,3,0,7,0,8,0,5,0,8,0,2,0,2,0,2,0,1,0,0,0,2,0,1,0,1
31/1/2016,0,1,0,1,0,3,0,4,0,3,0,8,0,1,0,4,0,1,0,1,0,1,0,2,0,0,0,1
1/2/2016,0,0,0,3,1,5,0,13,0,10,0,16,0,0,0,1,0,0,0,1,0,0,0,2,0,1,0,1
2/2/2016,0,1,0,1,1,5,0,11,1,5,0,11,0,2,0,1,0,0,0,2,0,0,0,4,0,1,0,3
3/2/2016,0,0,0,2,0,5,0,13,0,6,0,10,0,1,0,2,0,1,0,1,0,0,0,5,0,0,0,0
4/2/2016,1,0,0,1,1,7,0,19,0,4,0,11,0,0,0,2,0,0,0,3,0,1,0,1,0,0,0,1
5/2/2016,0,3,0,3,0,4,0,19,0,9,0,15,0,1,0,1,0,0,0,1,0,1,0,5,0,2,0,0
6/2/2016,0,0,0,1,0,7,0,9,0,7,0,14,0,1,0,1,0,2,0,0,0,0,0,4,1,1,0,2
7/2/2016,0,8,0,1,0,6,0,6,0,7,0,7,0,1,0,3,0,0,0,4,0,0,0,2,0,4,0,1
8/2/2016,1,0,0,5,1,4,0,13,0,4,0,7,0,4,0,1,0,0,0,1,0,2,0,2,0,0,0,1
9/2/2016,0,1,0,0,2,6,0,18,1,8,0,14,0,1,0,0,0,1,0,2,1,0,0,2,0,1,0,0
10/2/2016,0,1,0,4,0,3,0,6,1,9,0,12,1,1,0,1,1,1,0,2,0,1,0,NA,0,0,0,0
11/2/2016,0,1,0,2,0,4,0,16,0,7,0,17,0,0,0,1,0,1,0,2,0,2,0,2,0,0,0,1
12/2/2016,0,2,0,1,3,7,0,9,0,7,0,14,1,2,0,1,0,0,0,2,0,0,0,1,0,0,0,1
13/2/2016,0,1,0,1,0,7,0,6,1,4,0,9,0,2,0,3,0,1,0,1,0,2,0,2,0,1,0,1
14/2/2016,0,0,0,3,0,6,0,9,0,7,0,11,0,1,0,0,0,1,0,3,0,1,0,4,0,2,0,1
15/2/2016,0,0,0,1,1,6,0,11,0,6,0,10,0,1,0,3,0,1,0,2,0,2,0,3,1,0,0,2
16/2/2016,0,1,0,1,0,5,0,14,2,12,0,13,0,1,0,2,0,1,0,1,0,1,0,3,1,1,0,1
17/2/2016,0,3,0,3,0,1,0,5,0,10,0,16,0,0,0,0,0,1,0,4,0,4,0,5,0,2,0,0
18/2/2016,0,2,0,2,1,5,0,19,0,8,0,8,0,1,0,2,0,0,0,3,0,0,0,1,0,0,0,2
19/2/2016,0,0,0,2,0,4,0,8,1,10,0,8,0,0,0,0,0,2,0,1,0,4,0,0,0,0,0,0
20/2/2016,1,2,0,2,0,4,0,11,0,7,0,8,0,3,0,0,0,1,0,3,0,4,0,4,0,1,0,0
21/2/2016,0,1,0,2,0,5,0,7,1,7,0,10,0,5,0,5,0,0,0,1,1,2,0,4,2,1,0,1
22/2/2016,1,0,0,4,0,4,0,9,0,4,0,11,0,1,0,1,0,2,0,2,0,2,0,1,0,0,0,2
23/2/2016,1,0,0,3,0,7,0,16,0,8,0,11,0,1,0,0,0,1,0,5,0,1,0,0,1,3,0,0
24/2/2016,0,2,0,5,1,8,0,14,1,6,0,8,0,0,0,1,0,1,0,0,0,4,0,3,0,0,0,2
25/2/2016,0,1,0,0,0,3,0,17,1,8,0,12,1,0,0,0,0,1,0,3,0,1,0,3,0,1,0,4
26/2/2016,1,1,0,0,0,8,0,16,0,5,0,20,1,1,0,3,0,1,0,0,0,0,0,1,0,1,0,2
27/2/2016,0,3,0,3,2,3,0,11,0,9,0,7,0,3,0,3,0,1,0,5,0,1,0,3,0,1,0,0
28/2/2016,0,1,0,2,0,5,0,13,0,8,0,5,0,6,0,3,0,1,0,4,0,3,0,2,0,0,0,0
29/2/2016,0,0,0,2,0,6,0,14,0,7,0,14,0,1,0,2,0,1,0,1,0,0,0,1,0,0,0,0
1/3/2016,1,1,0,0,0,4,0,17,0,11,0,13,0,1,0,1,0,1,0,1,0,1,0,3,0,0,0,5
2/3/2016,0,1,0,3,0,7,0,11,1,5,0,9,0,3,0,2,0,1,0,1,0,3,0,4,0,1,0,3
3/3/2016,1,0,0,1,0,7,0,16,2,9,0,14,1,1,0,1,0,1,0,6,0,1,0,1,0,0,0,1
4/3/2016,0,1,0,2,0,7,0,11,1,6,0,14,0,2,0,1,0,1,0,1,0,3,0,3,0,0,0,1
5/3/2016,0,0,0,3,0,6,0,8,0,9,0,6,0,4,0,1,0,0,0,0,0,2,0,2,1,1,0,2
6/3/2016,0,1,0,4,0,6,0,7,0,5,0,12,0,3,0,0,0,0,0,3,1,1,0,4,0,2,0,1
7/3/2016,0,0,0,1,0,1,0,7,0,9,0,8,0,2,0,1,1,0,0,2,0,1,0,0,0,1,0,1
8/3/2016,0,1,0,1,0,11,0,3,2,10,0,12,1,1,0,0,0,0,0,1,0,3,0,0,0,1,0,3
9/3/2016,0,1,0,1,0,2,0,15,1,7,0,9,0,1,0,1,0,2,0,1,0,0,0,2,0,1,0,1
10/3/2016,0,1,0,5,2,7,0,18,0,7,0,17,0,0,0,1,0,1,0,3,0,3,0,6,0,1,0,3
11/3/2016,0,4,0,3,0,9,0,8,0,8,0,10,0,2,0,2,0,2,0,1,0,1,0,3,0,3,0,4
12/3/2016,0,0,0,4,1,2,0,6,0,8,0,9,0,2,0,9,0,0,0,2,0,2,0,1,0,1,0,4
13/3/2016,0,2,0,4,0,2,0,7,0,7,0,7,1,4,0,2,0,4,0,0,0,6,0,2,0,3,0,1
14/3/2016,1,2,0,5,0,6,0,7,0,6,0,5,0,3,0,0,1,3,0,2,0,1,0,1,0,0,0,3
15/3/2016,0,0,0,0,0,4,0,13,1,4,0,10,0,4,0,0,0,3,0,2,0,1,0,3,0,1,0,2
16/3/2016,0,0,0,0,0,11,0,9,0,3,0,12,0,2,0,3,0,2,0,3,0,0,0,1,0,1,0,3
17/3/2016,0,0,0,0,0,9,0,18,0,12,0,7,0,1,0,1,0,0,0,0,0,0,0,2,0,0,0,0
18/3/2016,0,0,0,5,0,8,0,12,0,10,0,20,1,0,0,3,0,1,0,2,0,2,0,2,0,1,0,3
19/3/2016,0,0,0,0,0,6,0,8,1,4,0,8,0,1,0,4,0,1,0,1,0,3,0,2,0,1,0,1
20/3/2016,0,2,0,3,0,5,0,10,0,4,0,10,0,6,0,1,0,2,0,6,0,1,0,1,0,0,0,1
21/3/2016,0,2,0,2,0,7,0,10,0,8,0,17,1,1,0,0,0,0,0,4,1,1,0,1,0,0,0,2
22/3/2016,0,0,0,5,0,7,0,14,0,5,0,13,0,3,0,1,0,0,0,6,0,0,0,1,0,2,0,3
23/3/2016,0,1,0,1,0,4,0,9,0,7,0,11,0,1,0,1,0,1,0,1,0,0,0,1,0,0,0,2
24/3/2016,0,0,0,1,0,7,0,6,1,5,0,13,0,1,0,0,0,0,0,0,0,2,0,3,0,1,0,0
25/3/2016,0,5,0,2,0,5,0,7,0,6,0,8,0,1,0,7,0,1,0,4,0,2,0,2,0,1,0,1
26/3/2016,0,3,0,7,0,4,0,6,0,4,0,6,0,3,0,7,0,1,0,5,1,1,0,1,0,2,0,3
27/3/2016,0,0,0,2,0,4,0,4,0,6,0,3,0,8,0,0,0,6,0,4,0,1,0,1,0,0,0,4
28/3/2016,0,1,0,0,0,4,0,3,0,5,0,4,0,2,0,1,0,1,0,2,0,0,0,1,0,0,0,1
29/3/2016,0,0,0,2,0,3,0,8,1,8,0,8,0,1,0,4,0,1,0,1,0,4,0,0,0,1,0,3
30/3/2016,1,1,0,2,0,4,0,14,0,4,0,13,0,0,0,0,0,0,0,1,0,0,0,4,0,1,0,1
31/3/2016,0,1,0,0,0,11,0,10,0,6,0,10,0,1,0,2,0,1,0,1,0,0,0,1,0,0,0,0
1/4/2016,0,1,0,0,0,4,0,13,0,8,0,8,0,0,0,1,0,0,0,4,0,2,0,3,0,2,0,2
2/4/2016,0,0,0,2,0,5,0,9,0,8,0,7,0,1,0,0,0,2,0,1,0,1,0,2,0,0,0,3
3/4/2016,0,2,0,3,0,6,0,9,0,4,0,10,0,7,0,1,0,1,0,2,0,1,0,0,0,0,0,1
4/4/2016,0,1,0,0,0,2,0,13,0,8,0,12,0,2,0,3,0,1,0,2,0,3,0,2,0,1,0,1
5/4/2016,0,2,0,1,0,5,0,9,0,9,0,10,0,0,0,0,0,3,0,1,0,1,0,1,0,1,0,0
6/4/2016,0,0,0,3,0,5,0,17,0,14,0,12,0,0,0,2,0,1,0,2,0,2,0,0,0,2,0,2
7/4/2016,0,1,0,3,0,4,0,12,0,5,0,13,0,2,0,1,0,1,0,3,0,1,0,1,0,0,0,5
8/4/2016,0,1,0,1,0,7,0,14,1,9,0,8,0,2,0,2,0,1,0,3,0,3,0,0,0,0,0,3
9/4/2016,0,3,0,2,0,3,0,11,0,10,0,11,0,2,0,1,0,0,0,1,0,2,0,0,0,0,0,3
10/4/2016,0,0,0,0,0,9,0,8,0,6,0,7,0,3,0,4,0,2,0,3,0,1,0,2,0,4,0,3
11/4/2016,0,0,0,1,0,2,0,15,0,6,0,9,0,2,0,3,0,1,0,1,0,0,0,4,0,0,0,1
12/4/2016,0,0,0,1,0,5,0,18,1,8,0,9,0,1,0,2,0,1,0,0,0,3,0,1,0,2,0,2
13/4/2016,0,0,0,0,0,10,0,13,0,6,0,7,0,0,0,0,0,2,0,0,1,1,0,1,0,0,0,0
14/4/2016,0,2,0,2,1,5,0,14,0,9,0,6,1,0,0,2,0,1,0,0,0,1,0,1,0,0,0,2
15/4/2016,0,0,0,4,0,9,0,16,0,10,0,10,0,2,0,3,0,1,0,3,0,3,0,2,1,1,0,2
16/4/2016,0,1,0,3,0,4,0,7,1,5,0,11,1,0,0,1,0,2,0,0,0,2,0,4,1,0,0,3
17/4/2016,0,4,0,1,0,5,0,6,0,4,0,9,0,0,0,2,0,6,0,5,0,0,0,0,0,1,0,3
18/4/2016,0,0,0,0,0,7,0,10,0,6,0,10,0,1,0,3,0,1,0,1,0,0,0,0,0,0,0,0
19/4/2016,0,2,0,3,0,5,0,17,0,11,0,13,0,0,0,1,0,1,0,1,0,1,0,3,0,1,0,1
20/4/2016,0,1,0,2,2,8,0,17,0,8,0,11,0,1,0,0,0,2,0,0,0,0,0,2,0,2,0,1
21/4/2016,0,1,0,0,0,7,0,20,0,9,0,16,0,1,0,2,0,1,0,0,0,2,0,3,0,0,0,0
22/4/2016,0,0,0,2,0,5,0,15,0,8,0,9,0,0,0,1,0,1,0,3,0,2,0,4,0,2,0,2
23/4/2016,0,1,0,3,0,8,0,12,0,5,0,10,0,6,0,5,0,1,0,4,0,0,0,0,1,1,0,3
24/4/2016,0,3,0,5,1,6,0,7,0,6,0,9,0,2,0,3,0,1,0,0,0,4,0,6,0,1,0,4
25/4/2016,0,1,0,2,0,4,0,8,0,7,0,9,0,1,0,1,0,5,0,1,0,2,0,2,0,2,0,0
26/4/2016,0,0,0,2,1,4,0,14,0,5,0,7,0,1,0,0,0,1,0,0,0,0,0,0,0,0,0,2
27/4/2016,0,0,0,4,0,5,0,9,0,8,0,13,0,2,0,3,0,0,0,0,0,0,0,2,0,0,0,0
28/4/2016,0,3,0,1,0,7,0,7,0,5,0,13,0,1,0,3,0,2,0,0,0,1,0,3,0,1,0,0
29/4/2016,0,1,0,2,0,14,0,18,1,8,0,13,0,1,0,2,2,0,0,2,0,4,0,3,1,0,0,3
30/4/2016,0,2,0,1,0,5,0,7,1,9,0,9,0,1,0,1,0,1,0,0,0,2,0,2,0,0,0,1
1/5/2016,0,0,0,2,0,7,0,4,0,11,0,4,0,0,0,0,0,0,0,4,0,1,0,1,0,2,0,5
2/5/2016,0,1,0,1,0,3,0,8,0,8,0,4,1,0,0,4,0,1,0,1,0,2,0,0,0,1,0,2
3/5/2016,0,1,0,4,0,1,0,5,1,11,0,9,0,2,0,2,0,1,0,2,0,3,0,2,0,0,0,2
4/5/2016,0,0,0,0,1,4,0,13,0,8,0,10,0,1,0,0,0,2,0,1,0,1,0,3,1,0,0,3
5/5/2016,0,0,0,4,0,9,0,14,0,13,0,11,0,0,0,3,0,1,0,1,0,1,0,3,0,0,0,0
6/5/2016,0,0,0,0,1,9,0,25,0,9,0,13,0,1,0,2,0,2,0,1,1,2,0,1,0,0,0,1
7/5/2016,0,1,0,4,2,6,0,14,0,11,0,15,0,3,0,2,0,1,0,2,0,1,0,3,0,1,0,4
8/5/2016,0,0,0,2,0,4,0,8,0,15,0,9,0,0,0,0,0,0,0,1,0,2,0,3,0,1,0,2
9/5/2016,0,0,0,3,0,4,0,12,0,7,0,9,0,2,0,1,1,3,0,3,0,1,0,1,0,0,0,5
10/5/2016,0,1,0,3,1,5,0,14,1,6,0,5,0,1,0,3,0,0,0,1,0,3,0,1,0,0,0,0
11/5/2016,0,1,0,2,0,6,0,8,0,5,0,14,0,2,0,1,0,0,0,1,0,5,0,1,0,1,0,2
12/5/2016,0,0,0,3,0,5,0,18,0,3,0,6,0,1,0,1,0,1,0,1,0,0,0,3,0,1,0,0
13/5/2016,0,0,0,2,0,5,0,15,1,6,0,16,0,3,0,0,0,1,0,1,1,4,0,4,0,0,0,3
14/5/2016,0,1,0,4,0,4,0,10,0,15,0,6,0,4,0,3,0,0,0,2,0,1,0,7,0,1,0,1
15/5/2016,0,3,0,2,0,3,0,9,1,5,0,4,0,3,0,2,0,1,0,2,0,2,0,4,0,1,0,4
16/5/2016,0,1,0,2,1,5,0,6,2,10,0,7,0,4,0,3,0,0,0,5,0,2,0,3,0,0,0,1
17/5/2016,0,1,0,1,1,7,0,10,0,3,0,11,0,0,0,1,0,1,0,0,0,2,0,0,0,0,0,3
18/5/2016,0,2,0,2,0,7,0,17,1,10,0,9,0,0,0,0,0,0,0,0,0,3,0,1,0,1,0,2
19/5/2016,0,1,0,2,0,7,0,11,0,10,0,8,0,0,0,0,0,0,0,2,0,0,0,1,0,0,0,1
20/5/2016,0,0,0,1,1,7,0,10,0,6,0,10,0,1,0,1,0,1,0,2,0,1,0,1,0,1,0,1
21/5/2016,0,5,0,3,0,8,0,3,0,11,0,9,0,0,0,6,0,4,0,1,0,3,0,1,1,0,0,2
22/5/2016,0,0,0,1,0,4,0,8,0,6,0,7,1,0,0,6,0,3,0,0,1,2,0,1,0,2,0,1
23/5/2016,0,2,0,4,2,6,0,12,0,4,0,8,0,3,0,2,0,1,0,1,0,2,0,1,0,0,0,0
24/5/2016,0,0,0,0,1,5,0,8,1,2,0,9,0,0,0,3,0,1,0,3,0,0,0,1,0,2,0,1
25/5/2016,0,0,0,2,0,8,0,9,0,8,0,14,0,0,0,1,0,1,0,1,0,2,0,5,0,2,0,1
26/5/2016,0,2,0,4,0,6,0,14,0,7,0,10,0,2,0,2,0,0,0,2,2,0,0,0,0,0,0,0
27/5/2016,0,1,0,0,0,5,0,11,0,3,0,11,0,4,0,2,0,1,0,3,0,2,0,2,0,0,0,1
28/5/2016,0,1,0,1,0,4,0,14,0,7,0,9,0,0,0,1,0,3,0,1,0,2,0,5,0,0,0,1
29/5/2016,0,0,0,0,0,3,0,7,0,6,0,3,0,0,0,1,0,1,0,1,1,0,0,3,1,1,0,2
30/5/2016,0,1,0,0,0,12,0,13,0,6,0,11,1,0,0,0,1,0,0,4,0,2,0,1,0,0,0,1
31/5/2016,0,1,0,2,0,7,0,20,0,9,0,14,0,3,0,0,0,1,0,0,0,0,0,2,0,0,0,2
1/6/2016,0,0,0,1,0,9,0,12,0,6,0,8,1,1,0,0,0,1,0,2,0,3,0,2,0,1,0,1
2/6/2016,0,1,0,0,0,13,0,17,0,9,0,14,0,3,0,2,0,1,0,0,0,1,0,3,0,1,0,2
3/6/2016,0,1,0,3,0,3,0,18,0,9,0,18,0,3,0,1,0,0,0,0,0,1,0,3,0,0,0,2
4/6/2016,0,0,0,4,0,11,0,14,0,11,0,11,0,1,0,2,0,0,0,4,0,3,0,2,0,0,0,1
5/6/2016,0,0,0,3,1,8,0,9,0,10,0,5,0,1,0,0,0,1,0,0,0,2,0,1,0,1,0,1
6/6/2016,1,1,0,1,0,5,0,6,0,10,0,12,0,1,0,0,0,1,0,0,0,1,0,1,0,0,0,4
7/6/2016,0,0,0,1,0,2,0,15,0,8,0,7,0,3,0,1,0,0,0,3,0,1,0,3,0,2,0,3
8/6/2016,0,1,0,0,0,5,0,10,1,6,0,7,0,1,0,3,0,1,0,2,0,1,0,3,0,1,0,2
9/6/2016,0,0,0,3,0,10,0,10,0,5,0,12,0,0,0,0,0,1,0,2,0,1,0,2,0,1,0,4
10/6/2016,1,0,0,3,0,7,0,8,0,8,0,8,0,0,0,2,0,2,0,3,0,0,0,0,0,2,0,2
11/6/2016,1,1,0,1,1,6,0,5,0,6,0,8,0,0,0,2,0,1,0,2,0,1,0,1,0,2,0,4
12/6/2016,0,0,0,5,0,6,0,4,0,7,0,5,1,3,0,2,0,0,0,0,0,0,0,0,0,0,0,2
13/6/2016,0,2,0,1,0,6,0,5,0,5,0,7,1,4,0,3,0,1,0,3,0,0,0,4,0,1,0,5
14/6/2016,0,1,0,0,0,7,0,8,0,5,0,8,0,0,0,1,0,0,0,2,0,1,0,2,0,1,0,2
15/6/2016,0,1,0,2,0,5,0,16,1,15,0,9,0,0,0,1,0,0,0,1,0,5,0,1,0,2,0,1
16/6/2016,0,1,0,3,1,5,0,12,0,4,0,9,0,0,0,1,0,3,0,2,0,0,0,2,0,1,0,2
17/6/2016,0,1,0,4,0,9,0,14,0,3,0,12,0,1,0,0,0,2,0,1,0,3,0,2,0,0,0,0
18/6/2016,0,2,0,2,0,5,0,11,1,4,0,8,0,1,0,0,0,0,0,1,0,0,0,1,0,1,0,1
19/6/2016,0,1,0,0,0,3,0,8,0,4,0,4,0,1,0,2,0,0,0,3,0,0,0,1,0,1,0,1
20/6/2016,0,0,0,3,1,4,0,9,1,7,0,10,0,0,0,1,0,0,0,1,0,2,0,0,0,0,0,0
21/6/2016,0,0,0,1,0,4,0,16,0,7,0,6,0,1,0,0,0,3,0,1,0,1,0,7,0,1,0,2
22/6/2016,0,0,0,1,1,6,0,11,0,8,0,11,0,0,0,0,0,0,0,1,0,1,0,3,0,1,0,1
23/6/2016,0,0,0,1,1,9,0,9,0,9,0,13,0,2,0,2,0,3,0,1,0,1,0,2,0,0,0,1
24/6/2016,0,1,0,3,0,4,0,12,0,7,0,14,0,0,0,1,0,0,0,4,0,0,0,2,0,1,0,2
25/6/2016,0,2,0,4,0,2,0,10,0,4,0,9,1,2,0,1,0,1,0,2,0,0,0,0,1,3,0,3
26/6/2016,0,3,0,2,0,8,0,4,0,4,0,5,0,2,0,1,0,2,0,2,1,0,0,3,0,1,0,1
27/6/2016,0,1,0,1,1,6,0,5,0,8,0,13,1,0,0,1,0,0,0,0,0,0,0,0,1,0,0,0
28/6/2016,0,0,0,0,1,6,0,9,0,6,0,6,0,0,0,0,0,2,0,0,0,0,0,3,0,0,0,1
29/6/2016,0,1,0,3,0,4,0,4,0,7,0,12,0,1,0,0,0,2,0,0,0,1,0,2,0,1,0,0
30/6/2016,0,0,0,1,0,2,0,12,0,3,0,4,0,1,0,2,0,0,0,2,0,2,0,2,0,2,0,1
1/7/2016,0,1,0,2,0,5,0,9,0,5,0,8,0,0,0,1,0,0,0,0,0,0,0,2,0,0,0,0
2/7/2016,0,1,0,1,0,6,0,7,0,5,0,9,1,0,0,0,0,0,0,2,0,1,0,1,0,2,0,4
3/7/2016,0,2,0,2,0,2,0,6,0,7,0,5,0,2,0,1,0,0,0,1,0,1,0,3,0,0,0,0
4/7/2016,0,0,0,0,0,9,0,14,0,7,0,4,0,1,0,1,0,0,0,0,0,2,0,2,0,0,0,0
5/7/2016,0,1,0,3,0,6,0,9,0,4,0,13,1,0,0,1,0,0,0,0,0,2,0,2,0,0,0,3
6/7/2016,0,0,0,3,0,7,0,15,1,6,0,8,0,0,0,2,0,2,0,1,0,0,0,0,0,1,0,2
7/7/2016,0,2,0,2,0,5,0,11,0,4,0,10,0,4,0,1,0,2,0,2,0,3,0,2,0,0,0,4
8/7/2016,0,1,0,1,0,7,0,13,0,2,0,7,0,1,0,0,0,0,0,2,1,2,0,4,0,0,0,2
9/7/2016,0,3,0,1,0,6,0,8,0,3,0,10,0,1,0,0,0,2,0,3,0,0,0,3,0,0,0,2
10/7/2016,0,0,0,1,0,4,0,8,0,2,0,4,0,2,0,2,1,1,0,2,0,1,0,2,0,1,0,4
11/7/2016,0,1,0,3,0,1,0,4,0,5,0,10,0,0,0,0,0,1,0,2,0,0,0,1,0,0,0,1
12/7/2016,0,0,0,1,0,1,0,15,0,5,0,5,0,1,0,1,0,0,0,1,0,2,0,3,1,3,0,2
13/7/2016,0,1,0,4,0,7,0,13,1,14,0,6,1,3,0,1,0,1,0,3,0,1,0,2,0,2,0,3
14/7/2016,0,1,0,4,0,5,0,9,1,4,0,13,0,2,0,0,0,0,0,4,0,0,0,3,0,0,0,0
15/7/2016,0,1,0,2,0,5,0,7,0,6,0,15,0,1,0,1,0,0,0,2,0,1,0,4,0,1,0,0
16/7/2016,1,4,0,2,1,6,0,15,0,8,0,7,0,4,0,5,0,0,0,2,0,2,0,2,0,1,0,3
17/7/2016,0,2,0,2,0,6,0,6,0,8,0,10,0,3,0,2,0,2,0,2,0,2,0,7,0,2,0,5
18/7/2016,0,1,0,3,0,5,0,6,1,5,0,15,0,0,0,2,0,1,0,1,0,2,0,3,0,0,0,1
19/7/2016,0,1,0,1,0,5,0,12,0,8,0,10,0,1,0,1,0,1,0,1,1,1,0,2,0,3,0,2
20/7/2016,0,2,0,2,0,7,0,12,0,10,0,10,0,0,0,0,1,0,0,0,0,1,0,4,0,0,0,1
21/7/2016,0,0,0,1,0,7,0,16,0,7,0,12,0,1,0,2,0,2,0,0,0,1,0,2,0,0,0,2
22/7/2016,0,0,0,0,1,11,0,7,0,14,0,9,0,2,0,0,0,2,0,3,0,0,0,3,0,3,0,1
23/7/2016,1,2,0,1,0,8,0,7,0,6,0,8,0,1,0,2,1,1,0,0,0,1,0,0,1,1,0,3
24/7/2016,1,2,0,4,0,6,0,13,0,3,0,4,0,2,0,5,0,3,0,0,1,1,0,1,0,1,0,3
25/7/2016,0,2,0,4,0,5,0,12,1,6,0,10,1,2,0,1,0,0,0,0,1,1,0,2,0,2,0,1
26/7/2016,0,0,0,0,0,4,0,11,0,3,0,9,0,2,0,0,0,0,0,0,0,0,0,3,0,0,0,2
27/7/2016,1,0,0,1,0,6,0,7,0,6,0,9,0,1,0,0,0,2,0,0,0,2,0,0,0,1,0,1
28/7/2016,0,1,0,2,1,2,0,7,0,9,0,7,0,1,0,0,0,1,0,0,0,3,0,3,0,0,0,2
29/7/2016,0,1,0,1,0,10,0,8,0,9,0,11,0,1,0,4,1,3,0,3,0,1,0,2,0,2,0,2
30/7/2016,0,0,0,3,1,10,0,13,0,9,0,10,0,1,0,4,0,0,0,3,0,1,0,1,0,0,0,1
31/7/2016,0,3,0,1,0,2,0,8,0,8,0,7,0,1,0,1,0,0,0,2,1,1,0,2,0,0,0,0
1/8/2016,0,2,0,1,0,5,0,17,1,8,0,19,0,1,0,0,0,0,0,3,1,1,0,2,0,1,0,3
2/8/2016,0,1,0,0,0,4,0,12,1,4,0,6,0,1,0,1,0,1,0,2,0,3,0,4,0,1,0,0
3/8/2016,0,1,0,1,0,3,0,10,0,8,0,10,0,2,0,0,0,2,0,3,1,4,0,2,0,1,0,1
4/8/2016,0,1,0,2,0,4,0,7,0,11,0,8,0,1,0,1,0,1,0,1,0,2,0,3,0,0,0,3
5/8/2016,0,1,0,0,0,0,0,11,0,9,0,17,0,1,0,4,0,0,0,2,1,1,0,3,1,0,0,2
6/8/2016,0,2,0,1,0,3,0,7,1,5,0,12,0,1,0,4,0,1,0,0,0,1,0,2,0,1,0,3
7/8/2016,0,0,0,2,0,6,0,4,0,9,0,5,0,4,0,1,0,2,0,2,0,0,0,3,0,0,0,0
8/8/2016,0,0,0,2,0,6,0,10,1,5,0,8,0,0,0,0,0,0,0,4,0,1,0,2,0,0,0,2
9/8/2016,0,0,0,1,0,7,0,10,1,6,0,7,0,1,0,3,0,1,0,1,0,0,0,3,0,1,0,1
10/8/2016,0,0,0,0,0,10,0,17,0,6,0,8,0,0,0,2,0,0,0,3,1,1,0,3,0,1,0,2
11/8/2016,0,0,0,1,0,7,0,2,0,8,0,8,0,0,0,0,0,0,0,1,0,2,0,1,0,2,0,0
12/8/2016,0,1,0,1,1,4,0,12,1,4,0,9,0,1,0,1,0,1,0,3,0,0,0,2,0,0,0,1
13/8/2016,0,2,0,5,1,6,0,7,0,2,0,8,0,3,0,3,0,0,0,1,1,2,0,0,0,1,0,1
14/8/2016,0,1,0,2,0,7,0,10,0,9,0,5,0,1,0,2,1,1,0,3,0,1,0,2,0,1,0,2
15/8/2016,0,1,0,0,0,8,0,10,0,3,0,12,0,0,0,1,0,0,0,4,0,2,0,4,0,0,0,3
16/8/2016,0,1,0,2,0,11,0,10,0,6,0,8,0,0,0,0,0,1,0,1,0,1,0,0,0,1,0,3
17/8/2016,0,0,0,3,0,4,0,14,0,7,0,12,0,1,0,0,0,1,0,1,0,0,0,5,0,1,0,2
18/8/2016,0,2,0,1,0,5,0,11,0,6,0,8,0,1,0,1,0,0,0,2,1,2,0,2,2,0,0,2
19/8/2016,0,1,0,2,0,10,0,12,0,7,0,6,1,0,0,0,0,2,0,3,0,2,0,1,0,0,0,2
20/8/2016,0,0,0,2,0,8,0,5,0,2,0,9,0,0,0,1,0,0,0,1,0,0,0,1,0,0,0,0
21/8/2016,0,2,0,4,0,3,0,10,0,6,0,14,0,0,0,1,0,0,0,1,1,2,0,0,1,1,0,0
22/8/2016,1,0,0,1,0,4,0,8,0,4,0,13,0,1,0,2,0,0,0,2,0,1,0,3,0,1,0,2
23/8/2016,0,0,0,2,0,4,0,9,0,4,0,14,0,0,0,2,0,0,0,1,0,1,0,3,0,1,0,1
24/8/2016,0,0,0,1,0,10,0,9,1,10,0,9,1,1,0,1,0,2,0,1,0,2,0,1,0,2,0,2
25/8/2016,0,3,0,2,0,3,0,5,0,10,0,20,1,0,0,2,0,2,0,1,0,0,0,2,0,1,0,0
26/8/2016,0,1,0,4,2,7,0,10,2,7,0,9,0,0,0,3,1,1,0,0,0,2,0,4,0,0,0,1
27/8/2016,0,1,0,2,0,6,0,9,0,8,0,10,0,1,0,0,0,0,0,2,0,2,0,5,0,0,0,3
28/8/2016,0,0,0,4,0,1,0,4,0,7,0,8,0,1,0,1,0,1,0,3,0,3,0,2,0,3,0,3
29/8/2016,0,1,0,1,0,9,0,8,0,6,0,9,0,2,0,0,0,0,0,2,0,0,0,4,0,1,0,3
30/8/2016,0,1,0,1,0,2,0,11,0,5,0,8,0,0,0,0,0,0,0,0,1,1,0,1,0,0,0,2
31/8/2016,0,1,0,0,0,9,0,12,0,11,0,7,0,2,0,0,0,0,0,0,0,2,0,2,0,1,0,1
1/9/2016,0,2,0,2,0,10,0,9,0,5,0,12,0,0,0,0,0,1,0,0,0,0,0,6,0,1,0,1
2/9/2016,0,0,0,0,0,4,0,6,0,6,0,8,0,1,0,1,0,1,0,2,0,2,0,4,0,2,0,0
3/9/2016,0,1,0,3,1,2,0,11,0,3,0,10,0,1,0,1,0,0,0,3,0,3,0,1,0,1,0,0
4/9/2016,0,0,0,0,0,5,0,6,0,8,0,6,0,2,0,1,0,1,0,2,0,1,0,2,0,0,0,1
5/9/2016,0,0,0,2,1,3,0,17,0,4,0,6,0,1,0,3,1,0,0,0,0,3,0,2,0,1,0,2
6/9/2016,0,0,0,2,0,4,0,14,0,2,0,7,0,0,0,0,0,0,0,1,1,1,0,5,0,0,0,1
7/9/2016,0,1,0,1,1,5,0,16,1,7,0,10,0,1,0,2,0,2,0,0,0,1,0,3,0,1,0,1
8/9/2016,0,1,0,0,0,8,0,10,0,12,0,12,0,0,0,2,0,1,0,5,0,1,0,3,0,1,0,2
9/9/2016,2,0,0,3,0,8,0,13,0,12,0,10,0,0,0,2,0,1,0,0,0,2,0,1,0,0,0,4
10/9/2016,0,1,0,2,0,7,0,11,0,2,0,8,0,2,0,1,0,0,0,1,0,0,0,0,0,2,0,1
11/9/2016,0,2,0,1,0,5,0,7,0,4,0,6,0,2,0,2,0,2,0,2,0,3,0,1,1,1,0,0
12/9/2016,0,1,0,2,0,8,0,12,0,9,0,9,0,1,0,1,0,0,0,2,0,1,0,1,0,1,0,0
13/9/2016,0,0,0,0,0,2,0,5,0,6,0,7,0,0,0,0,0,0,0,3,0,1,0,1,0,1,0,1
14/9/2016,0,1,0,1,0,2,0,11,1,5,0,15,0,1,0,1,0,1,0,2,1,1,0,2,0,0,0,2
15/9/2016,0,1,0,0,0,7,0,9,1,7,0,11,0,0,0,3,0,1,0,0,0,3,0,0,0,0,0,0
16/9/2016,0,2,0,0,0,6,0,5,1,5,0,6,0,0,0,3,0,0,0,0,0,0,0,0,0,0,0,2
17/9/2016,0,0,0,2,1,5,0,12,0,9,0,4,0,1,0,3,0,1,0,0,0,0,0,0,0,1,0,1
18/9/2016,0,2,0,4,1,6,0,10,0,4,0,4,0,2,0,5,0,1,0,2,0,2,0,2,0,0,0,1
19/9/2016,0,0,0,0,0,6,0,9,0,7,0,11,0,0,0,1,0,2,0,0,0,2,0,3,1,0,0,1
20/9/2016,0,0,0,0,1,8,0,13,0,5,0,11,0,0,0,1,0,0,0,0,0,1,0,0,0,0,0,0
21/9/2016,0,0,0,2,0,4,0,10,0,5,0,9,0,0,0,0,0,1,0,3,0,1,0,1,0,0,0,0
22/9/2016,0,0,0,2,0,2,0,6,0,4,0,8,0,1,0,0,0,0,0,1,0,3,0,3,0,0,0,2
23/9/2016,0,1,0,2,0,3,0,8,0,10,0,10,1,1,0,3,1,3,0,0,0,2,0,3,0,2,0,1
24/9/2016,0,1,0,3,0,8,0,8,0,4,0,8,1,5,0,2,0,3,0,2,0,1,0,1,0,0,0,0
25/9/2016,0,2,0,0,0,5,0,7,0,5,0,4,1,2,0,1,0,0,0,0,0,0,0,1,0,0,0,1
26/9/2016,0,0,0,1,1,10,0,11,2,12,0,6,0,1,0,2,0,1,0,0,0,0,0,0,0,1,0,1
27/9/2016,0,2,0,2,1,4,0,6,0,4,0,10,0,1,0,3,0,0,0,1,0,1,0,1,0,0,0,1
28/9/2016,0,1,0,2,0,4,0,10,0,17,0,10,1,0,0,0,0,0,0,3,0,0,0,4,0,1,0,2
29/9/2016,0,0,0,2,0,3,0,9,0,3,0,15,0,1,0,2,0,0,0,2,0,0,0,1,0,2,0,2
30/9/2016,0,1,0,1,0,3,0,9,0,3,0,3,0,1,0,3,0,0,0,4,0,1,0,2,0,1,0,3
1/10/2016,0,3,0,1,0,4,0,4,0,2,0,4,0,0,0,0,0,1,0,1,0,1,0,2,0,1,0,0
2/10/2016,0,2,0,3,0,10,0,7,0,6,0,6,0,0,0,1,0,2,0,2,0,3,0,1,0,0,0,0
3/10/2016,0,3,0,3,0,5,0,10,0,5,0,12,0,0,0,1,0,1,0,1,0,0,0,1,0,0,0,3
4/10/2016,0,0,0,1,0,5,0,4,0,9,0,9,1,0,0,1,0,0,0,4,0,2,0,2,0,1,0,2
5/10/2016,0,0,0,5,0,4,0,8,0,12,0,8,0,1,0,1,0,1,0,0,0,3,0,2,0,1,0,1
6/10/2016,0,1,0,0,0,7,0,8,1,6,0,9,1,0,0,0,0,2,0,1,0,1,0,2,0,2,0,0
7/10/2016,0,1,0,2,0,9,0,6,1,7,0,14,0,0,0,1,0,2,0,1,0,2,0,2,0,0,0,2
8/10/2016,0,3,0,3,0,7,0,16,0,7,0,12,0,0,0,3,0,1,0,0,0,2,0,2,2,5,0,2
9/10/2016,0,1,0,2,0,3,0,2,0,6,0,5,0,2,0,2,0,1,0,3,0,2,0,2,0,0,0,1
10/10/2016,0,1,0,2,0,9,0,12,0,4,0,14,1,1,0,1,0,0,0,2,0,0,0,1,0,1,0,1
11/10/2016,0,1,0,0,0,9,0,8,2,6,0,13,0,0,0,1,0,1,0,0,0,1,0,2,0,0,0,2
12/10/2016,0,1,0,0,0,8,0,15,0,8,0,13,0,0,0,0,0,0,0,1,0,2,0,0,0,0,0,0
13/10/2016,0,0,0,1,0,13,0,9,1,9,0,13,1,2,0,0,0,1,0,1,0,2,0,4,0,1,0,2
14/10/2016,0,0,0,4,0,3,0,14,0,3,0,16,0,2,0,1,1,3,0,2,0,2,0,2,0,0,0,2
15/10/2016,0,1,0,2,0,8,0,13,0,3,0,4,0,3,0,4,0,1,0,0,0,2,0,0,0,1,0,1
16/10/2016,0,0,0,5,0,4,0,5,0,5,0,7,0,1,0,2,0,1,0,0,0,3,0,1,0,0,0,3
17/10/2016,0,0,0,1,0,11,0,8,0,7,0,8,0,2,0,0,0,3,0,1,0,1,0,1,0,2,0,2
18/10/2016,0,0,0,5,0,1,0,9,0,4,0,10,0,2,0,1,0,0,0,1,0,2,0,0,0,0,0,2
19/10/2016,0,2,0,0,0,4,0,14,0,7,0,13,0,2,0,2,0,0,0,1,0,0,0,0,1,2,0,1
20/10/2016,0,3,0,0,1,9,0,8,0,10,0,10,0,1,0,0,0,1,0,0,1,1,0,1,1,2,0,1
21/10/2016,0,1,0,0,1,5,0,13,0,12,0,5,0,1,0,4,0,3,0,1,0,0,0,1,0,0,0,0
22/10/2016,0,1,0,3,1,5,0,9,0,9,0,9,0,0,0,2,0,1,0,0,0,1,0,2,0,0,0,2
23/10/2016,0,0,0,2,0,5,0,4,0,4,0,3,0,2,0,1,0,2,0,2,0,2,0,0,1,2,0,4
24/10/2016,0,1,0,4,1,6,0,6,1,4,0,10,0,2,0,2,0,1,0,3,0,0,0,3,0,3,0,2
25/10/2016,1,0,0,1,0,9,0,9,0,8,0,7,0,1,0,1,0,0,0,0,0,4,0,3,1,0,0,0
26/10/2016,0,0,0,0,0,4,0,7,0,5,0,7,0,0,0,2,0,1,0,0,0,0,0,1,0,0,0,1
27/10/2016,0,0,0,0,0,6,0,5,0,10,0,6,0,0,0,1,0,1,0,2,0,1,0,1,0,2,0,0
28/10/2016,0,0,0,3,0,8,0,10,0,9,0,14,0,2,0,2,0,0,0,3,0,2,0,2,0,2,0,1
29/10/2016,0,2,0,1,1,3,0,6,0,3,0,9,0,2,0,2,0,2,0,4,0,2,0,4,0,0,0,1
30/10/2016,0,2,0,5,0,5,0,3,0,6,0,11,0,1,0,4,0,0,0,3,0,3,0,2,1,0,0,3
31/10/2016,1,3,0,2,0,2,0,10,0,4,0,6,0,0,0,2,0,2,0,3,1,0,0,2,0,3,0,4
1/11/2016,0,3,0,2,0,2,0,6,0,8,0,4,0,1,0,1,0,1,0,1,0,0,0,3,0,1,0,0
2/11/2016,0,1,0,0,0,7,0,10,0,7,0,6,0,1,0,2,0,1,0,1,0,1,0,1,0,0,0,2
3/11/2016,0,1,0,0,0,5,0,10,0,6,0,9,0,0,0,2,0,1,0,4,0,1,0,0,0,1,0,0
4/11/2016,0,2,0,1,0,9,0,11,0,4,0,9,0,1,0,1,0,0,0,2,0,2,0,0,0,0,0,1
5/11/2016,0,0,0,3,0,2,0,8,2,12,0,9,0,0,0,3,0,2,0,1,0,0,0,1,0,1,0,1
6/11/2016,0,3,0,1,0,3,0,11,0,5,0,6,0,2,0,1,0,1,0,5,0,0,0,3,0,2,0,0
7/11/2016,0,0,0,0,0,4,0,7,0,3,0,11,0,0,0,4,0,0,0,4,0,2,0,6,0,3,0,2
8/11/2016,0,2,0,2,0,13,0,12,0,7,0,13,0,0,0,2,0,0,0,1,0,1,0,0,0,0,0,4
9/11/2016,0,0,0,1,0,7,0,9,1,10,0,6,0,1,0,1,1,0,0,0,0,1,0,0,2,1,0,3
10/11/2016,0,1,0,3,0,6,0,11,0,10,0,8,0,2,0,3,0,1,0,1,0,0,0,1,0,0,0,1
11/11/2016,0,0,0,0,0,5,0,20,0,8,0,10,0,3,0,2,0,1,0,1,0,3,0,0,0,0,0,2
12/11/2016,1,4,0,3,0,6,0,3,0,8,0,3,0,3,0,8,0,0,0,0,0,1,0,0,0,2,0,1
13/11/2016,0,0,0,2,0,7,0,8,1,8,0,8,0,2,0,4,0,3,0,1,0,0,0,0,0,1,0,1
14/11/2016,0,1,0,1,0,4,0,9,0,5,0,4,0,0,0,1,0,0,0,2,0,0,0,1,0,0,0,3
15/11/2016,0,0,0,2,0,3,0,11,1,7,0,11,0,0,0,1,0,0,0,1,0,2,0,1,0,1,0,2
16/11/2016,0,1,0,1,0,9,0,11,0,13,0,13,0,1,0,2,0,1,0,0,1,4,0,4,1,0,0,2
17/11/2016,0,0,0,2,0,7,0,11,1,7,0,14,0,1,0,2,0,0,0,3,0,1,0,4,0,2,0,2
18/11/2016,0,0,0,1,0,5,0,8,1,8,0,8,0,2,0,0,0,0,0,1,1,2,0,1,0,1,0,0
19/11/2016,0,1,0,3,0,4,0,9,0,13,0,6,0,1,0,2,0,2,0,5,0,2,0,2,0,1,0,2
20/11/2016,1,2,0,3,0,13,0,9,0,5,0,11,0,1,0,1,0,1,0,2,0,1,0,0,0,3,0,8
21/11/2016,0,1,0,3,1,7,0,9,1,8,0,13,0,1,0,9,0,1,0,1,0,1,0,2,0,1,0,1
22/11/2016,1,1,0,2,1,7,0,16,2,5,0,21,0,0,0,2,0,0,0,3,0,2,0,0,1,0,0,0
23/11/2016,0,0,0,1,1,8,0,14,0,7,0,9,0,0,0,1,0,2,0,1,0,2,0,0,0,2,0,0
24/11/2016,0,0,0,0,0,4,0,9,0,6,0,14,0,1,0,0,0,0,0,2,0,2,0,0,0,1,0,1
25/11/2016,0,0,0,2,0,4,0,11,0,8,0,15,0,1,0,2,0,2,0,2,0,1,0,1,0,1,0,0
26/11/2016,0,2,0,4,0,6,0,5,1,8,0,11,0,3,0,1,0,2,0,6,0,3,0,1,0,1,0,0
27/11/2016,0,2,0,0,0,3,0,6,1,2,0,5,0,3,0,1,0,2,0,1,0,1,0,2,0,1,0,2
28/11/2016,0,0,0,2,1,4,0,14,0,6,0,9,0,1,0,0,0,0,0,1,1,2,0,1,0,0,0,1
29/11/2016,0,0,0,2,0,6,0,15,0,10,0,10,0,1,0,0,0,1,0,3,0,2,0,2,0,1,0,0
30/11/2016,0,1,0,2,0,3,0,2,2,6,0,5,0,0,0,1,0,2,0,2,0,3,0,0,0,0,0,0
1/12/2016,0,1,0,1,0,2,0,6,0,5,0,9,1,2,0,0,0,3,0,1,0,3,0,1,0,2,0,1
2/12/2016,1,2,0,0,0,6,0,10,1,6,0,10,0,0,0,2,0,4,0,1,0,2,0,1,0,0,0,1
3/12/2016,0,2,0,0,2,8,0,4,0,7,0,13,0,2,0,3,0,3,0,1,0,0,0,2,0,0,0,1
4/12/2016,0,2,0,4,0,4,0,10,0,12,0,6,0,3,0,0,0,0,0,0,0,2,0,3,0,1,0,1
5/12/2016,0,0,0,2,0,6,0,6,0,6,0,11,1,0,0,0,0,2,0,1,0,0,0,4,0,2,0,0
6/12/2016,0,2,0,0,0,4,0,12,0,6,0,10,0,1,0,0,0,1,0,3,0,3,0,2,0,1,0,2
7/12/2016,0,0,0,2,0,2,0,8,0,7,0,9,0,0,0,2,0,2,0,0,0,1,0,0,0,0,0,3
8/12/2016,0,1,0,3,0,7,0,10,0,5,0,7,0,2,0,2,0,2,0,0,0,4,0,2,0,0,0,2
9/12/2016,0,0,0,3,1,4,0,7,0,7,0,11,0,2,0,0,0,1,0,0,0,0,0,1,0,0,0,0
10/12/2016,0,1,0,3,1,8,0,10,0,1,0,5,0,4,0,0,0,1,0,1,0,5,0,2,0,2,0,4
11/12/2016,0,4,0,3,1,10,0,8,0,8,0,10,1,0,0,2,0,1,0,3,0,2,0,2,0,3,0,1
12/12/2016,0,0,0,2,0,8,0,11,0,4,0,6,1,4,0,0,0,0,0,2,0,1,0,0,0,1,0,1
13/12/2016,0,1,0,0,0,5,0,15,0,5,0,4,0,1,0,3,0,0,0,4,0,1,0,1,0,0,0,5
14/12/2016,0,0,0,1,0,10,0,11,0,6,0,7,0,1,0,0,0,3,0,1,0,0,0,1,1,1,0,1
15/12/2016,0,1,0,0,0,13,0,9,0,5,0,8,0,1,0,0,0,2,0,0,0,2,0,1,0,2,0,2
16/12/2016,0,1,0,2,0,10,0,7,1,4,0,12,1,2,0,0,1,0,0,2,0,4,0,0,0,1,0,2
17/12/2016,1,0,0,2,0,4,0,4,0,9,0,5,0,1,0,0,0,1,0,2,0,7,0,2,0,1,0,0
18/12/2016,0,1,0,1,1,1,0,8,0,6,0,4,0,1,0,0,0,1,0,3,0,2,0,3,0,0,0,1
19/12/2016,0,2,0,5,0,3,0,7,0,5,0,13,0,1,0,1,0,1,0,2,0,3,0,1,0,1,0,1
20/12/2016,0,0,0,0,0,7,0,9,0,8,0,10,0,2,0,2,0,0,0,3,0,0,0,0,0,0,0,1
21/12/2016,0,0,0,1,0,4,0,4,0,7,0,10,0,0,0,4,0,1,0,1,0,1,0,3,0,0,0,2
22/12/2016,0,1,0,0,0,9,0,14,0,8,0,8,0,0,0,2,0,1,0,1,0,2,0,4,0,0,0,1
23/12/2016,0,1,0,2,0,6,0,6,0,5,0,8,0,2,0,1,0,0,0,0,0,1,0,2,0,0,0,2
24/12/2016,0,1,0,1,0,2,0,14,0,3,0,5,0,2,0,2,0,0,0,2,0,0,0,1,0,0,0,2
25/12/2016,0,0,0,3,0,4,0,1,0,7,0,4,0,0,0,1,0,1,0,1,0,2,0,1,1,0,0,2
26/12/2016,0,1,0,1,0,7,0,6,0,6,0,9,0,0,0,2,0,0,0,1,1,2,0,0,0,0,0,2
27/12/2016,0,1,0,1,0,4,0,5,1,9,0,6,0,4,0,2,1,3,0,2,1,5,0,5,0,1,0,3
28/12/2016,0,1,0,5,0,3,0,5,0,3,0,5,0,0,0,0,1,0,0,0,1,4,0,0,0,1,0,1
29/12/2016,0,1,0,0,0,5,0,5,1,3,0,10,0,0,0,1,0,0,0,1,0,4,0,1,0,0,0,4
30/12/2016,0,1,0,3,0,3,0,2,0,4,0,10,1,3,0,3,0,1,0,4,0,2,0,1,0,0,0,1
31/12/2016,0,0,0,0,0,2,0,6,0,4,0,2,0,2,0,2,0,1,0,1,0,0,0,1,0,3,0,2
1/1/2017,0,0,0,2,0,1,0,2,0,2,0,4,0,2,0,2,0,2,0,1,0,1,0,1,0,0,0,0
2/1/2017,1,0,0,2,0,2,0,5,0,1,0,4,0,2,0,4,0,0,0,1,0,1,0,1,0,0,0,0
3/1/2017,0,3,0,2,0,4,0,4,0,3,0,7,1,1,0,2,0,0,0,2,0,1,0,2,0,3,0,1
4/1/2017,0,0,0,2,1,6,0,7,0,9,0,5,0,0,0,1,0,1,0,1,0,2,0,3,0,0,0,3
5/1/2017,1,1,0,0,0,2,0,3,0,0,0,7,1,1,0,1,0,1,0,0,0,1,0,3,0,1,0,1
6/1/2017,0,1,0,3,0,9,0,3,0,6,0,1,0,2,0,0,0,0,0,0,1,2,0,4,0,1,0,1
7/1/2017,0,0,0,1,0,5,0,4,0,3,0,2,1,0,0,0,0,1,0,0,0,1,0,0,0,0,0,1
8/1/2017,0,2,0,1,1,2,0,8,0,3,0,7,0,2,0,0,0,1,0,0,0,3,0,4,0,0,0,1
9/1/2017,0,0,0,1,0,6,0,9,1,5,0,6,0,0,0,2,0,0,0,1,0,2,0,1,0,0,0,1
10/1/2017,0,0,0,2,0,3,0,7,0,3,0,9,0,1,0,2,0,3,0,3,0,0,0,2,0,0,0,0
11/1/2017,0,1,0,2,0,9,0,7,0,5,0,12,0,1,0,1,1,1,0,0,1,1,0,2,0,0,0,0
12/1/2017,0,3,0,1,0,2,0,3,1,6,0,7,0,0,0,0,0,1,0,1,0,2,0,2,0,1,0,1
13/1/2017,0,0,0,2,0,5,0,11,0,6,0,15,0,0,0,1,1,0,0,2,0,1,0,3,0,0,0,1
14/1/2017,0,0,0,2,0,3,0,4,1,9,0,3,0,2,0,0,0,2,0,1,0,4,0,1,0,1,0,0
15/1/2017,0,2,0,2,0,8,0,4,0,5,0,6,0,2,0,3,1,4,0,3,0,1,0,1,0,0,0,2
16/1/2017,0,0,0,0,0,2,0,4,0,7,0,6,1,0,0,0,0,0,0,2,0,1,0,1,0,0,0,0
17/1/2017,2,2,0,0,0,5,0,14,0,7,0,6,0,0,0,2,0,1,0,0,1,1,0,1,1,0,0,1
18/1/2017,0,1,0,0,0,5,0,9,0,8,0,5,0,0,0,2,0,1,0,2,0,1,0,0,0,1,0,0
19/1/2017,0,0,0,1,0,6,0,13,0,4,0,9,0,1,0,2,0,0,0,1,0,1,0,4,0,0,0,1
20/1/2017,0,1,0,1,0,4,0,5,0,6,0,10,0,0,0,2,0,4,0,1,0,1,0,0,0,1,0,0
21/1/2017,0,1,0,3,0,0,0,4,1,4,0,1,0,0,0,3,0,1,0,1,0,1,0,2,0,0,0,0
22/1/2017,1,2,0,1,0,4,0,5,0,9,0,8,0,0,0,0,0,3,0,0,0,3,0,0,0,1,0,2
23/1/2017,0,2,0,3,0,5,0,5,0,6,0,3,0,1,0,2,0,1,0,0,0,2,0,0,0,3,0,1
24/1/2017,0,0,0,1,1,3,0,8,0,4,0,8,0,2,0,1,0,0,0,1,0,1,0,1,0,1,0,0
25/1/2017,0,1,0,2,0,8,0,9,0,8,0,5,1,1,0,4,0,1,0,1,0,0,0,1,0,0,0,1
26/1/2017,0,2,0,1,0,2,0,4,0,3,0,7,0,0,0,2,0,0,0,3,0,2,0,5,0,1,0,2
27/1/2017,0,0,0,1,0,3,0,7,0,6,0,5,0,2,0,6,0,1,0,2,1,2,0,2,0,0,0,1
28/1/2017,0,1,0,0,0,5,0,7,0,6,0,11,0,1,0,1,0,0,0,2,0,3,0,0,0,1,0,1
29/1/2017,0,1,0,0,0,4,0,4,0,5,0,8,0,0,0,2,1,2,0,1,0,2,0,1,0,0,0,3
30/1/2017,0,1,0,1,0,3,0,6,0,6,0,6,0,1,0,1,0,1,0,0,0,2,0,5,0,0,0,1
31/1/2017,0,0,0,0,0,5,0,9,0,6,0,8,0,1,0,0,0,1,0,1,1,1,0,3,0,3,0,0
1/2/2017,0,2,0,1,0,2,0,10,0,5,0,5,0,0,0,0,0,0,0,0,0,1,0,3,0,1,0,0
2/2/2017,0,0,0,0,0,2,0,9,0,11,0,10,0,0,0,1,0,0,0,1,1,1,0,1,0,0,0,0
3/2/2017,0,0,0,0,0,6,0,11,0,5,0,12,0,1,0,1,1,0,0,2,0,3,0,2,0,0,0,2
4/2/2017,0,0,0,1,0,8,0,7,0,6,0,8,0,0,0,3,0,0,0,0,0,0,0,3,0,1,0,2
5/2/2017,0,1,0,1,0,2,0,13,0,7,0,6,0,3,0,1,0,3,0,0,0,4,0,1,0,0,0,2
6/2/2017,0,1,0,0,0,10,0,8,0,3,0,11,0,0,0,3,0,0,0,1,0,0,0,3,0,2,0,0
7/2/2017,1,0,0,0,0,4,0,17,0,4,0,14,0,0,0,2,0,2,0,0,0,1,0,1,0,0,0,1
8/2/2017,0,0,0,2,0,5,0,11,0,6,0,8,1,2,0,1,0,1,0,2,0,5,0,2,0,2,0,0
9/2/2017,0,0,0,1,0,5,0,7,0,7,0,10,0,0,0,1,1,0,0,2,0,0,0,0,0,1,0,1
10/2/2017,0,1,0,1,0,7,0,12,1,5,0,8,0,1,0,2,0,3,0,1,0,5,0,1,0,1,0,1
11/2/2017,0,0,0,0,0,4,0,7,0,8,0,9,0,1,0,1,0,3,0,1,0,2,0,1,0,2,0,3
12/2/2017,0,1,0,1,0,2,0,4,0,8,0,5,0,1,0,3,0,2,0,0,0,2,0,2,0,1,0,1
13/2/2017,0,2,0,4,0,2,0,11,1,7,0,12,0,2,0,0,0,1,0,0,0,1,0,1,0,0,0,2
14/2/2017,0,0,0,0,0,6,0,10,0,5,0,9,0,1,0,1,0,0,0,1,0,4,0,1,0,1,0,3
15/2/2017,0,1,0,1,1,2,0,11,0,6,0,12,0,2,0,0,0,2,0,0,0,2,0,1,0,0,0,4
16/2/2017,0,0,0,1,0,7,0,14,1,7,0,10,0,0,0,1,0,1,0,1,0,0,0,1,0,1,0,1
17/2/2017,0,3,0,1,0,4,0,9,1,8,0,7,1,1,0,2,0,0,0,4,0,1,0,0,0,0,0,1
18/2/2017,0,1,0,2,0,3,0,4,0,6,0,10,0,2,0,1,0,4,0,1,0,0,0,1,1,0,0,2
19/2/2017,0,3,0,1,0,3,0,7,0,9,0,7,0,1,0,1,0,2,0,1,0,7,0,4,0,1,0,1
20/2/2017,0,0,0,1,0,5,0,8,2,8,0,13,0,1,0,2,0,0,0,0,0,2,0,1,0,0,0,1
21/2/2017,0,0,0,2,0,6,0,10,0,2,0,10,0,1,0,1,0,1,0,1,0,2,0,2,0,0,0,0
22/2/2017,0,1,0,1,0,5,0,12,0,5,0,8,1,3,0,1,0,2,0,2,0,1,0,2,0,0,0,2
23/2/2017,1,1,0,2,0,3,0,15,0,9,0,11,0,0,0,1,0,3,0,2,0,1,0,3,0,0,0,0
24/2/2017,0,2,0,1,0,4,0,17,0,4,0,9,0,0,0,1,0,0,0,0,0,0,0,1,1,2,0,2
25/2/2017,0,1,0,1,0,8,0,8,0,7,0,5,0,0,0,3,0,0,0,1,0,4,0,0,0,1,0,0
26/2/2017,0,2,0,0,0,7,0,4,0,4,0,10,0,2,0,2,0,0,0,3,0,2,0,1,1,0,0,0
27/2/2017,0,1,0,1,0,7,0,11,0,8,0,14,1,1,0,3,1,0,0,1,0,6,0,3,0,0,0,3
28/2/2017,0,0,0,0,0,6,0,13,0,9,0,10,0,1,0,0,0,0,0,2,0,3,0,2,1,2,0,1
1/3/2017,0,0,0,0,0,11,0,7,0,13,0,12,0,1,0,0,0,0,0,2,0,1,0,2,0,0,0,2
2/3/2017,0,2,0,3,0,3,0,13,0,7,0,13,0,1,0,0,0,0,0,0,0,3,0,2,0,1,0,3
3/3/2017,0,1,0,1,1,7,0,8,0,4,0,9,0,0,0,0,0,0,0,1,0,3,0,3,0,2,0,2
4/3/2017,0,2,0,5,1,7,0,5,0,9,0,9,0,1,0,3,0,0,0,3,0,5,0,2,0,1,0,0
5/3/2017,0,0,0,2,0,5,0,3,0,7,0,11,0,2,0,2,0,2,0,1,0,5,0,3,0,3,0,1
6/3/2017,0,3,0,2,0,5,0,18,0,7,0,11,0,1,0,1,0,0,0,1,0,1,0,0,0,0,0,2
7/3/2017,0,0,0,0,0,4,0,8,0,8,0,6,0,2,0,3,0,2,0,1,1,0,0,2,1,0,0,1
8/3/2017,0,0,0,0,0,3,0,9,0,6,0,14,0,1,0,0,0,1,0,4,0,1,0,3,0,1,0,1
9/3/2017,0,0,0,0,0,9,0,16,0,7,0,9,0,2,0,1,0,0,0,1,0,1,0,2,0,1,0,1
10/3/2017,0,0,0,0,1,6,0,10,0,7,0,14,0,1,0,1,0,1,0,1,0,1,0,2,0,1,0,1
11/3/2017,1,2,0,0,0,4,0,4,0,4,0,4,0,5,0,2,0,1,0,0,0,0,0,2,0,1,0,2
12/3/2017,0,0,0,1,0,4,0,12,0,3,0,6,0,1,0,1,0,2,0,0,0,3,0,0,1,1,0,1
13/3/2017,0,3,0,2,1,11,0,6,0,5,0,8,0,0,0,0,0,0,0,1,0,1,0,1,0,0,0,1
14/3/2017,0,1,0,0,1,4,0,13,0,9,0,12,0,2,0,2,0,2,0,0,0,4,0,1,0,0,0,3
15/3/2017,0,0,0,1,0,9,0,8,0,8,0,9,0,0,0,1,0,2,0,0,0,1,0,0,0,0,0,1
16/3/2017,0,2,0,5,1,8,0,13,0,4,0,7,0,1,0,1,0,2,0,0,0,3,0,2,0,0,0,0
17/3/2017,0,0,0,3,1,10,0,7,0,7,0,11,0,1,0,2,0,1,0,0,0,2,0,2,0,2,0,1
18/3/2017,0,0,0,3,0,15,0,5,1,4,0,11,0,2,0,0,0,0,0,1,0,1,0,0,0,1,0,0
19/3/2017,0,0,0,1,0,6,0,3,0,5,0,5,0,3,0,1,0,2,0,0,1,3,0,0,0,1,0,1
20/3/2017,0,2,0,1,0,7,0,13,0,4,0,9,0,1,0,1,0,3,0,0,0,2,0,1,0,2,0,2
21/3/2017,0,0,0,2,1,6,0,12,0,6,0,15,1,0,0,0,0,2,0,2,0,1,0,3,0,1,0,1
22/3/2017,0,2,0,2,0,6,0,11,0,5,0,8,0,1,0,1,0,0,0,2,0,0,0,2,0,0,0,3
23/3/2017,0,1,0,0,0,7,0,7,0,6,0,10,0,1,0,0,0,1,0,0,0,5,0,3,0,0,0,0
24/3/2017,0,2,0,2,0,8,0,11,1,8,0,4,1,1,0,1,0,1,0,0,1,1,0,0,1,1,0,1
25/3/2017,1,2,0,2,0,3,0,8,0,4,0,5,0,0,0,2,0,0,0,0,0,1,0,0,1,0,0,0
26/3/2017,0,1,0,3,0,3,0,5,0,3,0,7,0,4,0,1,0,0,0,2,0,2,0,0,0,2,0,2
27/3/2017,0,3,0,2,1,2,0,9,0,7,0,12,0,1,0,1,0,2,0,2,0,0,0,3,0,0,0,2
28/3/2017,0,0,0,1,0,8,0,19,0,4,0,6,0,0,0,1,0,0,0,0,1,4,0,1,0,0,0,2
29/3/2017,0,2,0,0,0,7,0,11,0,6,0,8,0,0,0,2,0,0,0,2,0,0,0,0,0,1,0,3
30/3/2017,0,2,0,0,0,8,0,11,0,4,0,4,0,1,0,2,1,0,0,0,1,0,0,2,0,2,0,0
31/3/2017,0,0,0,3,0,7,0,9,0,5,0,9,0,1,0,1,0,0,0,1,0,3,0,0,0,1,0,1
1/4/2017,0,4,0,1,0,6,0,5,0,7,0,7,0,2,0,0,0,1,0,1,0,4,0,3,0,1,0,1
2/4/2017,0,0,0,1,0,6,0,5,0,3,0,3,0,2,0,2,0,3,0,1,0,1,0,0,0,0,0,0
3/4/2017,0,1,0,2,0,12,0,9,0,4,0,7,0,0,0,1,1,0,0,2,0,2,0,3,0,2,0,2
4/4/2017,0,1,0,2,0,4,0,13,0,8,0,9,0,1,0,1,0,0,0,0,1,0,0,0,0,0,0,1
5/4/2017,0,0,0,2,0,4,0,10,0,5,0,7,0,1,0,1,0,1,0,2,0,2,0,0,0,0,0,1
6/4/2017,0,0,0,0,0,5,0,9,0,4,0,5,0,3,0,0,0,2,0,1,1,3,0,1,0,0,0,1
7/4/2017,0,2,0,2,1,6,0,7,2,13,0,10,0,2,0,4,1,3,0,1,0,1,0,1,0,1,0,4
8/4/2017,0,0,0,0,0,11,0,6,0,9,0,6,0,0,0,2,0,0,0,0,0,1,0,4,0,2,0,2
9/4/2017,0,0,0,1,0,8,0,9,1,8,0,6,0,4,0,3,0,1,0,2,0,2,0,1,0,2,0,1
10/4/2017,0,1,0,1,0,7,0,8,0,6,0,6,0,0,0,1,0,0,0,2,2,2,0,2,0,1,0,0
11/4/2017,0,0,0,0,0,7,0,13,0,8,0,6,1,0,0,1,0,2,0,3,0,2,0,1,0,2,0,1
12/4/2017,0,3,0,1,0,4,0,7,0,7,0,6,1,0,0,0,0,0,0,1,1,3,0,0,0,1,0,1
13/4/2017,0,0,0,1,0,3,0,10,0,7,0,6,1,2,0,0,0,2,0,1,0,1,0,2,0,1,0,1
14/4/2017,0,3,0,4,0,4,0,5,1,3,0,3,0,1,0,1,0,1,0,3,0,3,0,0,0,1,0,0
15/4/2017,0,1,0,1,0,3,0,7,1,5,0,4,0,0,0,2,0,3,0,1,0,4,0,0,0,0,0,2
16/4/2017,0,0,0,0,0,5,0,3,0,4,0,4,0,1,0,3,0,2,0,0,0,2,0,0,0,0,0,1
17/4/2017,0,0,0,2,0,4,0,6,0,4,0,2,0,1,0,0,0,0,0,1,0,2,0,4,0,1,0,1
18/4/2017,1,1,0,2,2,5,0,7,0,9,0,12,1,0,0,0,0,2,0,2,0,2,0,0,0,1,0,0
19/4/2017,1,0,0,2,0,4,0,7,0,11,0,2,0,1,0,0,0,2,0,0,0,0,0,2,0,1,0,0
20/4/2017,0,0,0,0,1,6,0,9,0,4,0,11,0,0,0,1,0,1,0,4,0,4,0,0,0,0,0,0
21/4/2017,0,1,0,3,1,7,0,10,1,14,0,14,2,1,0,1,1,3,0,1,0,4,0,0,0,2,0,3
22/4/2017,0,1,0,0,0,5,0,3,0,4,0,6,0,2,0,1,0,1,0,2,0,3,0,0,0,3,0,2
23/4/2017,1,2,0,2,0,5,0,2,0,4,0,0,0,1,0,1,0,6,0,1,0,1,0,0,0,2,0,0
24/4/2017,0,1,0,0,0,4,0,13,0,9,0,3,0,2,0,1,0,1,0,2,0,1,0,3,0,0,0,2
25/4/2017,0,2,0,5,1,1,0,3,0,6,0,10,0,2,0,1,0,1,0,0,0,0,0,2,0,1,0,1
26/4/2017,0,1,0,4,0,5,0,9,0,2,0,12,0,1,0,1,0,2,0,3,0,1,0,0,0,0,0,1
27/4/2017,0,0,0,1,0,3,0,13,0,3,0,7,0,0,0,2,0,2,0,1,0,0,0,2,0,0,0,0
28/4/2017,0,0,0,1,0,0,0,8,0,3,0,4,0,1,0,2,0,0,0,3,0,1,0,3,0,0,0,3
29/4/2017,0,2,0,0,0,2,0,4,0,7,0,3,0,0,0,0,0,1,0,1,0,2,0,4,0,2,0,0
30/4/2017,0,2,0,1,0,2,0,4,1,6,0,7,0,0,0,2,0,0,0,0,0,0,0,0,0,1,0,0
1/5/2017,0,2,0,2,0,6,0,8,0,3,0,9,0,0,0,0,0,1,0,1,0,2,0,1,1,0,0,2
2/5/2017,1,1,0,1,0,4,0,17,0,6,0,8,0,1,0,0,0,1,0,1,0,1,0,1,0,1,0,1
3/5/2017,0,0,0,3,0,4,0,10,0,10,0,7,0,0,0,1,0,0,0,0,0,2,0,1,0,1,0,2
4/5/2017,0,0,0,1,1,10,0,13,0,10,0,5,0,0,0,1,0,2,0,1,0,NA,0,2,0,0,0,1
5/5/2017,0,1,0,0,0,7,0,14,1,9,0,7,0,0,0,2,0,1,0,3,0,1,0,0,0,1,0,3
6/5/2017,0,0,0,4,0,3,0,11,0,3,0,9,0,2,0,0,0,0,0,0,0,0,0,0,0,1,0,2
7/5/2017,0,1,0,0,0,0,0,5,0,12,0,5,0,6,0,2,0,1,0,0,0,2,0,2,0,0,0,2
8/5/2017,0,1,0,2,0,3,0,9,1,3,0,7,0,2,0,0,0,1,0,1,0,0,0,3,2,1,0,1
9/5/2017,0,0,0,1,0,6,0,6,0,3,0,7,0,0,0,0,0,2,0,0,0,1,0,1,0,0,0,2
10/5/2017,0,2,0,0,0,1,0,10,1,7,0,12,0,2,0,1,0,2,0,2,1,0,0,0,1,1,0,2
11/5/2017,0,1,0,1,0,4,0,6,0,5,0,8,0,3,0,0,0,0,0,0,0,2,0,1,0,1,0,0
12/5/2017,0,0,0,1,2,8,0,7,0,3,0,7,0,1,0,1,0,0,0,2,0,2,0,2,0,0,0,3
13/5/2017,0,1,0,0,0,6,0,8,0,7,0,4,0,1,0,1,0,2,0,0,0,1,0,1,0,1,0,3
14/5/2017,0,0,0,1,0,2,0,4,0,3,0,3,0,0,0,2,0,1,0,0,0,2,0,1,0,1,0,1
15/5/2017,1,0,0,1,0,8,0,4,0,4,0,13,0,0,0,0,0,1,0,2,0,2,0,0,0,1,0,2
16/5/2017,0,0,0,1,0,7,0,14,0,5,0,6,0,0,0,0,0,1,0,1,1,3,0,0,0,1,0,1
17/5/2017,1,0,0,0,0,8,0,7,0,4,0,7,0,1,0,0,0,3,0,1,0,2,0,1,0,2,0,0
18/5/2017,0,1,0,0,0,6,0,5,0,2,0,12,0,0,0,1,0,0,0,0,0,0,0,0,0,1,0,3
19/5/2017,1,2,0,3,0,2,0,13,0,1,0,11,0,0,0,1,0,1,0,1,0,0,0,1,0,1,0,1
20/5/2017,0,1,0,4,0,8,0,10,0,7,0,7,0,3,0,0,0,1,0,0,0,3,0,2,0,0,0,1
21/5/2017,0,1,0,2,0,7,0,9,0,7,0,3,0,0,0,1,0,2,0,2,0,1,0,1,0,1,0,0
22/5/2017,0,1,0,0,0,10,0,12,0,8,0,12,0,0,0,0,0,1,0,0,0,2,0,2,1,0,0,1
23/5/2017,0,1,0,1,0,3,0,7,0,3,0,6,0,1,0,0,0,0,0,1,0,1,0,1,0,0,0,1
24/5/2017,0,0,0,2,0,7,0,5,0,9,0,7,0,1,0,0,0,2,0,3,0,1,0,1,0,0,0,2
25/5/2017,0,1,0,0,1,4,0,7,0,2,0,7,0,0,0,0,0,1,0,0,0,2,0,0,0,0,0,0
26/5/2017,0,0,0,1,0,9,0,5,0,11,0,7,0,1,0,1,0,0,0,3,0,3,0,4,0,0,0,1
27/5/2017,0,1,0,1,0,6,0,3,1,6,0,10,0,2,0,0,0,1,0,0,0,1,0,0,0,2,0,1
28/5/2017,0,1,0,1,0,3,0,6,1,2,0,9,1,0,0,1,0,1,0,2,1,1,0,1,0,0,0,0
29/5/2017,0,0,0,1,0,5,0,8,0,8,0,6,0,2,0,3,0,1,0,1,0,3,0,1,0,0,0,1
30/5/2017,0,0,0,0,0,3,0,11,0,7,0,9,0,0,0,4,0,0,0,2,0,2,0,0,0,2,0,1
31/5/2017,0,0,0,2,0,4,0,10,0,3,0,12,0,0,0,0,0,2,0,1,0,1,0,3,0,1,0,0
1/6/2017,0,0,0,1,0,4,0,10,0,1,0,11,0,1,0,1,0,1,0,0,0,4,0,0,0,1,0,2
2/6/2017,0,1,0,1,0,4,0,5,0,6,0,5,0,0,0,2,0,0,0,1,0,1,0,2,0,1,0,4
3/6/2017,0,1,0,0,0,8,0,9,0,3,0,9,0,1,0,0,0,2,0,1,0,3,0,2,0,0,0,1
4/6/2017,0,0,0,1,0,4,0,4,0,8,0,7,0,2,0,1,0,0,0,1,0,2,0,1,0,1,0,1
5/6/2017,0,2,0,1,1,3,0,6,0,12,0,7,0,1,0,0,0,1,0,1,0,0,0,0,0,0,0,0
6/6/2017,0,0,0,1,1,1,0,15,0,8,0,6,0,0,0,0,0,3,0,1,0,1,0,2,0,1,0,1
7/6/2017,0,1,0,0,0,5,0,12,2,5,0,11,0,0,0,1,0,0,0,1,0,3,0,3,0,1,0,1
8/6/2017,0,0,0,1,0,2,0,15,0,6,0,7,1,0,0,1,0,0,0,0,0,1,0,4,0,0,0,2
9/6/2017,0,0,0,1,0,5,0,5,0,10,0,8,0,0,0,2,0,3,0,2,0,3,0,3,0,0,0,1
10/6/2017,0,3,0,3,0,3,0,4,0,3,0,9,0,0,0,1,0,3,0,1,0,1,0,1,0,1,0,0
11/6/2017,0,0,0,1,0,2,0,3,1,7,0,5,0,1,0,3,0,1,0,3,0,1,0,2,0,1,0,0
12/6/2017,0,1,0,2,0,1,0,1,0,5,0,4,0,1,0,3,0,3,0,0,0,3,0,1,0,1,0,2
13/6/2017,0,0,0,2,0,3,0,4,0,8,0,6,0,0,0,2,0,1,0,3,0,0,0,1,0,0,0,1
14/6/2017,0,0,0,1,0,1,0,5,0,9,0,9,1,2,0,0,0,0,0,2,0,2,0,2,0,1,0,2
15/6/2017,0,0,0,3,0,6,0,9,1,4,0,6,0,2,0,0,0,3,0,1,0,0,0,3,0,0,0,2
16/6/2017,0,0,0,1,0,5,0,6,0,9,0,10,0,0,0,1,0,1,0,1,0,2,0,2,0,0,0,2
17/6/2017,0,0,0,2,0,5,0,4,0,13,0,12,0,2,0,0,0,1,0,2,0,1,0,1,0,0,0,2
18/6/2017,2,0,0,2,0,3,0,5,0,2,0,1,0,0,0,1,0,2,0,0,0,3,0,1,0,0,0,1
19/6/2017,0,1,0,2,0,3,0,9,0,6,0,9,0,1,0,1,0,0,0,0,0,1,0,0,0,1,0,1
20/6/2017,0,1,0,2,0,3,0,11,0,8,0,12,1,0,0,1,0,2,0,1,0,1,0,4,0,2,0,1
21/6/2017,0,0,0,1,0,6,0,10,0,4,0,12,0,0,0,1,0,0,0,2,0,0,0,2,0,0,0,2
22/6/2017,0,1,0,0,0,5,0,7,1,3,0,4,0,0,0,0,0,1,0,1,0,1,0,0,0,0,0,1
23/6/2017,0,0,0,1,0,5,0,22,0,7,0,13,2,2,0,4,0,0,0,0,0,4,0,3,0,0,0,2
24/6/2017,0,0,0,0,0,4,0,7,1,3,0,8,0,0,0,0,0,0,0,3,0,4,0,1,0,0,0,1
25/6/2017,0,2,0,1,1,2,0,10,0,6,0,1,0,0,0,0,0,1,0,2,0,0,0,1,0,2,0,1
26/6/2017,0,1,0,0,0,1,0,6,0,4,0,7,0,1,0,2,0,1,0,1,0,3,0,1,0,1,0,0
27/6/2017,0,0,0,0,0,5,0,11,0,4,0,4,0,1,0,0,0,1,0,1,0,2,0,3,0,0,0,0
28/6/2017,0,0,0,0,0,6,0,10,0,9,0,6,0,1,0,1,0,0,0,0,0,0,0,3,0,1,0,1
29/6/2017,1,0,0,2,0,4,0,7,0,5,0,11,0,3,0,1,0,0,0,0,0,1,0,1,0,1,0,1
30/6/2017,0,0,0,0,1,2,0,6,0,7,0,7,0,2,0,0,0,0,0,1,0,1,0,1,0,0,0,1
1/7/2017,0,1,0,0,1,6,0,7,0,6,0,11,0,1,0,1,0,2,0,3,0,0,0,2,0,1,0,2
2/7/2017,0,3,0,0,1,2,0,5,1,3,0,7,0,1,0,1,0,0,0,1,0,4,0,0,0,3,0,0
3/7/2017,0,0,0,1,0,2,0,12,1,7,0,10,0,1,0,1,0,0,0,0,0,4,0,0,0,1,0,0
4/7/2017,0,0,0,1,0,2,0,10,0,1,0,12,0,1,0,0,0,0,0,1,0,2,0,3,0,3,0,0
5/7/2017,0,0,0,1,0,14,0,7,0,1,0,9,0,1,0,1,0,1,0,0,0,3,0,0,0,0,0,0
6/7/2017,0,1,0,1,1,8,0,6,0,5,0,9,0,0,0,2,0,3,0,0,1,2,0,1,0,0,0,2
7/7/2017,0,0,0,0,1,4,0,5,1,8,0,8,1,2,0,3,0,0,0,0,0,5,0,1,0,1,0,2
8/7/2017,0,0,0,1,0,3,0,5,0,5,0,4,0,1,0,1,0,0,0,2,0,1,0,0,0,1,0,0
9/7/2017,0,1,0,2,0,1,0,3,1,6,0,3,0,1,0,0,0,0,0,2,0,1,0,3,0,1,0,0
10/7/2017,0,0,0,0,0,3,0,4,0,4,0,6,0,0,0,1,0,0,0,0,0,0,0,0,0,0,0,2
11/7/2017,0,1,0,1,0,9,0,8,0,4,0,4,0,1,0,0,0,1,0,2,0,1,0,2,0,1,0,1
12/7/2017,0,0,0,1,0,4,0,10,0,3,0,10,0,0,0,2,0,1,0,0,0,2,0,2,0,1,0,3
13/7/2017,0,0,0,0,0,5,0,4,1,5,0,6,0,1,0,1,0,0,0,0,0,2,0,1,0,0,0,3
14/7/2017,0,0,0,3,1,5,0,8,1,5,0,9,0,0,0,0,0,1,0,2,0,1,0,0,0,3,0,2
15/7/2017,0,0,0,1,0,8,0,2,0,5,0,3,0,1,0,2,1,3,0,1,0,0,0,1,0,0,0,2
16/7/2017,1,1,0,0,0,4,0,0,0,6,0,6,0,0,0,1,0,2,0,2,0,3,0,2,0,1,0,0
17/7/2017,0,0,0,2,0,4,0,7,1,2,0,6,0,0,0,0,0,1,0,0,0,1,0,0,0,0,0,0
18/7/2017,0,0,0,1,0,5,0,6,1,7,0,11,1,0,0,1,1,3,0,1,0,0,0,0,0,0,0,1
19/7/2017,0,0,0,0,0,6,0,4,0,6,0,12,0,2,0,0,0,0,0,1,0,1,0,2,0,0,0,1
20/7/2017,0,2,0,1,1,2,0,6,0,5,0,4,0,0,0,1,0,1,0,0,1,1,0,3,0,0,0,1
21/7/2017,0,1,0,2,0,6,0,17,0,8,0,11,0,0,0,1,0,2,0,0,0,4,0,1,0,0,0,0
22/7/2017,1,0,0,1,0,1,0,7,0,5,0,2,0,1,0,1,0,0,0,2,0,2,0,0,0,2,0,1
23/7/2017,0,0,0,0,0,4,0,5,0,2,0,6,0,1,0,1,0,1,0,1,0,3,0,1,0,0,0,3
24/7/2017,0,0,0,0,0,6,0,8,1,7,0,8,0,3,0,1,1,0,0,1,0,1,0,0,0,0,0,2
25/7/2017,0,1,0,1,0,5,0,16,0,4,0,7,0,2,0,0,0,0,0,1,0,1,0,2,0,0,0,1
26/7/2017,0,1,0,2,0,3,0,10,0,4,0,7,0,0,0,3,0,0,0,0,0,1,0,4,0,1,0,1
27/7/2017,0,0,0,2,0,4,0,8,0,10,0,11,0,1,0,1,0,0,0,0,0,1,0,0,0,0,0,4
28/7/2017,0,1,0,1,0,12,0,6,0,8,0,5,0,2,0,1,0,1,0,1,0,2,0,2,0,0,0,0
29/7/2017,0,0,0,1,0,9,0,4,0,5,0,7,0,0,0,0,0,1,0,1,0,0,0,0,0,0,0,1
30/7/2017,0,0,0,2,0,5,0,4,0,10,0,1,0,0,0,1,0,2,0,1,0,1,0,1,0,1,0,1
31/7/2017,0,0,0,1,0,7,0,11,0,8,0,9,0,1,0,0,0,0,0,0,0,1,0,3,0,1,0,0
1/8/2017,0,0,0,1,0,3,0,7,0,7,0,6,0,1,0,1,0,1,0,2,0,2,0,0,0,0,0,1
2/8/2017,0,1,0,2,0,6,0,8,0,6,0,7,0,1,0,1,0,2,0,1,0,0,0,2,0,0,0,2
3/8/2017,0,0,0,0,0,8,0,7,0,7,0,8,0,1,0,1,0,0,0,3,0,0,0,0,0,2,0,4
4/8/2017,0,0,0,0,1,4,0,8,0,4,0,6,0,0,0,1,0,2,0,2,0,1,0,4,0,1,0,3
5/8/2017,2,0,0,2,0,5,0,9,0,8,0,6,0,1,0,2,0,0,0,0,0,1,0,4,0,1,0,2
6/8/2017,0,1,0,2,0,9,0,4,1,3,0,7,0,2,0,0,0,0,0,0,0,1,0,0,0,1,0,1
7/8/2017,0,0,0,1,0,6,0,11,0,4,0,12,0,0,0,2,0,3,0,1,0,1,0,2,0,0,0,2
8/8/2017,0,1,0,2,0,5,0,4,0,5,0,5,0,0,0,1,0,0,0,3,0,2,0,0,0,2,0,4
9/8/2017,0,1,0,1,0,4,0,6,1,8,0,5,0,1,0,2,1,2,0,1,0,1,0,0,0,0,0,1
10/8/2017,0,0,0,1,0,5,0,8,0,9,0,6,1,3,0,0,0,0,0,2,0,0,0,2,0,1,0,1
11/8/2017,0,1,0,2,0,5,0,9,1,5,0,6,1,1,0,0,0,0,0,4,0,1,0,0,0,1,0,0
12/8/2017,0,1,0,0,0,6,0,5,0,4,0,4,0,2,0,0,0,1,0,1,0,0,0,2,0,0,0,4
13/8/2017,0,0,0,2,0,9,0,4,2,9,0,2,0,4,0,1,0,1,0,1,0,2,0,2,0,1,0,0
14/8/2017,0,0,0,0,0,5,0,4,0,9,0,6,0,1,0,0,0,3,0,1,0,2,0,0,0,0,0,1
15/8/2017,0,1,0,1,1,3,0,5,0,6,0,8,0,1,0,0,0,0,0,0,1,1,0,0,0,1,0,3
16/8/2017,0,1,0,2,0,5,0,7,0,7,0,6,2,1,0,0,0,1,0,0,0,1,0,3,0,0,0,2
17/8/2017,0,1,0,0,0,4,0,9,0,7,0,7,1,1,0,0,0,0,0,2,0,1,0,0,0,0,0,2
18/8/2017,0,2,0,2,1,3,0,5,0,6,0,7,0,2,0,0,0,3,0,0,0,4,0,0,0,0,0,2
19/8/2017,0,1,0,1,0,3,0,7,0,4,0,6,0,1,0,2,0,1,0,1,0,4,0,0,0,0,0,2
20/8/2017,0,2,0,1,0,4,0,12,0,4,0,4,0,0,0,3,0,1,0,1,0,1,0,1,0,1,0,0
21/8/2017,0,1,0,0,1,3,0,7,0,3,0,17,0,1,0,1,0,1,0,0,0,1,0,1,0,1,0,0
22/8/2017,0,0,0,1,0,4,0,12,0,8,0,5,0,1,0,2,0,0,0,1,0,1,0,1,1,0,0,0
23/8/2017,0,0,0,0,0,4,0,11,0,7,0,9,0,0,0,0,0,2,0,0,0,0,0,1,0,0,0,0
24/8/2017,0,3,0,0,0,4,0,8,0,9,0,9,0,1,0,1,0,1,0,1,0,1,0,2,0,1,0,0
25/8/2017,0,1,0,2,0,7,0,4,0,3,0,6,0,1,0,2,0,0,0,0,0,1,0,1,1,3,0,3
26/8/2017,0,1,0,3,0,6,0,8,0,4,0,7,0,1,0,2,0,1,0,2,0,1,0,2,0,1,0,0
27/8/2017,0,0,0,2,0,0,0,3,1,3,0,6,0,1,0,2,1,0,0,1,0,0,0,0,0,2,0,2
28/8/2017,0,1,0,0,1,4,0,8,1,9,0,8,0,0,0,1,0,0,0,1,0,2,0,0,0,1,0,3
29/8/2017,0,1,0,0,1,2,0,9,0,5,0,7,0,0,0,0,0,1,0,1,0,1,0,0,0,2,0,1
30/8/2017,0,0,0,3,0,6,0,11,0,3,0,11,0,0,0,1,0,0,0,0,0,2,0,2,0,0,0,1
31/8/2017,0,0,0,3,0,9,0,6,0,7,0,9,0,0,0,1,1,2,0,0,0,0,0,1,0,0,0,0
1/9/2017,0,1,0,1,1,5,0,7,0,6,0,13,1,3,0,1,0,1,0,0,0,2,0,0,0,0,0,2
2/9/2017,0,0,0,2,0,4,0,1,0,2,0,5,0,1,0,0,0,1,0,1,1,3,0,2,0,0,0,3
3/9/2017,1,0,0,2,1,3,0,6,2,2,0,5,0,0,0,1,0,0,0,1,0,0,0,1,0,0,0,3
4/9/2017,0,0,0,1,0,3,0,6,0,5,0,8,0,0,0,0,1,0,0,4,0,2,0,0,0,2,0,3
5/9/2017,0,0,0,2,1,3,0,2,0,4,0,8,0,0,0,3,0,0,0,0,0,3,0,2,0,0,0,2
6/9/2017,0,0,0,2,0,7,0,2,0,9,0,6,0,1,0,0,0,0,0,0,0,1,0,1,0,0,0,0
7/9/2017,0,1,0,1,0,5,0,8,2,3,0,8,0,0,0,0,0,0,0,0,0,1,0,2,0,0,0,0
8/9/2017,0,0,0,0,0,4,0,8,0,5,0,11,0,0,0,0,0,0,0,1,0,0,0,1,1,0,0,2
9/9/2017,0,1,0,1,0,1,0,9,1,4,0,8,0,1,0,0,1,4,0,3,0,5,0,0,0,1,0,2
10/9/2017,0,1,0,4,0,5,0,3,1,7,0,3,0,0,0,1,0,0,0,2,0,3,0,1,0,0,0,1
11/9/2017,0,1,0,1,0,5,0,4,0,5,0,3,0,0,0,2,0,0,0,0,0,3,0,1,0,3,0,2
12/9/2017,0,0,0,1,0,5,0,10,1,8,0,5,0,1,0,1,0,0,0,0,0,1,0,1,0,0,0,2
13/9/2017,0,0,0,0,0,2,0,9,0,2,0,5,0,2,0,1,1,1,0,1,0,0,0,0,0,1,0,0
14/9/2017,0,0,0,0,0,7,0,9,0,2,0,11,0,1,0,1,0,2,0,1,0,1,0,0,0,0,0,3
15/9/2017,0,0,0,0,0,6,0,9,0,4,0,4,0,0,0,0,0,1,0,0,0,3,0,1,0,1,0,1
16/9/2017,0,0,0,0,0,1,0,6,0,9,0,7,0,1,0,0,0,2,0,1,0,1,0,0,0,1,0,0
17/9/2017,0,1,0,1,1,6,0,5,1,9,0,5,0,0,0,2,0,1,0,0,0,1,0,0,0,0,0,3
18/9/2017,0,3,0,1,0,5,0,4,1,1,0,7,0,0,0,0,0,0,0,4,0,0,0,0,0,0,0,2
19/9/2017,1,0,0,1,0,6,0,3,0,4,0,9,0,0,0,1,0,0,0,0,0,0,0,1,1,1,0,2
20/9/2017,0,2,0,2,0,8,0,13,0,8,0,8,0,0,0,1,0,3,0,0,1,2,0,5,0,0,0,0
21/9/2017,0,1,0,1,0,3,0,6,0,6,0,8,0,0,0,1,1,2,0,1,0,0,0,2,0,0,0,1
22/9/2017,0,0,0,1,0,3,0,11,0,8,0,8,0,0,0,0,1,2,0,2,0,2,0,1,0,0,0,2
23/9/2017,0,0,0,0,0,5,0,5,1,8,0,7,0,0,0,3,0,0,0,1,0,0,0,2,0,2,0,3
24/9/2017,1,0,0,1,0,3,0,6,0,1,0,5,0,1,0,0,0,0,0,1,0,1,0,2,0,1,0,0
25/9/2017,0,1,0,1,0,4,0,3,0,6,0,9,0,0,0,2,0,1,0,0,1,2,0,2,0,1,0,0
26/9/2017,0,1,0,0,0,5,0,6,0,3,0,9,0,2,0,1,0,0,0,1,0,2,0,1,0,0,0,1
27/9/2017,0,0,0,4,0,10,0,5,0,5,0,14,0,0,0,1,0,1,0,0,0,2,0,3,0,0,0,0
28/9/2017,0,2,0,1,0,3,0,6,0,10,0,3,0,2,0,2,0,2,0,1,0,3,0,0,0,1,0,0
29/9/2017,0,0,0,2,0,3,0,4,0,2,0,5,0,1,0,2,0,1,0,1,0,2,0,1,0,3,0,0
30/9/2017,0,1,0,1,0,4,0,5,0,1,0,5,0,1,0,2,0,0,0,2,0,1,0,0,0,1,0,2
1/10/2017,0,0,0,3,0,2,0,6,1,4,0,7,0,2,0,2,0,4,0,0,0,2,0,1,0,0,0,1
2/10/2017,0,0,0,1,0,4,0,4,0,8,0,5,0,2,0,2,0,0,0,2,0,0,0,4,0,4,0,1
3/10/2017,0,1,0,1,1,5,0,5,0,6,0,14,0,0,0,1,0,0,0,1,0,4,0,1,0,0,0,1
4/10/2017,0,1,0,1,0,9,0,8,0,7,0,9,0,0,0,0,0,1,0,1,0,4,0,1,0,0,0,1
5/10/2017,0,2,0,1,0,5,0,7,0,8,0,7,0,1,0,0,0,2,0,3,0,1,0,3,0,0,0,1
6/10/2017,0,0,0,2,0,7,0,7,0,3,0,3,0,2,0,1,0,5,0,0,0,2,0,1,0,0,0,0
7/10/2017,0,2,0,0,0,5,0,5,1,5,0,8,0,2,0,1,0,1,0,2,0,1,0,1,0,1,0,2
8/10/2017,0,1,0,0,0,7,0,5,0,2,0,4,1,2,0,1,0,0,0,0,0,4,0,0,0,0,0,2
9/10/2017,0,2,0,1,0,6,0,7,1,6,0,7,0,0,0,2,0,1,0,1,0,1,0,3,0,1,0,0
10/10/2017,0,0,0,1,0,9,0,6,1,8,0,11,0,0,0,2,0,1,0,1,0,2,0,1,0,0,0,1
11/10/2017,0,0,0,0,0,4,0,11,0,5,0,8,0,0,0,1,0,1,0,0,0,1,0,0,0,0,0,2
12/10/2017,0,2,0,0,0,7,0,8,0,8,0,15,0,1,0,0,0,2,0,1,0,0,0,0,0,2,0,0
13/10/2017,0,0,0,1,0,6,0,5,0,4,0,8,1,0,0,0,0,0,0,0,0,1,0,1,0,1,0,0
14/10/2017,1,3,0,1,0,5,0,7,0,5,0,8,0,3,0,1,0,1,0,0,0,3,0,0,1,2,0,1
15/10/2017,0,3,0,3,0,5,0,6,0,10,0,11,0,2,0,2,0,2,0,0,0,3,0,1,0,2,0,1
16/10/2017,1,1,0,0,0,8,0,9,0,4,0,9,0,0,0,0,0,1,0,1,0,2,0,3,0,1,0,0
17/10/2017,0,1,0,0,0,10,0,11,0,3,0,4,0,1,0,3,0,2,0,0,0,3,0,3,0,0,0,0
18/10/2017,0,2,0,1,1,5,0,5,0,14,0,12,0,2,0,1,0,2,0,2,1,2,0,1,0,0,0,1
19/10/2017,0,1,0,3,0,2,0,8,0,8,0,6,1,0,0,2,0,0,0,0,0,3,0,1,0,0,0,1
20/10/2017,0,4,0,3,0,8,0,9,0,6,0,9,0,1,0,0,0,0,0,0,0,2,0,0,0,1,0,2
21/10/2017,0,1,0,0,0,3,0,10,0,8,0,16,0,0,0,5,0,3,0,0,0,2,0,1,0,1,0,1
22/10/2017,0,0,0,1,0,5,0,3,0,7,0,8,0,2,0,2,0,0,0,1,0,4,0,0,0,2,0,0
23/10/2017,0,1,0,3,0,3,0,8,0,11,0,13,0,0,0,0,0,0,0,1,0,1,0,0,0,0,0,1
24/10/2017,0,1,0,2,0,2,0,6,0,5,0,6,0,1,0,1,0,0,0,0,0,0,0,0,1,1,0,0
25/10/2017,0,2,0,1,0,5,0,8,0,9,0,12,0,0,0,1,0,2,0,0,0,2,0,2,0,0,0,1
26/10/2017,0,2,0,1,0,6,0,7,0,9,0,10,0,1,0,2,0,2,0,2,0,2,0,0,0,0,0,0
27/10/2017,0,0,0,1,0,12,0,4,1,9,0,10,0,0,0,0,0,1,0,1,0,1,0,0,0,1,0,3
28/10/2017,0,0,0,0,0,5,0,2,0,3,0,6,0,1,0,1,1,1,0,1,0,3,0,1,0,3,0,1
29/10/2017,0,2,0,2,0,7,0,5,1,4,0,6,0,0,0,1,0,1,0,1,0,0,0,2,0,3,0,1
30/10/2017,0,2,0,3,0,10,0,8,0,4,0,13,0,0,0,2,0,1,0,0,0,0,0,1,1,0,0,1
31/10/2017,0,0,0,0,0,3,0,10,0,5,0,14,0,0,0,2,0,0,0,0,0,2,0,0,0,0,0,1
1/11/2017,0,1,0,3,0,7,0,8,1,2,0,11,0,0,0,1,0,1,0,1,0,1,0,0,0,0,0,0
2/11/2017,0,3,0,0,0,3,0,9,1,4,0,8,0,0,0,1,0,1,0,2,0,1,0,0,0,0,0,0
3/11/2017,0,1,0,0,0,7,0,8,1,4,0,10,0,1,0,0,0,2,0,1,1,1,0,2,0,1,0,0
4/11/2017,0,1,0,4,0,8,0,5,0,4,0,8,0,2,0,1,0,3,0,0,0,2,0,1,0,1,0,2
5/11/2017,1,1,0,2,0,6,0,9,1,2,0,0,2,2,0,2,1,1,0,0,0,0,0,0,0,0,0,2
6/11/2017,0,1,0,1,0,8,0,2,0,2,0,5,0,1,0,2,1,2,0,0,0,2,0,0,1,1,0,1
7/11/2017,0,0,0,1,0,4,0,1,0,7,0,8,NA,1,0,3,0,3,0,0,0,4,0,0,0,0,0,1
8/11/2017,0,3,0,1,0,2,0,9,1,7,0,9,0,1,0,1,1,1,0,1,0,1,0,0,0,0,0,0
9/11/2017,0,0,0,1,1,11,0,9,0,8,0,8,0,1,0,0,0,0,0,0,0,0,0,4,0,1,0,4
10/11/2017,0,0,0,1,0,5,0,9,0,7,0,7,0,1,0,2,1,0,0,4,0,0,0,0,0,2,0,1
11/11/2017,0,0,0,0,0,4,0,6,0,10,0,3,0,2,0,0,0,1,0,0,2,3,0,1,0,1,0,1
12/11/2017,0,3,0,2,0,7,0,8,0,4,0,5,0,1,0,2,0,1,0,0,0,1,0,1,0,0,0,1
13/11/2017,0,1,0,4,1,4,0,9,0,6,0,7,0,1,0,1,0,2,0,2,0,2,0,1,0,0,0,0
14/11/2017,0,0,0,1,0,6,0,7,0,11,0,4,0,0,0,0,0,0,0,2,0,1,0,0,0,0,0,5
15/11/2017,0,1,0,2,0,11,0,8,0,9,0,12,0,2,0,0,1,1,0,2,0,2,0,0,0,1,0,4
16/11/2017,0,1,0,2,0,1,0,11,0,10,0,14,0,0,0,0,0,1,0,2,0,3,0,2,0,0,0,2
17/11/2017,1,0,0,1,0,5,0,12,1,7,0,9,0,1,0,2,0,0,0,0,0,0,0,1,0,0,0,2
18/11/2017,1,2,0,4,0,6,0,14,1,8,0,6,0,1,0,1,0,3,0,0,0,4,0,5,0,0,0,1
19/11/2017,0,4,0,1,0,5,0,3,0,6,0,11,1,1,0,3,0,1,0,0,0,3,0,0,0,3,0,0
20/11/2017,0,1,0,1,0,5,0,5,1,5,0,6,0,1,0,2,0,2,0,2,0,1,0,3,0,2,0,4
21/11/2017,0,2,0,2,0,7,0,11,0,5,0,6,0,1,0,0,0,1,0,4,0,1,0,2,0,0,0,0
22/11/2017,0,0,0,1,0,3,0,14,0,10,0,10,0,0,0,1,0,1,0,1,0,0,0,1,0,1,0,0
23/11/2017,0,0,0,1,1,5,0,NA,1,13,0,14,0,1,0,1,0,1,0,1,0,3,0,2,1,0,0,1
24/11/2017,0,0,0,4,0,8,0,10,1,8,0,10,0,2,0,4,0,1,0,3,0,3,0,3,0,1,0,3
25/11/2017,1,1,0,2,0,8,0,7,0,6,0,7,0,2,0,0,0,0,0,0,0,4,0,1,1,1,0,2
26/11/2017,0,0,0,0,0,5,0,4,0,2,0,3,1,2,0,1,0,0,0,1,0,0,0,0,0,0,0,1
27/11/2017,0,0,0,0,0,4,0,11,0,10,0,12,0,1,0,0,0,1,0,1,0,2,0,3,0,0,0,1
28/11/2017,0,0,0,1,0,7,0,9,0,8,0,13,0,1,0,1,0,0,0,2,0,1,0,0,0,3,0,0
29/11/2017,0,0,0,1,0,8,0,7,0,12,0,9,1,0,0,2,0,0,0,3,1,2,0,1,0,0,0,1
30/11/2017,0,1,0,0,0,6,0,7,0,4,0,9,0,2,0,0,0,3,0,0,0,2,0,2,0,1,0,3
1/12/2017,0,1,0,1,0,8,0,11,0,12,0,7,0,0,0,1,0,0,0,1,1,3,0,0,0,1,0,3
2/12/2017,0,1,0,3,0,8,0,9,0,9,0,7,0,0,0,1,0,0,0,2,0,3,0,2,0,1,0,2
3/12/2017,0,0,0,1,0,0,0,3,0,10,0,2,0,0,0,0,0,0,0,0,0,1,0,0,1,2,0,0
4/12/2017,0,1,0,1,0,3,0,7,1,4,0,10,0,2,0,0,0,1,0,4,0,0,0,3,0,0,0,1
5/12/2017,0,0,0,0,0,7,0,9,0,7,0,4,0,1,0,0,0,2,0,1,0,0,0,0,0,2,0,1
6/12/2017,0,1,0,2,0,3,0,11,1,7,0,9,0,2,0,2,0,0,0,0,0,0,0,2,0,1,0,1
7/12/2017,0,1,0,2,0,5,0,12,0,6,0,10,0,0,0,0,1,1,0,1,0,2,0,1,0,0,0,1
8/12/2017,0,2,0,0,0,7,0,10,0,7,0,5,0,0,0,3,0,1,0,3,1,1,0,2,0,2,0,0
9/12/2017,0,2,0,2,1,6,0,8,1,4,0,6,0,2,0,1,0,2,0,0,0,1,0,0,0,1,0,3
10/12/2017,0,2,0,1,0,3,0,6,0,4,0,1,0,2,0,0,1,0,0,3,0,1,0,5,0,3,0,1
11/12/2017,0,1,0,2,0,9,0,7,0,5,0,11,0,1,0,1,0,0,0,1,0,0,0,3,0,2,0,2
12/12/2017,0,0,0,3,0,5,0,8,0,6,0,7,0,1,0,0,0,1,0,0,0,2,0,0,1,1,0,1
13/12/2017,0,0,0,0,0,5,0,8,0,3,0,9,0,0,0,3,0,0,0,0,0,2,0,3,0,0,0,0
14/12/2017,0,1,0,1,0,10,0,13,1,8,0,6,0,0,0,0,0,0,0,1,1,0,0,3,0,0,0,4
15/12/2017,0,0,0,4,0,4,0,13,1,4,0,7,0,1,0,1,0,1,0,0,0,1,0,1,0,2,0,3
16/12/2017,0,3,0,1,1,0,0,8,1,6,0,7,0,2,0,1,0,1,0,0,0,3,0,1,0,3,0,1
17/12/2017,0,1,0,1,1,3,0,10,0,6,0,11,0,1,0,2,0,2,0,2,0,3,0,0,0,1,0,0
18/12/2017,0,0,0,0,0,4,0,5,0,9,0,5,1,0,0,0,0,2,0,0,0,1,0,0,1,0,0,2
19/12/2017,0,1,0,1,0,7,0,11,1,3,0,6,0,3,0,2,0,4,0,0,0,7,0,3,0,0,0,1
20/12/2017,0,1,0,0,0,6,0,15,0,8,0,8,0,0,0,1,0,1,0,5,1,1,0,2,0,0,0,0
21/12/2017,0,0,0,0,2,7,0,3,0,2,0,8,0,1,0,1,1,1,0,0,0,1,0,1,0,0,0,2
22/12/2017,0,1,0,0,0,7,0,6,0,7,0,6,0,1,0,0,1,1,0,2,1,1,0,1,0,2,0,0
23/12/2017,0,1,0,5,0,4,0,15,0,4,0,5,0,1,0,2,0,0,0,0,0,0,0,1,1,2,0,1
24/12/2017,0,0,0,1,1,5,0,1,0,5,0,7,0,3,0,1,0,0,0,0,0,3,0,2,0,1,0,1
25/12/2017,0,1,0,2,0,1,0,4,0,9,0,3,0,0,0,0,0,1,0,0,0,3,0,1,0,1,0,1
26/12/2017,0,0,0,5,1,6,0,5,0,2,0,2,0,0,0,0,0,2,0,3,1,1,0,1,0,0,0,2
27/12/2017,0,0,0,2,0,4,0,5,0,4,0,5,1,1,0,2,0,0,0,2,0,2,0,1,0,1,0,1
28/12/2017,1,0,0,0,0,4,0,7,0,2,0,5,0,2,0,0,0,1,0,2,0,1,0,3,0,1,0,1
29/12/2017,1,0,0,5,0,2,0,7,0,5,0,10,0,3,0,1,0,2,0,1,1,1,0,1,0,3,0,0
30/12/2017,0,0,0,3,0,3,0,1,0,1,0,6,0,4,0,0,1,1,0,1,0,2,0,2,0,1,0,1
31/12/2017,0,2,0,4,0,4,0,2,0,4,0,3,0,0,0,0,0,0,0,1,0,0,0,5,0,2,0,1
1/1/2018,0,0,0,2,0,4,0,1,0,3,0,1,0,0,0,1,0,1,0,1,0,0,0,3,2,0,0,0
2/1/2018,0,2,0,1,0,5,0,2,0,4,0,4,0,0,0,3,0,0,0,1,0,3,0,1,0,0,0,0
3/1/2018,0,2,0,1,0,4,0,7,0,5,0,6,1,1,0,1,0,1,0,1,0,2,0,0,0,4,0,5
4/1/2018,0,1,0,1,0,9,0,3,1,6,0,6,0,2,0,2,0,1,0,0,0,1,0,0,1,0,0,1
5/1/2018,0,3,0,0,1,4,0,7,0,8,0,4,0,2,0,0,0,0,0,1,0,1,0,2,0,0,0,0
6/1/2018,0,0,0,4,0,1,0,4,0,6,0,5,0,1,0,2,2,1,0,0,0,1,0,1,0,1,0,1
7/1/2018,0,1,0,1,0,3,0,2,0,4,0,5,1,1,0,0,0,0,0,0,0,3,0,2,0,1,0,2
8/1/2018,0,0,0,1,0,5,0,8,0,3,0,3,0,0,0,0,0,0,0,0,0,1,0,1,0,0,0,2
9/1/2018,0,0,0,1,0,2,0,11,0,7,0,5,1,1,0,0,0,0,0,1,0,5,0,1,0,0,0,0
10/1/2018,0,1,0,2,0,4,0,6,1,10,0,4,0,1,0,0,0,1,0,1,1,0,0,0,0,2,0,0
11/1/2018,0,1,0,1,0,3,0,13,0,7,0,7,0,0,0,3,0,2,0,2,0,2,0,2,0,0,0,1
12/1/2018,0,3,0,2,0,3,0,16,0,7,0,13,0,0,0,0,0,2,0,0,0,2,0,3,0,0,0,0
13/1/2018,0,1,0,1,0,5,0,8,0,7,0,6,0,3,0,0,0,0,0,2,0,4,0,0,0,2,0,1
14/1/2018,1,2,0,1,0,6,0,4,0,3,0,4,0,1,0,2,0,2,0,0,0,1,0,2,0,1,0,3
15/1/2018,0,0,0,2,0,0,0,7,0,3,0,5,0,0,0,1,0,1,0,0,0,3,0,1,0,1,0,1
16/1/2018,0,0,0,1,0,9,0,9,0,1,0,7,0,1,0,0,1,1,0,0,0,1,0,2,0,0,0,2
17/1/2018,0,0,0,3,0,7,0,5,0,6,0,9,0,0,0,1,0,1,0,0,0,1,0,2,0,0,0,2
18/1/2018,1,0,0,4,0,4,0,5,0,6,0,2,0,2,0,2,0,3,0,1,0,3,0,0,0,1,0,0
19/1/2018,0,2,0,1,0,7,0,6,0,7,0,7,0,0,0,0,0,0,0,1,0,2,0,1,0,1,0,1
20/1/2018,1,2,0,2,0,4,0,9,1,10,0,2,0,3,0,1,0,1,0,1,0,3,0,5,0,1,0,1
21/1/2018,0,3,0,2,0,6,0,5,0,6,0,1,0,1,0,1,0,1,0,0,0,1,0,4,0,1,0,0
22/1/2018,0,0,0,0,0,6,0,10,0,8,0,6,1,0,0,3,0,1,0,0,1,2,0,1,0,1,0,2
23/1/2018,0,0,0,0,0,4,0,6,1,7,0,4,0,1,0,0,0,3,0,1,0,5,0,2,0,3,0,1
24/1/2018,0,1,0,0,0,5,0,13,0,3,0,8,0,0,0,0,0,1,0,1,0,0,0,1,0,1,0,1
25/1/2018,0,0,0,3,0,1,0,9,0,7,0,4,0,2,0,2,0,1,0,1,0,1,0,1,0,2,0,2
26/1/2018,0,2,0,2,0,4,0,4,0,11,0,3,0,5,0,0,0,1,0,1,0,2,0,1,0,1,0,1
27/1/2018,0,1,0,1,0,2,0,10,0,3,0,10,0,2,0,0,0,1,0,0,0,0,0,2,1,2,0,0
28/1/2018,0,0,0,3,1,3,0,8,0,5,0,7,1,1,0,0,1,1,0,1,0,7,0,0,0,0,0,0
29/1/2018,0,0,0,2,1,4,0,7,0,5,0,7,0,1,0,1,0,1,0,0,0,1,0,0,0,0,0,4
30/1/2018,0,1,0,5,1,3,0,5,0,6,0,4,0,2,0,0,0,1,0,1,0,3,0,3,0,1,0,0
31/1/2018,0,0,0,3,1,4,0,10,0,2,0,3,0,0,0,1,0,1,0,0,0,0,0,1,0,0,0,0
1/2/2018,0,0,0,1,0,5,0,13,0,6,0,6,0,2,0,1,0,1,0,3,0,1,0,1,0,1,0,0
2/2/2018,0,1,0,0,0,10,0,14,0,7,0,10,0,0,0,0,0,0,0,1,0,2,0,1,0,0,0,1
3/2/2018,0,0,0,1,0,3,0,8,0,5,0,7,0,2,0,0,0,0,0,3,1,3,0,2,0,1,0,0
4/2/2018,0,0,0,2,0,2,0,9,1,8,0,10,0,1,0,1,0,2,0,1,0,4,0,1,0,0,0,1
5/2/2018,0,1,0,1,1,2,0,5,1,7,0,5,0,0,0,0,0,2,0,1,0,2,0,0,1,1,0,2
6/2/2018,0,0,0,0,0,7,0,5,0,4,0,10,0,0,0,0,0,0,0,1,0,4,0,0,0,2,0,0
7/2/2018,0,2,0,4,0,5,0,9,0,7,0,12,0,0,0,2,0,0,0,0,0,0,0,1,0,0,0,2
8/2/2018,0,0,0,0,0,8,0,7,0,4,0,3,0,1,0,1,0,1,0,1,0,4,0,2,0,2,0,2
9/2/2018,0,0,0,2,0,5,0,4,0,6,0,5,0,0,0,0,0,2,0,1,0,1,0,1,0,1,0,0
10/2/2018,0,1,0,0,0,3,0,2,0,7,0,6,0,4,0,3,1,1,0,1,1,2,0,1,0,0,0,1
11/2/2018,0,0,0,1,0,7,0,7,0,2,0,7,0,2,0,1,0,2,0,2,1,1,0,1,0,0,0,0
12/2/2018,0,2,0,0,0,8,0,14,0,6,0,3,0,1,0,2,0,1,0,1,0,2,0,1,0,2,0,1
13/2/2018,1,0,0,2,0,3,0,11,0,4,0,7,0,3,0,1,0,0,0,1,0,3,0,1,0,1,0,0
14/2/2018,0,0,0,3,0,7,0,13,0,12,0,4,0,0,0,1,0,1,0,0,0,4,0,1,0,1,0,4
15/2/2018,0,0,0,0,0,9,0,9,1,6,0,9,0,1,0,0,0,0,0,1,1,5,0,0,0,0,0,0
16/2/2018,0,2,0,2,0,3,0,8,1,9,0,9,0,0,0,2,0,1,0,1,0,3,0,1,0,2,0,4
17/2/2018,0,2,0,1,0,9,0,4,0,4,0,6,1,2,0,0,0,2,0,1,0,1,0,1,1,1,0,0
18/2/2018,0,1,0,2,0,5,0,4,2,4,0,7,0,2,0,1,0,2,0,0,0,2,0,0,0,1,0,0
19/2/2018,0,0,0,3,0,10,0,6,0,7,0,10,0,1,0,2,0,0,0,0,0,3,0,1,0,0,0,3
20/2/2018,0,0,0,4,0,10,0,8,1,9,0,6,0,0,0,1,0,1,0,1,0,2,0,0,0,1,0,1
21/2/2018,0,1,0,1,0,4,0,5,1,7,0,8,0,1,0,3,0,0,0,1,0,3,0,3,0,3,0,2
22/2/2018,0,0,0,2,1,6,0,6,0,5,1,8,0,2,0,3,0,0,0,2,1,1,0,0,0,1,0,1
23/2/2018,0,1,0,0,0,7,0,10,0,11,0,8,0,3,0,0,0,2,0,1,0,2,0,0,0,0,0,1
24/2/2018,0,1,0,1,0,2,0,8,0,6,0,6,0,2,0,1,0,2,0,2,0,3,0,2,0,1,0,0
25/2/2018,0,0,0,1,0,5,0,3,0,5,0,6,0,1,0,1,0,0,0,2,0,0,0,2,0,0,0,2
26/2/2018,0,1,0,1,1,9,0,11,0,4,0,9,0,2,0,1,0,0,0,0,0,6,0,3,0,1,0,0
27/2/2018,0,0,0,2,0,10,0,12,0,9,0,15,0,3,0,1,0,0,0,1,0,3,0,0,0,1,0,2
28/2/2018,0,0,0,2,0,7,0,12,0,10,0,4,0,3,0,2,0,1,0,1,0,1,0,0,0,2,0,2
1/3/2018,0,0,0,1,0,3,0,12,1,5,0,8,0,0,0,0,0,2,0,1,0,3,0,2,0,0,0,1
2/3/2018,0,0,0,2,1,4,0,11,0,6,0,12,0,2,0,0,0,4,0,2,0,2,0,1,0,1,0,2
3/3/2018,0,0,0,1,1,5,0,7,0,10,0,5,0,4,0,4,0,1,0,2,0,3,0,1,0,2,0,0
4/3/2018,0,2,0,1,0,5,0,3,0,2,0,5,0,1,0,0,0,0,0,2,0,3,0,2,0,0,0,1
5/3/2018,0,3,0,0,0,6,0,5,0,9,0,12,0,2,0,1,0,0,0,2,0,1,0,1,0,0,0,1
6/3/2018,0,0,0,1,0,6,0,16,0,9,0,10,0,1,0,2,1,2,0,0,0,1,0,5,0,1,0,1
7/3/2018,0,1,0,1,0,11,0,11,0,9,0,8,1,0,0,1,0,2,0,0,0,2,0,2,0,0,0,1
8/3/2018,0,1,0,2,0,13,0,18,1,6,0,5,0,2,0,0,0,0,0,0,0,0,0,1,0,0,0,3
9/3/2018,1,1,0,2,0,7,0,9,1,7,0,6,1,0,0,1,0,0,0,1,0,0,0,0,0,1,0,2
10/3/2018,0,4,0,3,0,3,0,4,1,6,0,6,0,2,0,3,0,2,0,1,0,1,0,2,0,2,0,1
11/3/2018,0,1,0,2,0,3,0,6,0,7,0,5,0,1,0,3,0,1,0,1,0,2,0,0,0,1,0,2
12/3/2018,0,2,0,0,0,2,0,5,0,5,0,3,0,3,0,1,1,1,0,0,1,1,0,0,0,0,0,1
13/3/2018,0,2,0,1,0,7,0,5,0,5,0,8,0,2,0,1,0,1,0,3,0,4,0,0,0,0,0,2
14/3/2018,0,0,0,0,0,7,0,8,0,4,0,9,0,2,0,0,0,2,0,1,1,2,0,2,0,0,0,1
15/3/2018,0,0,0,2,0,7,0,7,0,10,0,3,0,0,0,1,0,2,0,0,0,1,0,1,0,0,0,1
16/3/2018,0,1,0,1,0,7,0,11,1,4,0,13,0,2,0,2,0,0,0,2,0,1,0,2,0,0,0,0
17/3/2018,0,2,0,1,0,6,0,8,0,4,0,7,0,2,0,2,0,2,0,0,1,1,0,0,0,0,0,0
18/3/2018,0,0,0,1,0,2,0,3,0,4,0,5,0,1,0,0,0,1,0,0,0,3,0,0,0,2,0,1
19/3/2018,0,0,0,1,1,6,0,12,0,3,0,8,0,1,0,1,0,1,0,0,0,3,0,1,0,1,0,0
20/3/2018,0,0,0,1,0,5,0,9,0,7,0,8,0,2,0,2,0,1,0,0,0,0,0,1,0,1,0,1
21/3/2018,0,1,0,0,0,7,0,9,0,4,0,4,0,1,0,1,1,1,0,1,0,1,0,2,0,1,0,1
22/3/2018,0,1,0,1,0,5,0,11,0,4,0,7,0,0,0,1,0,2,0,1,0,2,0,5,0,0,0,3
23/3/2018,0,0,0,2,1,7,0,10,1,2,0,12,1,1,0,3,0,2,0,0,0,5,0,2,0,2,0,1
24/3/2018,0,2,0,4,0,8,0,3,0,7,0,13,0,2,0,1,0,2,0,0,0,1,0,0,0,0,0,4
25/3/2018,0,2,0,2,0,6,0,11,0,7,0,2,0,0,0,3,0,1,0,1,0,3,0,2,0,0,0,0
26/3/2018,0,1,0,3,0,7,0,6,0,8,0,5,0,2,0,0,0,3,0,1,0,4,0,0,0,1,0,0
27/3/2018,0,1,0,2,1,7,0,5,0,5,0,14,0,1,0,1,0,0,0,1,0,1,0,2,0,0,0,1
28/3/2018,1,2,0,3,1,9,0,7,0,6,0,10,0,1,0,1,0,2,0,1,0,3,0,0,0,2,0,2
29/3/2018,0,0,0,3,0,7,0,11,0,7,0,8,0,0,0,1,0,1,0,2,0,3,0,1,0,0,0,3
30/3/2018,0,2,0,1,0,4,0,7,0,9,0,3,0,3,0,0,0,5,0,1,0,4,0,0,0,2,0,1
31/3/2018,0,1,0,4,0,4,0,5,0,8,0,5,1,3,0,3,0,3,0,0,0,1,0,3,0,1,0,1
1/4/2018,0,0,0,3,0,2,0,3,0,2,0,6,0,0,0,1,0,1,0,0,0,2,0,1,0,3,0,1
2/4/2018,0,0,0,0,0,7,0,4,0,5,0,7,0,2,0,2,0,2,0,2,0,2,0,0,0,2,0,1
3/4/2018,0,0,0,1,0,7,0,5,0,8,0,3,0,1,0,0,0,1,0,2,0,0,0,3,0,0,0,1
4/4/2018,0,0,0,0,0,5,0,11,0,8,0,5,0,1,0,1,0,1,0,0,0,1,0,3,0,1,0,0
5/4/2018,0,0,0,1,1,4,0,8,2,9,0,10,0,1,0,1,1,0,0,2,0,2,0,0,0,0,0,3
6/4/2018,0,1,0,0,0,4,0,13,0,9,0,4,0,1,0,1,0,2,0,1,0,3,0,3,1,2,0,1
7/4/2018,0,1,0,1,0,3,0,8,0,6,0,3,0,1,0,0,1,1,0,2,0,1,0,3,0,0,0,1
8/4/2018,0,3,0,1,0,8,0,5,0,4,0,5,0,1,0,0,0,2,0,0,0,1,0,0,0,0,0,0
9/4/2018,0,1,0,1,0,7,0,7,0,8,0,7,0,1,0,0,0,0,0,2,0,0,0,1,0,3,0,1
10/4/2018,0,2,0,1,0,6,0,10,0,5,0,11,0,1,0,1,0,1,0,1,1,0,0,0,0,0,0,1
11/4/2018,0,1,0,1,0,5,0,16,0,7,0,5,0,0,0,2,0,0,0,1,0,3,0,1,0,0,0,1
12/4/2018,0,0,0,1,0,2,0,11,0,5,0,8,0,1,0,0,0,0,0,1,0,2,0,0,0,0,0,2
13/4/2018,0,0,0,0,0,5,0,12,0,4,0,6,0,1,0,2,0,0,0,0,0,0,0,1,0,1,0,1
14/4/2018,0,1,0,0,0,3,0,9,1,10,0,4,0,1,0,1,0,0,0,1,0,2,0,2,0,1,0,1
15/4/2018,0,1,0,1,0,4,0,7,0,7,0,9,0,0,0,0,0,0,0,0,0,1,0,5,0,1,0,1
16/4/2018,0,1,0,2,0,1,0,7,0,4,0,1,0,1,0,0,0,1,0,0,0,0,0,0,0,0,0,0
17/4/2018,0,0,0,1,0,4,0,9,0,4,0,4,0,1,0,0,0,1,0,1,0,2,0,0,0,1,0,1
18/4/2018,0,1,0,1,1,7,0,9,0,11,0,5,0,3,0,2,0,0,0,0,0,3,0,1,0,1,0,0
19/4/2018,0,1,0,0,0,4,0,9,0,8,0,11,0,0,0,0,0,2,0,1,0,2,0,1,0,2,0,0
20/4/2018,0,1,0,3,0,8,0,8,0,12,0,9,0,1,0,2,0,1,0,3,0,2,0,1,0,0,0,0
21/4/2018,0,2,0,2,0,2,0,8,1,7,0,2,0,1,0,1,0,1,0,2,0,0,0,0,0,1,0,1
22/4/2018,0,3,0,1,0,5,0,6,0,3,0,6,0,1,0,0,0,2,0,1,0,4,0,1,0,2,0,0
23/4/2018,0,1,0,0,1,5,0,4,0,9,0,8,1,0,0,2,0,1,0,1,0,5,0,3,0,2,0,1
24/4/2018,0,1,0,1,0,5,0,13,0,6,0,9,0,1,0,2,0,2,0,2,0,3,0,4,0,0,0,1
25/4/2018,0,0,0,2,0,3,0,3,0,1,0,7,0,1,0,2,0,1,0,0,1,0,0,3,0,1,0,0
26/4/2018,0,0,0,2,0,10,0,6,0,7,0,6,0,0,0,0,0,2,0,1,0,1,0,1,0,0,0,2
27/4/2018,0,1,0,2,0,12,0,7,0,10,0,7,0,0,0,0,0,1,0,1,0,1,0,0,0,2,0,1
28/4/2018,1,1,0,1,0,4,0,9,0,6,0,9,0,1,0,0,0,1,0,3,0,4,0,0,0,0,0,0
29/4/2018,0,0,0,2,1,2,0,1,0,5,0,4,0,0,0,1,0,1,0,0,0,4,0,1,0,1,0,0
30/4/2018,0,1,0,1,0,12,0,8,0,5,0,9,0,0,0,1,0,2,0,2,0,2,0,3,0,1,0,2
1/5/2018,0,1,0,2,0,8,0,5,1,3,0,8,0,0,0,2,0,1,0,0,0,1,0,3,0,1,0,1
2/5/2018,0,0,0,1,0,2,0,10,1,4,0,7,0,1,0,0,0,0,0,0,0,1,0,2,0,0,0,1
3/5/2018,0,1,0,3,0,10,0,12,0,2,0,10,0,1,0,3,0,1,0,3,0,0,0,2,0,1,0,2
4/5/2018,0,2,0,1,0,5,0,6,0,8,0,10,0,0,0,1,0,2,0,3,0,2,0,0,0,2,0,0
5/5/2018,0,2,0,1,2,1,0,12,1,3,0,9,1,2,0,1,0,3,0,0,0,1,0,3,1,2,0,1
6/5/2018,0,2,0,0,1,2,0,3,0,6,0,2,0,0,0,1,1,0,0,0,0,3,0,2,0,1,0,4
7/5/2018,0,0,0,1,0,5,0,8,0,6,0,8,0,1,0,1,0,1,0,1,0,2,0,2,1,1,0,1
8/5/2018,0,2,0,0,0,9,0,10,0,14,1,6,0,1,0,1,0,0,0,1,0,3,0,2,0,0,0,0
9/5/2018,1,0,0,4,0,6,0,11,1,7,0,7,0,0,0,1,0,1,0,1,0,0,0,2,1,0,0,0
10/5/2018,1,0,0,0,0,10,0,9,1,1,0,9,0,0,0,4,0,1,0,1,0,1,0,0,0,2,0,2
11/5/2018,0,2,0,1,0,5,0,12,1,5,0,4,0,0,0,0,0,1,0,1,0,1,0,2,0,1,0,8
12/5/2018,0,0,0,1,0,3,0,6,0,6,0,5,0,2,0,2,0,1,0,4,0,0,0,0,0,0,0,1
13/5/2018,0,3,0,0,0,5,0,2,0,3,0,5,0,2,0,0,0,0,0,0,0,2,0,0,0,0,0,0
14/5/2018,0,0,0,3,0,1,0,8,0,8,0,15,0,0,0,0,0,2,0,0,0,3,0,0,0,1,0,1
15/5/2018,0,1,0,0,0,7,0,7,1,4,0,5,0,3,0,1,0,0,0,2,0,1,0,2,0,0,0,1
16/5/2018,0,1,0,1,0,6,0,11,1,5,0,9,0,0,0,0,1,1,0,1,0,1,0,0,0,2,0,2
17/5/2018,0,0,0,0,0,7,0,10,0,9,0,11,0,0,0,1,0,1,0,2,0,1,0,3,0,0,0,2
18/5/2018,0,1,0,4,0,7,0,7,0,5,0,7,0,0,0,3,0,1,0,0,0,2,0,0,0,3,0,0
19/5/2018,0,2,0,1,0,4,0,7,0,4,0,6,0,0,0,0,0,0,0,2,0,0,0,1,0,1,0,1
20/5/2018,0,2,0,1,0,3,0,1,0,3,0,6,0,1,0,2,0,0,0,1,0,1,0,0,0,0,0,1
21/5/2018,1,1,0,0,1,5,0,11,0,5,0,12,0,2,0,0,0,3,0,1,0,1,0,0,0,1,0,1
22/5/2018,0,0,0,2,0,4,0,8,0,9,0,7,0,0,0,2,0,1,0,1,0,3,0,3,0,1,0,0
23/5/2018,0,2,0,2,0,4,0,10,0,4,0,10,0,1,0,0,0,1,0,1,0,1,0,3,0,0,0,0
24/5/2018,0,1,0,0,0,8,0,8,0,10,0,6,0,0,0,1,1,0,0,0,0,0,0,1,0,2,0,1
25/5/2018,0,0,0,0,0,4,0,6,0,7,0,5,1,2,0,2,0,0,0,1,0,0,0,4,0,1,0,4
26/5/2018,1,2,0,0,0,9,0,10,0,6,0,4,0,0,0,1,0,0,0,0,0,2,0,1,0,0,0,2
27/5/2018,0,1,0,1,0,5,0,4,0,11,0,6,0,2,0,1,0,2,0,0,0,1,0,1,0,2,0,0
28/5/2018,0,0,0,0,0,4,0,4,0,4,0,6,0,2,0,0,0,0,0,1,0,0,0,0,0,0,0,1
29/5/2018,0,0,0,0,0,5,0,13,0,5,0,6,0,0,0,0,0,1,0,0,0,1,0,1,0,0,0,1
30/5/2018,0,1,0,1,0,7,0,10,0,5,0,8,0,2,0,1,0,0,0,1,0,4,0,2,0,1,0,0
31/5/2018,0,0,0,0,0,7,0,12,0,10,0,4,0,3,0,2,0,0,0,1,0,1,0,0,0,0,0,3
1/6/2018,0,1,0,0,0,7,0,7,0,6,0,6,0,3,0,0,0,2,0,1,0,2,0,0,0,1,0,1
2/6/2018,0,1,0,2,0,4,0,6,0,2,0,5,0,1,0,0,0,1,0,1,0,1,0,1,0,0,0,0
3/6/2018,0,1,0,1,0,8,0,4,0,2,0,6,0,1,0,3,0,0,0,1,0,1,0,3,0,2,0,0
4/6/2018,0,0,0,1,0,10,0,8,0,6,0,8,0,0,0,1,0,2,0,1,0,1,0,0,0,1,0,0
5/6/2018,0,3,0,1,0,7,0,8,0,2,0,12,0,3,0,0,0,0,0,3,0,2,0,0,0,0,0,3
6/6/2018,0,1,0,0,0,7,0,4,0,3,0,13,1,1,0,0,0,2,0,1,0,3,0,2,0,2,0,1
7/6/2018,0,0,0,1,0,4,0,10,0,3,0,7,0,0,0,0,0,0,0,0,0,1,0,0,0,0,0,0
8/6/2018,0,2,0,1,2,8,0,12,0,7,0,3,0,0,0,3,0,2,0,0,0,0,0,1,0,2,0,0
9/6/2018,0,3,0,2,0,3,0,3,1,4,0,7,0,1,0,1,0,2,0,1,0,4,0,0,0,1,0,3
10/6/2018,0,1,0,0,0,7,0,5,0,5,0,5,0,1,0,1,0,0,0,1,0,1,0,1,1,1,0,0
11/6/2018,0,3,0,4,0,3,0,1,2,7,0,6,0,0,0,1,1,1,0,1,0,3,0,2,1,0,0,1
12/6/2018,0,1,0,1,0,5,0,8,0,3,0,9,0,2,0,1,0,0,0,3,0,2,0,1,0,1,0,2
13/6/2018,0,1,0,0,0,5,0,16,0,9,0,8,0,0,0,0,0,0,0,2,0,2,0,0,1,0,0,2
14/6/2018,0,0,0,0,1,7,0,3,0,6,0,4,0,1,0,1,0,1,0,1,0,2,0,0,0,1,0,1
15/6/2018,0,0,0,0,0,8,0,4,0,4,0,9,0,1,0,0,0,0,0,2,0,3,0,1,0,0,0,0
16/6/2018,0,0,0,1,1,6,0,8,0,3,0,10,0,1,0,0,0,2,0,1,1,0,0,1,0,0,0,1
17/6/2018,0,1,0,2,0,5,0,6,0,8,0,6,0,1,0,1,0,0,0,0,0,1,0,0,0,0,0,0
18/6/2018,0,1,0,0,0,3,0,10,0,4,0,6,0,0,0,0,0,2,0,1,0,1,0,0,0,1,0,1
19/6/2018,0,0,0,1,1,11,0,10,0,9,0,12,0,0,0,1,0,0,0,0,0,2,0,1,0,0,0,2
20/6/2018,0,1,0,0,0,5,0,10,1,5,0,3,0,0,0,0,0,1,0,0,0,0,0,1,0,1,0,2
21/6/2018,0,0,0,2,0,7,0,13,0,9,0,5,0,1,0,2,0,1,0,0,0,4,0,0,0,2,0,4
22/6/2018,0,0,0,0,0,10,0,8,1,4,0,9,0,1,0,1,0,0,0,0,0,2,0,0,0,0,0,1
23/6/2018,0,1,0,1,0,2,0,1,0,7,0,4,0,0,0,2,0,0,0,3,0,0,0,1,0,1,0,2
24/6/2018,0,0,0,3,0,4,0,6,0,5,0,3,0,0,0,1,0,1,0,5,0,2,0,2,0,0,0,0
25/6/2018,0,0,0,2,0,6,0,4,0,10,0,12,0,1,0,3,0,1,0,2,0,1,0,3,0,3,0,4
26/6/2018,0,0,0,2,0,5,0,8,0,6,0,7,0,1,0,0,0,1,0,2,0,3,0,1,0,1,0,0
27/6/2018,0,0,0,1,0,8,0,5,1,5,0,5,2,0,0,1,0,2,0,1,0,3,0,0,0,1,0,0
28/6/2018,0,1,0,0,0,3,0,11,0,5,0,7,0,0,0,1,0,0,0,2,0,3,0,1,0,0,0,3
29/6/2018,0,0,0,1,0,6,0,4,0,5,0,10,0,0,0,1,0,2,0,2,0,0,0,1,0,0,0,0
30/6/2018,0,3,0,0,0,6,0,11,0,6,0,7,0,2,0,1,0,0,0,0,0,1,0,1,0,0,0,2
1/7/2018,0,1,0,2,0,9,0,7,0,3,0,7,0,2,0,1,0,2,0,0,0,2,0,1,0,0,0,2
2/7/2018,0,0,0,1,0,7,0,7,1,5,0,6,0,0,0,1,0,0,0,1,0,2,0,2,0,1,0,2
3/7/2018,0,1,0,0,0,4,0,8,0,1,0,5,0,0,0,1,0,1,0,0,0,1,0,0,0,1,0,1
4/7/2018,0,1,0,3,0,4,0,7,0,8,0,7,0,0,0,0,0,0,0,0,0,1,0,0,0,0,0,0
5/7/2018,0,1,0,1,0,3,0,4,0,7,0,4,0,0,0,1,1,0,0,2,0,2,0,4,1,0,0,3
6/7/2018,0,1,0,1,0,10,0,7,0,7,0,5,0,1,0,1,0,1,0,2,0,3,0,2,0,0,0,0
7/7/2018,0,2,0,3,0,3,0,12,0,4,0,7,0,2,0,1,0,0,0,1,0,3,0,2,0,0,0,2
8/7/2018,0,1,0,2,1,3,0,4,0,4,0,7,1,0,0,1,0,1,0,0,0,1,0,1,0,4,0,0
9/7/2018,0,1,0,2,0,1,0,7,0,8,0,4,0,0,0,1,0,1,0,1,0,3,0,0,0,2,0,0
10/7/2018,0,2,0,1,0,8,0,9,0,3,0,8,0,1,0,1,0,1,0,1,0,2,0,0,0,3,0,0
11/7/2018,0,0,0,1,0,4,0,6,0,3,0,5,0,2,0,0,0,1,0,1,0,2,0,0,0,1,0,1
12/7/2018,0,2,0,1,0,3,0,17,0,3,0,9,0,0,0,1,0,0,0,0,0,4,0,1,0,1,0,2
13/7/2018,0,2,0,3,0,4,0,10,0,6,0,7,1,2,0,0,0,1,0,0,0,2,0,3,0,1,0,1
14/7/2018,0,1,0,1,0,10,0,6,0,3,0,8,0,1,0,3,0,1,0,2,0,0,0,1,0,3,0,2
15/7/2018,0,1,0,2,1,7,0,6,0,5,0,5,0,0,0,0,0,1,0,1,0,1,0,2,0,1,0,0
16/7/2018,0,1,0,2,0,4,0,3,0,9,0,10,1,0,0,1,0,1,0,0,0,0,0,0,0,0,0,1
17/7/2018,0,1,0,3,1,5,0,13,0,8,0,13,0,0,0,0,0,2,0,1,0,1,0,1,0,0,0,1
18/7/2018,0,1,0,0,0,5,0,9,0,6,0,7,0,0,0,0,0,2,0,2,1,1,0,3,0,0,0,0
19/7/2018,0,2,0,2,0,4,0,7,0,5,0,7,0,1,0,2,0,2,0,1,0,5,0,2,0,2,0,2
20/7/2018,0,0,0,1,0,4,0,11,1,7,0,8,0,3,0,2,0,0,0,1,0,1,0,0,1,1,0,1
21/7/2018,0,1,0,3,0,5,0,4,0,1,0,4,0,1,0,2,0,1,0,1,0,0,0,0,0,0,0,1
22/7/2018,0,0,0,1,0,7,0,4,0,4,0,8,0,0,0,1,0,1,0,1,0,0,0,1,0,0,0,1
23/7/2018,0,0,0,1,0,7,0,9,0,2,0,3,1,1,0,1,0,1,0,0,0,1,0,0,0,1,0,1
24/7/2018,0,3,0,1,1,5,0,13,0,4,0,4,0,0,0,1,0,1,0,0,0,3,0,0,0,0,0,2
25/7/2018,0,1,0,2,0,7,0,8,0,2,0,8,0,2,0,4,1,1,0,2,0,2,0,3,0,1,0,3
26/7/2018,0,0,0,1,1,3,0,8,0,6,0,9,0,0,0,1,0,3,0,1,0,4,0,0,0,0,0,1
27/7/2018,0,3,0,1,0,8,0,8,0,6,0,5,1,0,0,1,0,1,0,1,0,2,0,1,0,0,0,1
28/7/2018,0,0,0,4,0,6,0,4,0,4,0,3,0,1,0,0,0,1,0,3,0,1,0,1,0,0,0,1
29/7/2018,0,2,0,1,0,7,0,4,0,5,0,6,0,0,0,2,0,2,0,2,0,1,0,1,0,1,0,3
30/7/2018,0,0,0,1,1,6,0,7,0,4,0,7,0,0,0,3,0,1,0,1,0,0,0,2,0,0,0,3
31/7/2018,0,0,0,0,0,5,0,11,0,7,0,9,0,1,0,1,0,1,0,0,0,3,0,2,0,0,0,0
1/8/2018,0,0,0,2,0,9,0,9,1,3,0,10,0,0,0,3,0,3,0,1,0,2,0,1,0,0,0,1
2/8/2018,0,0,0,0,0,11,0,5,0,7,0,9,0,4,0,1,0,1,0,0,0,2,0,1,1,0,0,0
3/8/2018,0,0,0,1,0,6,0,9,0,5,0,7,0,0,0,1,0,0,0,0,0,0,0,0,0,1,0,1
4/8/2018,0,1,0,0,1,3,0,8,1,4,0,4,1,2,0,2,1,0,0,0,0,1,0,0,0,0,0,2
5/8/2018,0,1,0,1,0,3,0,3,0,3,0,4,0,0,0,0,0,2,0,2,0,1,0,0,0,0,0,1
6/8/2018,0,1,0,1,0,6,0,4,0,4,0,11,0,0,0,1,0,1,0,2,0,1,0,0,0,1,0,1
7/8/2018,0,0,0,1,1,6,0,12,0,5,0,7,0,0,0,1,0,0,0,0,1,1,0,0,0,1,0,3
8/8/2018,0,1,0,1,0,8,0,13,0,5,0,9,0,0,0,1,0,1,0,1,0,1,0,1,0,0,0,1
9/8/2018,0,0,0,1,0,10,0,15,0,8,0,6,0,0,0,2,0,1,0,1,0,1,0,1,1,1,0,0
10/8/2018,0,0,0,2,1,5,0,12,1,5,0,8,1,1,0,2,0,0,0,1,0,2,0,4,0,1,0,1
11/8/2018,0,0,0,1,0,8,0,5,0,8,0,8,0,1,0,0,0,3,0,1,0,0,0,1,1,2,0,1
12/8/2018,0,1,0,2,0,9,0,6,1,3,0,5,0,0,0,2,0,1,0,0,0,3,0,1,0,1,0,0
13/8/2018,0,2,0,1,0,3,0,8,0,3,0,9,0,2,0,0,0,0,0,0,0,1,0,2,0,0,0,2
14/8/2018,0,2,0,1,0,6,0,7,0,10,0,11,0,1,0,1,0,0,0,1,0,2,0,1,0,1,0,2
15/8/2018,0,0,0,2,1,3,0,7,0,5,0,6,0,1,0,1,0,2,0,1,0,1,0,0,0,0,0,1
16/8/2018,0,0,0,1,0,4,0,16,0,11,0,10,0,0,0,1,0,0,0,3,0,0,0,0,0,1,0,2
17/8/2018,0,0,0,1,0,6,0,6,0,2,0,15,0,0,0,3,0,0,0,0,0,0,0,1,0,2,0,4
18/8/2018,0,1,0,2,0,3,0,9,1,4,0,6,0,0,0,1,0,0,0,1,0,3,0,1,0,0,0,1
19/8/2018,0,2,0,0,0,3,0,3,0,4,0,7,0,0,0,2,0,1,0,2,0,0,0,1,0,0,0,1
20/8/2018,0,2,0,1,0,3,0,3,0,6,0,5,0,1,0,1,0,2,0,0,0,0,0,1,0,0,0,1
21/8/2018,1,1,0,1,0,3,0,9,1,4,0,6,1,0,0,1,0,0,0,1,0,3,0,0,0,2,0,4
22/8/2018,0,1,0,0,1,3,0,2,0,4,0,7,0,0,0,1,0,1,0,1,0,2,0,1,0,1,0,0
23/8/2018,0,0,0,0,0,4,0,7,0,7,0,11,0,0,0,1,0,0,0,1,0,2,0,1,0,0,0,1
24/8/2018,0,2,0,2,0,5,0,16,0,6,0,11,0,1,0,0,1,0,0,2,0,5,0,2,0,1,0,1
25/8/2018,0,1,0,1,1,3,0,6,0,6,0,8,0,2,0,3,0,1,0,3,0,3,0,1,0,1,0,1
26/8/2018,0,1,0,3,0,3,0,5,0,5,0,4,0,0,0,2,0,2,0,1,0,2,0,0,0,1,0,1
27/8/2018,0,0,0,1,0,5,0,8,1,5,0,5,0,0,0,1,0,0,0,0,1,5,0,1,0,1,0,2
28/8/2018,0,0,0,0,0,6,0,13,0,6,0,7,0,0,0,0,0,2,0,0,0,3,0,2,1,2,0,0
29/8/2018,0,0,0,0,0,5,0,12,0,9,0,3,0,2,0,3,0,2,0,1,0,0,0,1,0,3,0,3
30/8/2018,0,0,0,1,0,10,0,8,0,4,0,4,0,0,0,2,0,0,0,0,0,3,0,1,0,2,0,1
31/8/2018,0,0,0,1,0,3,0,18,0,8,0,12,0,0,0,0,0,0,0,1,0,2,0,0,0,0,0,0
1/9/2018,0,1,0,1,0,4,0,8,0,7,0,7,0,0,0,3,0,0,0,0,0,2,0,2,0,0,0,2
2/9/2018,1,0,0,2,0,6,0,9,0,6,0,2,0,1,0,1,0,2,0,1,0,4,0,2,0,0,0,0
3/9/2018,1,0,0,1,0,3,0,7,0,3,0,4,0,0,0,0,0,2,0,3,0,1,0,3,0,0,0,2
4/9/2018,1,0,0,1,0,4,0,7,0,10,0,5,1,1,0,1,1,0,0,2,0,2,0,2,0,0,0,0
5/9/2018,0,0,0,0,0,5,0,7,0,5,0,13,0,1,0,0,0,1,0,1,0,2,0,1,0,1,0,1
6/9/2018,0,0,0,0,0,5,0,10,1,9,0,5,0,0,0,1,0,1,0,1,0,2,0,2,0,1,0,1
7/9/2018,0,2,0,1,0,0,0,8,0,4,0,6,0,0,0,0,0,2,0,2,0,2,0,0,0,1,0,0
8/9/2018,0,1,0,1,0,5,0,6,0,7,0,5,0,1,0,0,0,1,0,0,0,0,0,3,0,1,0,1
9/9/2018,0,1,0,0,0,2,0,3,0,3,0,5,0,1,0,1,0,2,0,0,0,4,0,0,0,0,0,2
10/9/2018,0,2,0,1,1,2,0,8,0,4,0,3,0,1,0,2,0,0,0,2,0,3,0,2,0,0,0,1
11/9/2018,0,1,0,0,0,6,0,6,1,1,0,13,0,3,0,0,0,0,0,0,0,2,0,0,0,1,0,1
12/9/2018,0,1,0,0,0,5,0,9,0,3,0,4,0,1,0,1,0,0,0,2,0,1,0,2,0,1,0,1
13/9/2018,1,2,0,1,0,8,0,9,0,6,0,9,0,0,0,1,0,2,0,0,0,0,0,1,0,0,0,1
14/9/2018,2,1,0,2,0,4,0,9,0,6,0,5,2,1,0,0,0,1,0,2,0,1,0,0,0,1,0,1
15/9/2018,0,1,0,3,0,5,0,10,0,7,0,9,0,0,0,1,0,0,0,2,0,1,0,1,0,0,0,1
16/9/2018,0,3,0,1,0,5,0,6,0,6,0,9,0,0,0,1,0,1,0,1,0,1,0,3,0,1,0,3
17/9/2018,0,0,0,0,0,2,0,6,0,9,0,7,0,1,0,2,0,1,0,0,0,2,0,0,0,2,0,2
18/9/2018,0,0,0,0,1,5,0,7,1,5,0,6,0,0,0,2,0,0,0,0,2,1,0,0,0,1,0,4
19/9/2018,0,0,0,1,0,2,0,9,0,4,0,6,0,1,0,0,0,2,0,0,0,3,0,4,0,1,0,1
20/9/2018,0,1,0,2,0,5,0,13,0,7,0,6,0,1,0,2,0,1,0,0,0,0,0,2,0,0,0,2
21/9/2018,0,1,0,2,0,5,0,9,0,6,0,3,0,3,0,0,0,2,0,1,0,0,0,2,0,1,0,3
22/9/2018,0,1,0,1,0,5,0,11,0,5,0,3,1,3,0,3,0,0,0,1,0,0,0,1,0,0,0,0
23/9/2018,0,3,0,0,0,4,0,2,0,4,0,2,0,0,0,1,1,0,0,0,0,2,0,0,0,1,0,1
24/9/2018,0,0,0,0,0,3,0,5,2,2,0,4,0,0,0,1,0,1,0,0,0,1,0,2,0,0,0,1
25/9/2018,0,0,0,1,0,0,0,8,0,8,0,4,0,1,0,2,0,0,0,1,0,4,0,2,0,0,0,1
26/9/2018,0,0,0,0,0,6,0,17,0,7,0,9,0,0,0,2,0,0,0,2,0,5,0,0,0,0,0,1
27/9/2018,0,1,0,3,0,2,0,8,0,7,0,12,0,2,0,0,0,2,0,1,0,2,0,1,0,0,0,1
28/9/2018,1,0,0,0,0,1,0,6,0,3,0,4,0,2,0,0,0,2,0,1,0,0,0,1,1,3,0,0
29/9/2018,0,1,0,1,0,5,0,2,1,2,0,3,1,0,0,2,0,2,0,1,0,1,0,1,0,2,0,1
30/9/2018,0,2,0,1,0,7,0,6,1,2,0,1,0,1,0,2,1,1,0,0,0,0,0,1,0,0,0,3
1/10/2018,0,1,0,1,0,2,0,11,1,7,0,6,0,2,0,2,0,2,0,1,0,2,0,0,0,1,0,0
2/10/2018,1,1,0,2,0,8,0,10,0,6,0,7,0,0,0,1,0,2,0,2,0,1,0,3,0,0,0,3
3/10/2018,0,0,0,0,1,5,0,2,0,1,0,1,1,0,0,0,0,0,0,0,1,2,0,0,0,1,0,3
4/10/2018,0,2,0,0,0,5,0,12,0,5,0,6,0,2,0,0,0,1,0,1,0,4,0,0,0,0,0,0
5/10/2018,0,2,0,2,0,7,0,6,0,9,0,6,1,0,0,1,0,1,0,2,0,2,0,3,0,0,0,0
6/10/2018,0,1,0,0,0,5,0,5,2,13,0,7,0,1,0,2,0,2,0,0,0,1,0,2,0,0,0,2
7/10/2018,0,0,0,0,0,8,0,3,0,8,0,9,0,1,0,2,1,2,0,2,0,0,0,0,0,0,0,3
8/10/2018,0,1,0,2,0,4,0,6,0,5,0,2,0,0,0,1,0,0,0,1,0,1,0,2,0,1,0,1
9/10/2018,0,1,0,1,0,6,0,13,0,2,0,14,0,0,0,0,0,1,0,2,0,2,0,2,0,0,0,0
10/10/2018,0,0,0,0,1,5,0,8,0,10,0,12,0,0,0,2,0,0,0,0,0,1,0,1,0,0,0,1
11/10/2018,0,0,0,1,0,3,0,9,0,8,0,6,0,0,0,1,0,2,0,1,0,0,0,3,1,1,0,2
12/10/2018,0,1,0,0,0,8,0,10,1,5,0,7,0,0,0,1,0,0,0,1,0,1,0,1,0,1,0,2
13/10/2018,0,2,0,1,0,5,0,8,0,12,0,6,0,3,0,2,0,1,0,3,0,7,0,0,0,1,0,3
14/10/2018,0,2,0,3,0,5,0,9,0,5,0,6,0,0,0,2,0,1,0,0,0,0,0,0,0,1,0,3
15/10/2018,1,1,0,1,1,4,0,4,0,0,0,3,0,1,0,0,0,0,0,0,0,1,0,2,0,1,0,1
16/10/2018,0,2,0,2,0,3,0,7,0,6,0,17,0,1,0,0,0,2,0,1,0,1,0,1,0,1,0,3
17/10/2018,0,2,0,0,0,7,0,4,0,7,0,9,0,0,0,0,0,1,0,0,0,1,0,1,0,1,0,0
18/10/2018,0,0,0,2,0,5,0,9,0,3,0,8,0,0,0,0,0,0,0,0,0,1,0,0,0,0,0,2
19/10/2018,0,2,0,3,0,10,0,3,0,10,0,4,0,3,0,0,0,2,0,0,0,0,0,1,0,0,0,0
20/10/2018,0,3,0,0,0,5,0,12,0,2,0,9,0,2,0,2,0,0,0,2,0,1,0,1,0,0,0,2
21/10/2018,1,1,0,2,0,2,0,3,2,5,0,5,0,1,0,3,0,1,0,1,0,4,0,1,0,2,0,0
22/10/2018,0,2,0,1,1,6,0,14,0,9,0,9,0,2,0,1,0,1,0,0,0,2,0,0,0,0,0,0
23/10/2018,0,2,0,0,0,5,0,9,0,4,0,6,0,1,0,0,0,1,0,2,0,2,0,1,0,0,0,1
24/10/2018,0,0,0,0,0,6,0,10,0,3,0,7,0,0,0,3,0,0,0,2,0,1,0,2,0,0,0,1
25/10/2018,0,1,0,2,0,8,0,14,0,9,0,6,0,2,0,0,0,1,0,2,0,3,0,2,0,1,0,0
26/10/2018,0,0,0,2,1,8,0,15,0,4,0,13,0,2,0,2,0,2,0,0,0,2,0,0,0,0,0,0
27/10/2018,0,2,0,1,1,5,0,5,0,6,0,6,1,0,0,0,0,1,0,0,2,2,0,1,0,1,0,2
28/10/2018,0,0,0,0,0,5,0,5,0,6,0,5,0,0,0,4,0,0,0,1,0,0,0,0,1,3,0,0
29/10/2018,0,1,0,0,1,7,0,12,0,7,0,9,0,1,0,2,0,0,0,0,0,2,0,0,0,2,0,1
30/10/2018,0,2,0,1,0,4,0,9,0,5,0,9,0,2,0,0,0,1,0,0,0,1,0,0,0,1,0,1
31/10/2018,0,1,0,2,1,7,0,11,0,5,0,7,0,1,0,2,0,0,0,2,0,2,0,2,0,3,0,0
1/11/2018,0,0,0,3,0,3,0,8,0,3,0,5,0,0,0,1,0,1,0,2,0,1,0,0,0,2,0,1
2/11/2018,0,1,0,1,0,2,0,11,1,10,0,7,1,2,0,2,0,2,0,2,0,0,0,0,0,0,0,0
3/11/2018,0,3,0,0,1,8,0,8,0,5,0,3,0,2,0,0,0,1,0,0,0,0,0,3,0,1,0,2
4/11/2018,0,2,0,1,0,3,0,5,1,5,0,8,0,0,0,2,0,0,0,2,0,1,0,2,0,0,0,0
5/11/2018,0,3,0,1,0,5,0,7,1,6,0,6,0,0,0,1,0,0,0,1,0,0,0,1,0,0,0,1
6/11/2018,1,0,0,1,0,5,0,4,0,5,0,5,0,1,0,2,0,2,0,2,0,1,0,0,0,1,0,0
7/11/2018,0,1,0,1,0,6,0,11,0,9,0,8,0,0,0,2,0,0,0,0,0,0,0,1,1,0,0,0
8/11/2018,0,1,0,0,0,1,0,7,0,2,0,6,0,3,0,0,0,0,0,0,0,0,0,0,0,1,0,3
9/11/2018,0,1,0,2,0,4,0,12,0,2,0,8,0,2,0,0,0,0,0,1,0,5,0,1,0,0,0,1
10/11/2018,0,0,0,2,0,1,0,6,0,9,0,7,0,1,0,3,0,1,0,1,0,3,0,2,0,1,0,2
11/11/2018,0,0,0,1,0,4,0,5,1,12,0,3,0,3,0,1,0,0,0,0,2,0,0,1,0,3,0,0
12/11/2018,0,1,0,2,0,5,0,12,1,11,0,6,0,1,0,2,0,1,0,3,0,3,0,2,0,3,0,1
13/11/2018,0,2,0,1,1,6,0,8,0,5,0,5,0,0,0,0,0,0,0,0,0,1,0,2,0,0,0,1
14/11/2018,0,1,0,0,0,2,0,12,0,7,0,6,0,3,0,1,0,2,0,3,0,1,0,0,0,1,0,1
15/11/2018,0,0,0,0,0,5,0,7,0,5,0,7,0,0,0,2,0,1,0,0,0,0,0,0,0,0,0,6
16/11/2018,1,1,0,2,0,4,0,15,0,5,0,9,0,0,0,0,0,0,0,1,0,0,0,1,0,1,0,2
17/11/2018,1,1,0,0,0,5,0,9,2,13,0,7,0,2,0,2,0,1,0,2,0,7,0,2,0,1,0,1
18/11/2018,1,4,0,1,0,6,0,7,1,6,0,7,0,5,0,1,1,0,0,0,0,3,0,1,0,2,0,1
19/11/2018,0,1,0,1,1,4,0,7,0,8,0,9,0,1,0,1,0,1,0,0,0,1,0,1,0,0,0,0
20/11/2018,0,1,0,0,0,5,0,9,1,6,0,10,0,0,0,1,0,2,0,2,0,4,0,1,0,0,0,3
21/11/2018,1,1,0,0,0,13,0,9,0,6,0,6,0,0,0,1,0,1,0,2,0,2,0,1,0,1,0,0
22/11/2018,1,0,0,0,0,2,0,13,0,7,0,5,0,0,0,1,0,0,0,2,0,3,0,1,0,1,0,2
23/11/2018,0,0,0,0,0,7,0,7,0,3,0,10,0,2,0,2,0,1,0,0,0,1,0,1,0,2,0,1
24/11/2018,0,2,0,1,0,2,0,4,0,8,0,6,0,0,0,1,0,2,0,2,0,1,0,4,1,1,0,1
25/11/2018,0,0,0,2,1,4,0,6,0,1,0,5,0,6,0,1,0,2,0,2,0,5,0,0,0,2,0,2
26/11/2018,0,3,0,3,0,2,0,10,0,8,0,11,0,0,0,1,0,0,0,0,0,3,0,2,0,0,0,0
27/11/2018,0,0,0,0,0,8,0,9,0,4,0,8,0,1,0,1,0,0,0,1,1,0,0,0,0,0,0,1
28/11/2018,1,0,0,0,0,6,0,12,1,10,0,10,0,1,0,1,0,0,0,2,0,0,0,1,0,1,0,1
29/11/2018,0,0,0,1,0,4,0,7,0,6,0,6,0,1,0,0,0,0,0,0,0,0,0,2,0,0,0,2
30/11/2018,0,1,0,1,0,13,0,10,1,6,0,5,0,3,0,1,0,1,0,0,0,0,0,3,0,2,0,2
1/12/2018,0,0,0,1,0,6,0,5,0,8,0,8,0,1,0,0,0,0,0,0,0,5,0,0,0,0,0,3
2/12/2018,0,1,0,1,1,1,0,7,0,7,0,4,0,2,0,1,0,1,0,0,0,4,0,1,0,0,0,3
3/12/2018,0,0,0,1,0,0,0,5,0,7,0,3,0,4,0,3,0,1,0,0,0,3,0,1,0,1,0,1
4/12/2018,1,1,0,0,0,3,0,7,0,6,0,10,0,0,0,1,1,0,0,0,1,3,0,1,0,0,0,0
5/12/2018,0,0,0,0,0,8,0,14,0,3,0,8,0,0,0,1,0,0,0,2,0,3,0,2,0,1,0,1
6/12/2018,0,1,0,0,0,5,0,10,0,10,0,12,0,1,0,1,0,0,0,1,0,1,0,1,0,0,0,1
7/12/2018,0,3,0,1,0,3,0,10,0,11,0,16,0,0,0,0,0,0,0,1,0,0,0,2,0,0,0,0
8/12/2018,0,0,0,2,0,3,0,5,0,4,0,8,0,0,0,3,0,0,0,2,0,1,0,2,0,1,0,0
9/12/2018,0,3,0,0,0,2,0,5,0,5,0,4,0,0,0,1,0,1,0,1,1,3,0,1,0,0,0,1
10/12/2018,0,1,0,1,0,5,0,10,1,8,0,12,0,0,0,2,0,2,0,0,0,3,0,1,0,0,0,0
11/12/2018,0,2,0,1,0,4,0,8,0,7,0,14,0,3,0,0,0,1,0,0,0,1,0,3,0,0,0,2
12/12/2018,1,0,0,1,0,7,0,10,2,14,0,7,0,1,0,3,0,1,0,1,0,3,0,1,0,0,0,0
13/12/2018,0,0,0,3,0,3,0,10,0,4,0,10,0,1,0,2,0,0,0,1,0,1,0,1,0,1,0,2
14/12/2018,0,2,0,4,1,9,0,13,0,6,0,3,0,0,0,1,0,1,0,0,0,1,0,5,0,0,0,2
15/12/2018,0,0,0,1,1,5,0,9,0,8,0,7,0,1,0,1,0,5,0,2,0,1,0,2,0,0,0,0
16/12/2018,0,1,0,0,0,5,0,5,0,9,0,3,0,0,0,1,0,1,0,2,0,2,0,1,0,0,0,1
17/12/2018,0,1,0,0,0,3,0,6,0,7,0,4,0,0,0,2,1,2,0,1,0,0,0,1,1,0,0,1
18/12/2018,0,2,0,1,0,4,0,12,0,7,0,4,0,1,0,0,0,1,0,2,0,1,0,0,0,2,0,0
19/12/2018,0,0,0,0,0,6,0,14,1,6,0,7,0,0,0,0,0,2,0,0,0,1,0,0,0,0,0,0
20/12/2018,0,2,0,0,0,8,0,11,0,5,0,8,0,2,0,1,0,2,0,0,0,2,0,0,0,1,0,1
21/12/2018,0,3,0,0,0,7,0,9,1,7,0,8,0,0,0,0,0,0,0,0,0,3,0,1,0,0,0,3
22/12/2018,0,1,0,1,0,5,0,14,0,4,0,5,0,1,0,0,0,1,0,0,1,2,0,0,0,0,0,1
23/12/2018,0,1,0,3,0,7,0,11,0,8,0,5,0,1,0,0,0,1,0,0,0,4,0,0,0,2,0,2
24/12/2018,0,1,0,0,0,4,0,8,1,8,0,4,0,0,0,1,0,0,0,0,1,2,0,1,1,1,0,4
25/12/2018,0,1,0,1,0,2,0,5,0,5,0,3,0,2,0,1,0,1,0,1,0,1,0,0,0,0,0,1
26/12/2018,0,0,0,0,1,1,0,5,0,2,0,6,0,0,0,0,0,0,0,0,0,0,0,1,0,2,0,1
27/12/2018,0,2,0,0,0,7,0,5,0,5,0,5,0,3,0,0,0,1,0,2,0,0,0,1,0,1,0,1
28/12/2018,0,1,0,0,0,2,0,6,0,4,0,4,1,0,0,0,0,0,0,1,0,1,0,0,0,1,0,0
29/12/2018,0,1,0,0,0,0,0,4,0,1,0,5,0,1,0,2,0,1,0,0,1,3,0,3,0,0,0,1
30/12/2018,0,2,0,2,0,1,0,7,0,5,0,7,0,0,0,2,0,1,0,0,0,0,0,1,0,2,0,0
31/12/2018,0,1,0,2,0,2,0,3,1,5,0,6,0,0,0,2,0,0,0,0,0,2,0,2,0,0,0,2
1/1/2019,0,0,0,2,0,4,0,6,0,7,0,3,0,1,0,4,0,2,0,1,0,3,0,4,0,1,0,1
2/1/2019,0,0,0,2,0,5,0,4,0,4,0,3,0,1,0,0,0,0,0,1,0,2,0,1,0,0,0,1
3/1/2019,0,0,0,3,0,1,0,2,0,3,0,8,0,2,0,1,0,0,0,0,0,0,0,2,0,0,0,2
4/1/2019,0,0,0,1,0,3,0,5,0,5,0,6,0,0,0,0,0,2,0,3,0,0,0,2,0,1,0,1
5/1/2019,0,3,0,0,0,0,0,6,1,6,0,6,0,1,0,2,0,1,0,1,0,0,0,3,1,2,0,1
6/1/2019,0,0,0,0,0,4,0,4,0,6,0,5,0,3,0,1,0,0,0,3,0,1,0,0,0,2,0,2
7/1/2019,0,0,0,1,0,4,0,4,0,8,0,7,1,0,0,0,1,3,0,0,1,2,0,1,0,0,0,0
8/1/2019,0,1,0,2,0,5,0,5,0,3,0,3,0,0,0,2,0,0,0,1,0,0,0,1,0,1,0,2
9/1/2019,0,0,0,1,0,0,0,5,0,7,0,3,0,1,0,1,0,3,0,2,0,1,0,2,0,0,0,2
10/1/2019,0,1,0,0,0,4,0,9,0,5,0,4,0,0,0,2,0,0,0,1,0,2,0,0,1,1,0,0
11/1/2019,0,1,0,0,1,6,0,8,0,6,0,10,1,1,0,0,0,1,0,4,0,3,0,1,0,1,0,0
12/1/2019,0,2,0,0,0,4,0,4,0,6,0,9,0,2,0,4,0,2,0,0,0,2,0,2,0,0,0,1
13/1/2019,0,3,0,1,1,7,0,10,0,6,0,7,1,1,0,1,0,0,0,0,0,3,0,0,0,1,0,0
14/1/2019,0,1,0,0,0,4,0,9,0,5,0,9,0,0,0,0,0,2,0,0,0,0,0,0,0,1,0,1
15/1/2019,0,0,0,1,0,9,0,6,0,6,0,8,0,0,0,1,0,1,0,1,0,3,0,3,0,1,0,2
16/1/2019,0,0,0,1,0,5,0,8,0,5,0,12,0,1,0,0,0,0,0,0,0,4,0,1,0,1,0,1
17/1/2019,0,1,0,0,0,10,0,9,0,3,0,5,0,1,0,2,0,2,0,0,0,2,0,1,1,0,0,3
18/1/2019,0,0,0,1,0,5,0,8,0,8,0,4,0,0,0,2,0,3,0,0,0,0,0,2,1,2,0,2
19/1/2019,0,1,0,0,1,3,0,8,1,7,0,6,0,1,0,1,0,1,0,0,0,2,0,0,0,1,0,1
20/1/2019,0,2,0,0,0,4,0,13,0,6,0,2,0,1,0,2,0,0,0,0,1,2,0,0,0,0,0,0
21/1/2019,0,0,0,0,0,10,0,12,0,4,0,13,0,0,0,1,0,0,0,0,0,1,0,3,0,2,0,1
22/1/2019,0,0,0,0,1,6,0,6,0,8,0,3,0,0,0,2,0,0,0,0,0,2,0,1,0,0,0,0
23/1/2019,0,0,0,2,0,5,0,12,2,2,0,9,0,2,0,3,0,0,0,1,1,2,0,1,0,0,0,2
24/1/2019,0,0,0,1,0,3,0,8,1,5,0,8,0,1,0,1,0,0,0,1,0,0,0,0,1,1,0,0
25/1/2019,0,1,0,3,0,7,0,11,0,2,0,4,0,0,0,1,0,3,0,1,1,1,0,0,0,1,0,2
26/1/2019,1,3,0,1,0,3,0,6,0,8,0,8,0,2,0,6,0,1,0,0,0,1,0,2,0,0,0,0
27/1/2019,0,0,0,1,1,4,0,3,0,0,0,8,1,0,0,1,0,1,0,1,0,2,0,5,0,0,0,2
28/1/2019,0,3,0,1,0,3,0,4,0,9,0,8,0,1,0,1,0,2,0,0,1,4,0,3,0,2,0,1
29/1/2019,0,1,0,1,0,5,0,7,0,5,0,5,0,0,0,3,0,0,0,0,0,3,0,0,0,0,0,2
30/1/2019,0,2,0,0,0,4,0,14,0,4,0,8,0,1,0,0,0,1,0,0,0,1,0,1,0,0,0,1
31/1/2019,0,1,0,3,1,4,0,6,0,11,0,4,2,1,0,0,0,1,0,0,0,3,0,0,0,1,0,2
1/2/2019,0,0,0,3,0,7,0,16,0,4,0,10,0,0,0,1,0,1,0,0,0,0,0,2,1,1,0,2
2/2/2019,0,1,0,1,0,10,0,14,0,5,0,3,0,1,0,0,0,0,0,3,1,1,0,3,0,0,0,0
3/2/2019,0,2,0,0,0,2,0,6,0,5,0,4,0,1,0,0,0,0,0,0,0,2,0,2,0,1,0,1
4/2/2019,0,1,0,0,1,4,0,5,0,4,0,7,0,0,0,2,0,0,0,0,0,3,0,1,0,0,0,0
5/2/2019,0,0,0,0,0,2,0,9,0,4,0,7,1,0,0,0,0,0,0,2,1,1,0,1,0,0,0,2
6/2/2019,0,1,0,2,0,7,0,10,1,2,0,6,0,0,0,1,1,0,0,3,0,2,0,2,2,1,0,1
7/2/2019,0,2,0,1,0,4,0,11,0,3,0,11,0,0,0,0,0,2,0,0,0,0,0,3,0,1,0,0
8/2/2019,0,0,0,2,0,4,0,8,0,9,0,11,0,1,0,0,1,0,0,2,0,1,0,3,0,0,0,1
9/2/2019,0,1,0,1,0,5,0,6,0,9,0,3,0,0,0,0,0,1,0,1,0,2,0,3,0,1,0,1
10/2/2019,1,2,0,0,0,3,0,2,0,7,0,3,1,1,0,3,0,2,0,1,0,3,0,3,0,1,0,1
11/2/2019,0,0,0,0,0,4,0,8,0,8,0,7,0,2,0,1,0,1,0,1,0,2,0,2,0,0,0,1
12/2/2019,0,1,0,4,0,4,0,10,0,10,0,11,0,2,0,1,0,1,0,1,0,1,0,1,0,0,0,0
13/2/2019,1,1,0,1,0,3,0,4,0,9,0,7,1,0,0,1,1,3,0,0,0,0,0,2,1,0,0,0
14/2/2019,0,1,0,3,1,1,0,15,1,6,0,12,0,0,0,2,0,4,0,0,1,0,0,1,0,0,0,3
15/2/2019,0,3,0,0,0,6,0,10,0,6,0,7,0,0,0,1,0,0,0,0,0,1,0,3,0,0,0,2
16/2/2019,1,2,0,0,0,8,0,9,0,3,0,6,0,3,0,1,0,0,0,3,0,0,0,1,0,1,0,4
17/2/2019,0,0,0,0,0,5,0,2,1,7,0,9,0,1,0,3,0,0,0,1,1,1,0,0,0,2,0,1
18/2/2019,0,1,0,1,0,7,0,4,0,6,0,7,0,1,0,1,0,1,0,0,0,3,0,2,0,0,0,1
19/2/2019,0,1,0,1,0,7,0,11,0,7,0,8,0,0,0,1,0,1,0,4,0,2,0,0,0,0,0,1
20/2/2019,0,0,0,2,0,4,0,10,1,10,0,4,0,1,0,1,0,1,0,3,0,1,0,0,0,0,0,4
21/2/2019,0,0,0,2,0,3,0,13,0,7,0,7,1,1,0,2,0,4,0,0,0,2,0,0,0,1,0,1
22/2/2019,0,1,0,3,0,7,0,10,0,7,0,9,0,2,0,0,0,2,0,1,0,4,0,4,0,3,0,2
23/2/2019,0,1,0,2,1,6,0,7,2,12,0,4,0,3,0,2,0,0,0,1,1,2,0,0,0,0,0,0
24/2/2019,0,2,0,2,1,5,0,9,0,2,0,7,0,1,0,2,0,1,0,1,1,3,0,1,0,0,0,1
25/2/2019,0,1,0,1,0,7,0,8,2,9,0,6,0,2,0,2,0,0,0,2,0,3,0,3,1,2,0,1
26/2/2019,0,0,0,0,0,6,0,11,1,7,0,6,0,1,0,1,0,0,0,2,1,2,0,2,0,0,0,1
27/2/2019,0,3,0,0,0,6,0,11,0,10,0,8,0,0,0,2,0,0,0,0,0,2,0,5,0,0,0,1
28/2/2019,0,0,0,1,0,4,0,14,1,9,0,9,0,2,0,1,1,0,0,2,0,4,0,1,0,1,0,0
1/3/2019,0,2,0,3,2,4,0,9,0,6,0,10,0,2,0,2,0,2,0,0,1,0,0,2,0,1,0,1
2/3/2019,0,1,0,1,0,3,0,9,0,4,0,6,0,1,0,5,0,1,0,0,0,1,0,3,0,0,0,0
3/3/2019,0,0,0,1,0,4,0,11,0,2,0,2,0,3,0,1,0,0,0,0,0,1,0,1,0,3,0,0
4/3/2019,0,0,0,0,0,4,0,8,0,9,0,11,0,0,0,0,0,0,0,1,0,2,0,1,0,0,0,1
5/3/2019,0,0,0,0,0,7,0,7,0,7,0,3,0,1,0,1,0,1,0,1,0,0,0,0,1,0,0,4
6/3/2019,0,0,0,1,0,8,0,5,0,5,0,10,0,0,0,2,0,0,0,1,0,3,0,2,0,1,0,4
7/3/2019,0,1,0,1,0,8,0,9,0,6,0,8,0,0,0,0,0,1,0,1,0,2,0,2,0,3,0,1
8/3/2019,0,0,0,4,0,5,0,4,1,9,0,5,0,2,0,0,0,0,0,0,0,0,0,2,0,0,0,0
9/3/2019,0,2,0,1,0,7,0,6,0,8,0,5,0,2,0,2,0,1,0,2,0,0,0,0,0,2,0,0
10/3/2019,0,0,0,1,1,6,0,7,1,3,0,2,0,1,0,2,0,1,0,2,0,2,0,1,1,1,0,1
11/3/2019,0,0,0,1,1,5,0,11,0,2,0,10,0,2,0,1,0,0,0,0,0,1,0,0,1,1,0,2
12/3/2019,0,0,0,0,0,5,0,9,0,6,0,4,0,0,0,0,0,1,0,2,0,0,0,2,1,0,0,1
13/3/2019,0,0,0,3,0,5,0,13,0,4,0,10,0,1,0,0,0,1,0,0,0,3,0,0,0,2,0,1
14/3/2019,0,0,0,0,0,4,0,11,0,6,0,11,0,0,0,2,0,0,0,2,0,7,0,2,0,0,0,2
15/3/2019,0,1,0,0,0,8,0,13,1,7,0,10,0,1,0,2,0,0,0,1,0,1,0,0,0,0,0,3
16/3/2019,0,1,0,0,0,2,0,9,0,3,0,4,0,2,0,0,1,1,0,3,0,3,0,1,0,2,0,0
17/3/2019,0,0,0,3,0,7,0,9,0,7,0,7,0,2,0,0,0,0,0,1,1,3,0,0,1,0,0,0
18/3/2019,0,2,0,0,0,8,0,12,0,2,0,5,0,0,0,0,1,0,0,1,1,0,0,0,0,0,0,0
19/3/2019,0,3,0,3,0,7,0,10,0,11,0,11,0,1,0,0,0,1,0,3,1,1,0,2,0,1,0,0
20/3/2019,0,0,0,0,0,4,0,10,0,4,0,9,0,2,0,1,0,1,0,0,0,1,0,1,0,0,0,1
21/3/2019,0,0,0,0,0,13,0,9,1,6,0,8,0,3,0,1,0,0,0,2,0,1,0,5,0,4,0,3
22/3/2019,0,1,0,1,0,7,0,13,0,10,0,7,0,1,0,1,0,0,0,0,0,1,0,0,0,1,0,2
23/3/2019,0,2,0,1,0,3,0,5,0,6,0,12,0,0,0,1,0,0,0,1,0,2,0,1,0,1,0,1
24/3/2019,0,1,0,1,0,3,0,2,0,8,0,5,0,2,0,1,0,0,0,2,1,2,0,0,1,2,0,1
25/3/2019,1,0,0,2,1,1,0,14,0,9,0,6,0,0,0,0,0,0,0,0,0,2,0,2,1,1,0,0
26/3/2019,0,0,0,1,0,5,0,13,0,7,0,8,0,1,0,2,0,0,0,2,0,1,0,4,0,0,0,2
27/3/2019,0,0,0,0,1,4,0,12,0,4,0,6,0,0,0,1,0,2,0,0,0,2,0,0,0,2,0,3
28/3/2019,0,0,0,1,0,7,0,5,1,6,0,14,1,0,0,0,0,0,0,1,0,4,0,1,0,0,0,3
29/3/2019,0,1,0,0,0,7,0,9,0,10,0,16,0,0,0,2,0,0,0,0,0,5,0,3,0,0,0,2
30/3/2019,0,0,0,2,0,2,0,5,0,5,0,6,0,2,0,3,0,0,0,0,0,0,0,0,0,1,0,0
31/3/2019,0,0,0,2,0,2,0,5,0,6,0,4,0,0,0,1,0,0,0,1,0,2,0,0,0,2,0,1
1/4/2019,0,2,0,1,0,4,0,11,2,8,0,5,0,3,0,2,0,1,0,0,0,0,0,2,0,2,0,1
2/4/2019,0,0,0,1,0,4,0,11,0,13,0,10,0,1,0,0,0,0,0,2,0,1,0,3,0,0,0,1
3/4/2019,0,1,0,1,0,8,0,7,1,8,0,5,0,0,0,0,0,1,0,3,0,0,0,3,0,0,0,0
4/4/2019,0,0,0,0,0,12,0,15,1,1,0,5,0,1,0,0,0,1,0,1,0,5,0,1,0,1,0,1
5/4/2019,0,0,0,2,0,8,0,8,0,13,0,1,0,2,0,1,0,0,0,2,0,3,0,1,0,0,0,2
6/4/2019,0,1,0,3,0,8,0,7,0,12,0,7,1,1,0,0,0,1,0,2,0,1,0,0,0,0,0,0
7/4/2019,0,1,0,1,0,3,0,7,1,7,0,9,1,1,0,1,1,0,0,2,0,1,0,2,0,1,0,1
8/4/2019,1,2,0,0,0,2,0,9,1,3,0,4,0,2,0,1,1,0,0,3,0,1,0,2,0,0,0,2
9/4/2019,0,0,0,0,0,7,0,10,0,4,0,13,0,0,0,0,0,1,0,0,0,2,0,3,0,0,0,2
10/4/2019,1,0,0,0,1,7,0,9,0,7,0,3,0,0,0,2,0,1,0,0,0,3,0,1,0,1,0,2
11/4/2019,0,1,0,2,0,9,0,17,0,4,0,14,0,0,0,0,1,0,0,2,0,2,0,2,0,0,0,2
12/4/2019,0,2,0,2,1,2,0,14,1,5,0,11,0,0,0,0,0,0,0,2,0,2,0,3,0,1,0,0
13/4/2019,0,0,0,2,0,3,0,4,0,6,0,8,0,0,0,1,0,2,0,1,0,1,0,0,0,1,0,0
14/4/2019,0,2,0,1,0,6,0,5,0,6,0,8,0,2,0,0,1,1,0,0,0,2,0,1,0,2,0,0
15/4/2019,0,4,0,2,1,2,0,3,0,5,0,9,0,0,0,0,0,1,0,3,0,3,0,0,0,1,0,1
16/4/2019,0,1,0,1,0,3,0,15,1,8,0,6,0,1,0,1,0,0,0,0,0,0,0,3,0,0,0,0
17/4/2019,0,0,0,0,0,1,0,7,0,18,0,5,0,2,0,1,1,0,0,0,0,1,0,3,0,1,0,2
18/4/2019,0,0,0,1,0,4,0,12,0,4,0,7,0,0,0,2,0,3,0,0,0,1,0,2,0,1,0,3
19/4/2019,0,2,0,3,1,3,0,6,2,3,0,3,0,1,0,0,0,0,0,1,0,3,0,1,1,2,0,5
20/4/2019,0,2,0,2,0,5,0,8,0,3,0,2,0,5,0,7,0,2,0,2,0,0,0,2,0,0,0,2
21/4/2019,0,2,0,2,0,2,0,3,0,2,0,2,0,1,0,0,0,2,0,1,0,0,0,0,0,0,0,0
22/4/2019,0,1,0,2,0,2,0,5,0,2,0,4,0,1,0,0,0,1,0,2,0,3,0,0,0,0,0,0
23/4/2019,0,1,0,2,0,10,0,6,0,4,0,5,0,4,0,1,0,1,0,1,0,3,0,6,1,1,0,2
24/4/2019,0,4,0,3,0,5,0,7,0,5,0,8,0,1,0,3,0,0,0,1,0,0,0,0,0,0,0,0
25/4/2019,0,0,0,2,0,3,0,8,1,1,0,3,0,1,0,1,1,4,0,1,0,3,0,1,0,0,0,1
26/4/2019,0,1,0,2,0,4,0,6,0,8,0,8,0,0,0,0,0,2,0,3,0,2,0,2,1,1,0,2
27/4/2019,0,2,0,1,0,2,0,4,0,1,0,6,0,1,0,2,0,0,0,3,0,2,0,0,0,2,0,0
28/4/2019,0,3,0,3,0,2,0,4,0,3,0,3,0,0,0,1,0,1,0,0,0,0,0,2,0,0,0,1
29/4/2019,0,1,0,3,0,8,0,10,0,4,0,10,0,1,0,3,1,1,0,0,0,1,0,1,0,0,0,2
30/4/2019,0,0,0,2,0,3,0,8,0,7,0,8,0,1,0,1,0,3,0,1,0,0,0,4,0,2,0,0
1/5/2019,0,0,0,1,1,4,0,4,0,6,0,5,0,3,0,1,1,0,0,2,1,1,0,2,0,1,0,0
2/5/2019,1,0,0,4,0,4,0,8,0,8,0,15,0,0,0,2,0,0,0,2,0,1,0,1,0,0,0,1
3/5/2019,0,1,0,0,0,6,0,20,0,11,0,11,0,0,0,3,0,0,0,0,0,0,0,1,0,0,0,2
4/5/2019,1,0,0,2,0,6,0,6,0,5,0,10,2,1,0,3,0,1,0,0,0,2,0,3,0,2,0,0
5/5/2019,0,2,0,0,0,7,0,3,0,3,0,5,0,0,0,4,0,0,0,2,0,4,0,1,1,2,0,0
6/5/2019,0,0,0,0,0,4,0,8,0,5,0,10,0,0,0,0,0,1,0,1,0,2,0,0,0,1,0,2
7/5/2019,0,0,0,1,0,8,0,11,1,9,0,9,0,0,0,3,0,3,0,3,0,0,0,1,0,3,0,1
8/5/2019,0,0,0,2,1,4,0,12,0,2,0,6,0,0,0,1,0,0,0,2,0,1,0,4,0,1,0,2
9/5/2019,0,0,0,1,0,9,0,12,1,6,0,7,0,0,0,1,0,1,0,0,0,0,0,0,0,1,0,2
10/5/2019,0,1,0,2,0,3,0,8,1,5,0,14,0,1,0,1,0,0,0,0,0,0,0,1,0,3,0,1
11/5/2019,0,2,0,2,1,2,0,7,0,4,0,5,0,1,0,2,0,0,0,1,1,3,0,1,0,1,0,2
12/5/2019,1,0,0,0,0,4,0,5,1,1,0,4,0,0,0,1,0,0,0,1,1,0,0,1,0,1,0,0
13/5/2019,0,1,0,1,0,8,0,9,1,8,0,6,0,1,0,2,0,1,0,0,0,2,0,2,0,0,0,1
14/5/2019,0,0,0,2,0,7,0,7,1,8,0,4,0,1,0,0,0,2,0,3,0,0,0,2,0,1,0,3
15/5/2019,1,2,0,1,0,7,0,15,0,5,0,7,0,0,0,1,0,1,0,0,0,1,0,0,0,1,0,2
16/5/2019,0,0,0,0,0,4,0,13,0,10,0,9,0,0,0,0,0,1,0,1,0,3,0,0,0,1,0,2
17/5/2019,0,1,0,0,0,7,0,13,0,6,0,6,0,2,0,1,0,1,0,1,1,1,0,4,0,0,0,0
18/5/2019,0,0,0,2,0,8,0,12,1,8,0,9,0,2,0,0,0,0,0,1,0,1,0,2,0,2,0,0
19/5/2019,0,1,0,1,0,2,0,10,0,8,0,4,0,1,0,0,0,1,0,1,0,1,0,2,2,0,0,0
20/5/2019,1,1,0,1,0,5,0,10,0,4,0,13,0,1,0,0,0,0,0,0,0,1,0,1,1,0,0,0
21/5/2019,0,1,0,1,0,1,0,10,0,4,0,5,0,0,0,0,0,1,0,0,0,3,0,1,0,0,0,0
22/5/2019,0,1,0,1,0,8,0,10,0,6,0,14,0,2,0,0,1,1,0,0,0,2,0,1,0,0,0,0
23/5/2019,0,0,0,2,0,2,0,17,0,4,0,9,0,1,0,0,0,3,0,0,0,2,0,2,0,1,0,0
24/5/2019,0,1,0,2,0,9,0,9,1,4,0,8,0,0,0,0,0,0,0,1,0,3,0,2,0,1,0,1
25/5/2019,1,0,0,0,0,3,0,8,1,6,0,4,0,0,0,2,0,0,0,1,0,3,0,1,0,1,0,1
26/5/2019,0,1,0,1,0,0,0,7,1,7,0,7,0,0,0,1,0,1,0,0,0,1,0,4,0,0,0,2
27/5/2019,0,2,0,3,1,8,0,9,1,3,0,8,0,1,0,1,0,4,0,0,0,1,0,1,1,0,0,1
28/5/2019,0,0,0,1,0,5,0,3,0,8,0,6,0,1,0,0,0,1,0,1,0,0,0,2,0,0,0,3
29/5/2019,0,0,0,2,0,5,0,13,1,11,0,6,0,0,0,3,0,2,0,1,0,0,0,1,0,2,0,0
30/5/2019,0,0,0,0,0,1,0,3,0,4,0,8,0,0,0,1,0,0,0,3,0,2,0,0,0,0,0,1
31/5/2019,0,1,0,2,0,6,0,12,0,8,0,12,0,0,0,1,1,1,0,0,1,0,0,0,0,1,0,1
1/6/2019,0,1,0,0,0,5,0,4,1,3,0,7,0,0,0,1,0,1,0,1,0,3,0,1,0,1,0,1
2/6/2019,0,0,0,1,0,7,0,5,0,4,0,7,0,0,0,1,1,1,0,1,0,0,0,0,0,1,0,0
3/6/2019,0,1,0,1,0,3,0,8,0,6,0,7,0,2,0,0,0,0,0,0,0,2,0,1,0,0,0,1
4/6/2019,0,1,0,1,0,4,0,7,0,5,0,5,0,1,0,2,0,0,0,1,0,1,0,4,0,1,0,1
5/6/2019,0,0,0,0,0,3,0,9,0,2,0,3,0,1,0,1,0,2,0,2,0,0,0,3,0,0,0,0
6/6/2019,0,0,0,0,0,5,0,10,1,7,0,7,0,1,0,2,0,1,0,3,0,0,0,2,0,1,0,1
7/6/2019,0,1,0,1,0,5,0,7,0,4,0,9,0,1,0,0,1,4,0,3,1,1,0,1,0,1,0,1
8/6/2019,1,1,0,2,0,4,0,8,0,5,0,4,1,2,0,1,0,1,0,1,0,1,0,3,0,1,0,0
9/6/2019,0,1,0,3,0,2,0,6,0,5,0,6,0,1,0,2,0,4,0,1,0,2,0,1,0,0,0,1
10/6/2019,0,0,0,2,0,1,0,2,0,3,0,6,0,0,0,1,0,0,0,1,0,1,0,2,0,1,0,0
11/6/2019,0,0,0,2,0,5,0,5,0,6,0,4,0,4,0,0,0,1,0,2,0,1,0,2,0,0,0,2
12/6/2019,0,2,0,1,0,7,0,15,0,6,0,8,0,2,0,1,0,0,0,1,0,2,0,1,0,0,0,1
13/6/2019,0,0,0,0,0,1,0,9,0,5,0,9,0,2,0,1,1,2,0,1,0,0,0,1,0,1,0,0
14/6/2019,0,1,0,0,0,0,0,2,0,6,0,12,0,1,0,0,0,3,0,2,0,1,0,1,0,0,0,0
15/6/2019,0,0,0,2,0,1,0,5,0,3,0,8,0,0,0,0,0,0,0,0,0,2,0,1,1,0,0,1
16/6/2019,0,0,0,1,1,3,0,5,0,7,0,3,1,0,0,0,0,1,0,1,0,0,0,1,0,0,0,0
17/6/2019,0,1,0,1,0,5,0,11,2,5,0,3,0,2,0,1,0,2,0,2,0,1,0,1,0,0,0,3
18/6/2019,0,2,0,0,0,4,0,5,0,10,0,5,0,2,0,1,0,0,0,1,0,2,0,2,0,1,0,0
19/6/2019,0,2,0,1,0,4,0,13,0,4,0,9,0,2,0,0,0,0,0,0,0,2,0,2,0,0,0,0
20/6/2019,0,0,0,0,0,8,0,7,0,9,0,10,0,2,0,1,0,0,0,0,0,0,0,2,0,3,0,0
21/6/2019,0,0,0,0,0,7,0,13,0,8,0,9,0,1,0,2,0,0,0,2,0,2,0,4,0,0,0,2
22/6/2019,0,0,0,0,0,1,0,14,1,6,0,3,0,0,0,1,0,0,0,1,1,3,0,0,0,0,0,3
23/6/2019,0,0,0,2,0,7,0,5,0,6,0,10,0,0,0,1,0,0,0,2,0,1,0,0,0,0,0,1
24/6/2019,0,0,0,1,1,4,0,5,0,10,0,11,0,1,0,1,0,0,0,1,0,0,0,1,0,0,0,3
25/6/2019,0,0,0,0,0,11,0,8,0,4,0,10,0,0,0,0,0,1,0,0,0,0,0,1,0,1,0,1
26/6/2019,0,0,0,1,1,7,0,6,1,4,0,20,0,1,0,2,0,4,0,1,0,2,0,1,0,0,0,2
27/6/2019,0,2,0,4,0,3,0,14,0,4,0,15,0,0,0,2,0,2,0,2,0,1,0,0,1,0,0,2
28/6/2019,0,1,0,0,1,4,0,11,0,9,0,16,0,1,0,0,0,0,0,2,0,2,0,5,0,0,0,1
29/6/2019,0,0,0,2,0,5,0,3,0,5,0,12,0,1,0,5,1,0,0,2,0,3,0,1,0,0,0,3
30/6/2019,0,0,0,4,0,0,0,10,0,1,0,8,0,0,0,3,1,0,0,2,0,1,0,0,0,0,0,0
1/7/2019,0,0,0,1,1,0,0,15,0,1,0,15,0,0,0,0,0,0,0,2,0,1,0,1,0,0,0,3
2/7/2019,0,0,0,3,0,2,0,12,0,1,0,13,0,0,0,0,0,0,0,3,0,0,0,1,0,0,0,2
3/7/2019,0,0,0,3,0,0,0,15,0,1,0,13,0,0,0,5,0,0,0,1,0,0,0,3,1,0,0,4
4/7/2019,0,1,0,1,0,0,0,13,0,0,0,12,0,0,0,4,0,0,0,1,1,1,0,4,0,1,0,1
5/7/2019,0,0,0,2,0,1,0,20,1,0,0,20,0,1,0,2,0,2,0,2,0,0,0,2,0,0,0,6
6/7/2019,0,0,0,2,2,0,0,13,0,0,0,19,0,0,0,2,0,1,0,1,0,0,0,1,0,1,0,3
7/7/2019,0,0,0,2,1,0,0,12,0,1,0,10,0,0,0,3,0,0,0,2,0,0,0,5,0,0,0,1
8/7/2019,0,0,0,2,0,0,0,11,0,2,0,10,0,0,0,2,0,0,0,1,0,0,0,2,0,0,0,0
9/7/2019,0,0,0,2,0,0,0,13,0,0,0,13,0,0,0,2,0,0,0,1,0,0,0,3,0,0,0,2
10/7/2019,0,0,0,4,0,1,0,18,0,3,0,8,1,0,0,0,0,0,0,4,0,1,0,2,0,1,0,1
11/7/2019,0,1,0,1,0,1,0,16,0,3,0,9,0,0,0,4,0,0,0,5,0,0,0,1,1,1,0,3
12/7/2019,0,0,0,2,0,0,0,13,1,2,0,9,0,0,0,4,0,0,0,1,0,1,0,1,0,0,0,3
13/7/2019,0,0,0,4,0,2,0,9,0,1,0,14,0,0,0,2,0,0,0,0,0,0,0,3,0,0,0,6
14/7/2019,0,0,0,1,0,2,0,10,1,2,0,9,0,0,0,3,0,0,0,2,0,0,0,1,0,1,0,2
15/7/2019,0,0,0,2,0,0,0,13,0,2,0,21,0,0,0,0,0,0,0,3,0,0,0,4,0,0,0,3
16/7/2019,1,0,0,1,0,2,0,16,0,0,0,14,0,0,0,2,0,0,0,0,0,1,0,1,0,0,0,3
17/7/2019,0,0,0,4,0,0,0,18,0,2,0,12,0,0,0,2,0,1,0,2,0,0,0,4,0,0,0,4
18/7/2019,0,0,0,0,1,2,0,15,0,1,0,17,0,0,0,3,0,0,0,1,1,0,0,1,0,0,0,3
19/7/2019,0,0,0,1,1,0,0,18,0,2,0,24,0,1,0,2,0,0,0,0,0,0,0,2,0,1,0,3
20/7/2019,0,1,0,2,0,0,0,10,2,1,0,21,0,0,0,2,0,1,0,1,0,1,0,8,0,0,0,5
21/7/2019,0,0,0,3,0,1,0,9,0,1,0,6,1,0,0,3,0,0,0,3,0,0,0,2,0,0,0,0
22/7/2019,0,0,0,0,0,0,0,16,1,2,0,17,0,0,0,0,0,0,0,1,0,0,0,0,0,0,0,1
23/7/2019,0,0,0,1,0,1,0,22,0,1,0,15,0,0,0,0,0,0,0,4,0,0,0,3,2,0,0,5
24/7/2019,0,0,0,4,2,2,0,9,1,0,0,17,0,0,0,1,0,1,0,1,0,0,0,3,0,0,0,1
25/7/2019,0,0,0,1,0,1,0,9,0,3,0,16,0,0,0,3,0,0,0,1,0,0,0,1,0,0,0,0
26/7/2019,0,0,0,3,0,0,0,16,0,0,0,17,0,0,0,1,0,1,0,3,0,0,0,2,0,0,0,4
27/7/2019,0,1,0,1,0,0,0,11,0,3,0,5,0,0,0,6,0,1,0,1,0,1,0,3,1,1,0,5
28/7/2019,0,0,0,2,0,0,0,6,0,1,0,12,0,0,0,3,0,0,0,4,0,1,0,3,0,0,0,1
29/7/2019,0,0,0,0,0,0,0,22,2,1,0,18,0,1,0,0,0,0,0,1,0,0,0,2,0,1,0,1
30/7/2019,0,0,0,0,0,0,0,11,0,2,0,15,0,0,0,3,0,0,0,3,0,0,0,2,0,0,0,4
31/7/2019,0,1,0,1,0,1,0,20,0,2,0,19,0,0,0,2,0,0,0,2,0,0,0,3,0,1,0,3
1/8/2019,0,0,0,0,0,1,0,7,1,2,0,18,0,0,0,1,0,0,0,1,0,0,0,5,0,0,0,2
2/8/2019,0,2,0,1,0,1,0,14,0,2,0,14,0,1,0,3,0,0,0,2,0,0,0,6,0,2,0,1
3/8/2019,0,0,0,1,0,2,0,9,0,0,0,12,0,1,0,3,0,0,0,4,0,0,0,4,0,0,0,4
4/8/2019,0,0,0,2,0,0,0,8,0,0,0,10,0,0,0,7,0,0,0,0,0,0,0,1,0,1,0,4
5/8/2019,0,0,0,1,0,2,0,13,0,0,0,13,0,1,0,2,2,0,0,1,0,1,0,3,0,0,0,2
6/8/2019,0,0,0,0,0,0,0,14,0,2,0,11,0,0,0,1,0,1,0,3,0,1,0,1,0,0,0,2
7/8/2019,0,0,0,0,1,1,0,16,0,1,0,17,0,0,0,2,0,0,0,3,0,1,0,1,0,1,0,0
8/8/2019,0,0,0,3,0,2,0,13,0,0,0,19,0,0,0,1,0,0,0,3,0,0,0,2,0,1,0,0
9/8/2019,0,0,0,3,0,3,0,15,1,1,0,18,0,0,0,6,0,0,0,2,0,0,0,6,0,1,0,2
10/8/2019,0,0,0,1,1,0,0,13,0,0,0,15,0,1,0,4,0,0,0,2,0,1,0,2,0,0,0,2
11/8/2019,0,0,0,4,0,1,0,6,2,1,0,6,0,0,0,2,0,0,0,3,0,0,0,4,0,0,0,6
12/8/2019,0,0,0,1,0,0,0,9,0,0,0,13,0,0,0,0,0,1,0,0,0,0,0,2,0,0,0,2
13/8/2019,0,0,0,0,0,1,0,11,0,1,0,16,0,0,0,2,0,0,0,2,0,0,0,1,0,0,0,0
14/8/2019,0,0,0,4,0,1,0,12,0,3,0,14,0,0,0,3,0,0,0,3,0,0,0,3,0,0,0,0
15/8/2019,0,1,0,2,0,0,0,14,0,0,0,17,0,0,0,2,0,1,0,3,0,0,0,3,0,0,0,2
16/8/2019,0,0,0,0,1,0,0,24,0,3,0,15,1,0,0,1,0,0,0,1,0,1,0,2,0,0,0,3
17/8/2019,0,0,0,1,0,1,0,14,0,1,0,15,0,0,0,2,0,0,0,4,0,0,0,4,0,1,0,1
18/8/2019,0,0,0,2,0,0,0,5,0,1,0,9,0,0,0,1,0,0,0,4,0,1,0,2,0,0,0,1
19/8/2019,0,0,0,1,1,0,0,8,1,2,0,15,0,0,0,4,0,0,0,0,0,0,0,0,0,0,0,1
20/8/2019,0,0,0,1,1,1,0,18,0,0,0,12,0,0,0,1,0,0,0,1,0,0,0,0,0,0,0,1
21/8/2019,0,0,0,3,0,2,0,14,0,1,0,18,0,0,0,3,0,0,0,0,1,0,0,3,0,1,0,0
22/8/2019,0,0,0,3,0,1,0,10,0,1,0,23,0,1,0,2,0,0,0,0,0,0,0,1,0,0,0,2
23/8/2019,0,0,0,2,1,0,0,18,0,3,0,18,0,0,0,2,0,0,0,2,0,0,0,4,0,0,0,3
24/8/2019,0,0,0,2,0,1,0,19,1,0,0,12,0,0,0,5,0,0,0,2,0,2,0,2,0,0,0,1
25/8/2019,0,1,0,3,0,1,0,12,0,2,0,14,0,0,0,4,0,0,0,2,0,0,0,2,0,0,0,2
26/8/2019,0,1,0,0,0,0,0,15,1,1,0,12,0,0,0,1,0,0,0,2,0,0,0,2,0,0,0,1
27/8/2019,0,0,0,2,0,1,0,20,0,0,0,15,0,1,0,0,0,0,0,3,0,0,0,2,0,0,0,4
28/8/2019,0,0,0,2,0,1,0,15,0,2,0,25,0,0,0,2,0,0,0,2,0,0,0,3,1,0,0,5
29/8/2019,0,0,0,2,0,1,0,10,1,0,0,22,0,1,0,1,0,0,0,2,0,0,0,7,0,0,0,4
30/8/2019,0,0,0,3,1,1,0,20,0,2,0,22,0,0,0,1,0,0,0,4,0,0,0,1,0,0,0,0
31/8/2019,0,2,0,9,0,3,0,17,0,2,0,19,0,1,0,4,0,0,0,2,0,1,0,2,0,2,0,2
1/9/2019,0,0,0,3,0,1,0,4,0,1,0,13,0,0,0,2,0,0,0,2,0,1,0,3,0,0,0,0
2/9/2019,0,0,0,1,0,0,0,16,0,3,0,15,0,0,0,3,0,0,0,1,0,0,0,1,0,0,0,1
3/9/2019,0,0,0,2,0,0,0,21,1,1,0,27,0,1,0,2,0,1,0,2,0,0,0,5,0,0,0,2
4/9/2019,0,1,0,3,0,2,0,21,0,1,0,17,0,1,0,0,0,0,0,0,0,0,0,2,0,0,0,1
5/9/2019,0,0,0,4,0,0,0,19,0,3,0,17,0,1,0,1,0,1,0,3,0,0,0,1,0,0,0,0
6/9/2019,0,0,0,2,1,0,0,14,0,3,0,15,1,0,0,2,0,0,0,1,0,0,0,6,0,0,0,1
7/9/2019,0,0,0,2,0,1,0,18,1,1,0,15,0,0,0,4,0,0,0,0,1,0,0,2,0,0,0,1
8/9/2019,0,0,0,1,0,1,0,7,0,1,0,12,0,0,0,3,1,0,0,2,0,1,0,3,0,1,0,4
9/9/2019,0,0,0,1,0,1,0,13,0,2,0,10,0,1,0,0,0,0,0,2,0,0,0,2,1,0,0,1
10/9/2019,0,0,0,4,0,2,0,17,0,1,0,11,0,0,0,3,0,0,0,3,0,1,0,2,0,1,0,3
11/9/2019,0,0,0,3,0,0,0,29,0,1,0,21,1,0,0,1,0,0,0,4,0,1,0,2,0,1,0,0
12/9/2019,0,1,0,2,0,0,0,17,0,2,0,12,0,0,0,5,0,0,0,2,0,0,0,6,0,1,0,2
13/9/2019,1,0,0,2,0,0,0,17,0,0,0,14,0,0,0,2,0,0,0,1,0,0,0,4,0,1,0,2
14/9/2019,0,0,0,2,0,1,0,17,0,2,0,18,0,0,0,4,0,0,0,3,0,0,0,4,0,0,0,3
15/9/2019,0,1,0,0,0,2,0,7,0,2,0,14,0,0,0,2,0,2,0,3,0,3,0,3,0,1,0,3
16/9/2019,0,0,0,0,0,2,0,13,0,2,0,10,0,1,0,2,0,0,0,1,0,0,0,5,0,0,0,1
17/9/2019,0,1,0,3,0,3,0,14,0,2,0,16,1,1,0,1,1,1,0,0,0,0,0,4,0,0,0,6
18/9/2019,0,0,0,3,0,4,0,23,0,1,0,17,0,0,0,1,1,0,0,4,0,0,0,7,0,0,0,4
19/9/2019,0,0,0,2,1,5,0,19,0,1,0,10,0,1,0,1,0,0,0,3,0,0,0,2,0,0,0,1
20/9/2019,0,0,0,1,1,0,0,4,1,0,0,22,0,1,0,1,0,0,0,2,0,0,0,2,0,0,0,4
21/9/2019,1,0,0,1,0,0,0,9,0,0,0,15,0,0,0,3,0,0,0,2,0,0,0,1,0,2,0,1
22/9/2019,0,1,0,3,0,1,0,13,0,0,0,10,0,0,0,4,1,0,0,1,0,0,0,3,0,1,0,7
23/9/2019,0,0,0,0,0,1,0,19,0,0,0,17,0,0,0,2,0,1,0,2,0,0,0,6,0,0,0,3
24/9/2019,0,0,0,2,0,0,0,10,1,0,0,15,0,0,0,1,0,0,0,1,0,0,0,1,0,0,0,0
25/9/2019,0,0,0,1,0,1,0,6,0,2,0,18,0,0,0,3,0,0,0,2,0,0,0,3,0,0,0,0
26/9/2019,0,0,0,3,0,3,0,21,0,1,0,16,0,0,0,1,0,0,0,1,0,0,0,3,0,1,0,2
27/9/2019,0,0,0,5,0,0,0,10,0,2,0,14,0,0,0,6,0,0,0,4,0,0,0,4,0,0,0,2
28/9/2019,0,0,0,4,1,0,0,13,0,0,0,4,0,0,0,1,0,0,0,3,0,0,0,4,0,1,0,0
29/9/2019,0,0,0,0,0,2,0,7,1,1,0,5,0,2,0,4,0,0,0,4,0,1,0,1,0,0,0,2
30/9/2019,0,0,0,1,0,0,0,14,0,0,0,16,0,1,0,0,0,0,0,2,0,0,0,1,0,0,0,1
1/10/2019,0,0,0,4,0,2,0,16,0,1,0,11,1,1,0,1,0,0,0,2,0,0,0,2,0,0,0,3
2/10/2019,0,0,0,2,0,1,0,10,0,1,0,18,0,0,0,3,0,0,0,2,0,1,0,1,0,0,0,1
3/10/2019,0,0,0,0,0,1,0,20,0,2,0,20,0,2,0,0,0,0,0,1,0,0,0,5,0,0,0,0
4/10/2019,0,1,0,2,0,3,0,19,1,1,0,20,0,0,0,1,0,0,0,1,0,1,0,4,1,0,0,3
5/10/2019,0,1,0,0,0,1,0,16,0,2,0,11,0,1,0,8,0,0,0,1,0,0,0,3,0,1,0,2
6/10/2019,1,0,0,3,0,0,0,7,0,1,0,8,0,0,0,7,0,1,0,1,1,0,0,3,0,0,0,4
7/10/2019,1,1,0,2,0,1,0,11,0,0,0,12,0,0,0,0,0,0,0,1,0,0,0,3,0,0,0,4
8/10/2019,0,1,0,2,0,0,0,25,0,1,0,15,0,0,0,1,0,1,0,2,0,0,0,2,0,0,0,1
9/10/2019,0,0,0,0,0,2,0,18,1,1,0,12,0,0,0,2,0,1,0,7,0,0,0,2,0,1,0,2
10/10/2019,0,0,0,0,1,0,0,23,0,2,0,19,0,1,0,1,0,0,0,2,1,0,0,3,0,0,0,3
11/10/2019,0,0,0,1,0,1,0,14,0,3,0,16,0,0,0,1,0,0,0,2,0,2,0,6,0,1,0,0
12/10/2019,0,2,0,4,0,0,0,15,0,1,0,11,0,0,0,3,0,1,0,2,0,0,0,5,0,1,0,0
13/10/2019,0,0,0,5,0,2,0,13,1,1,0,10,1,0,0,1,1,0,0,3,0,1,0,2,1,0,0,3
14/10/2019,0,0,0,2,1,2,0,9,0,0,0,16,0,0,0,3,0,0,0,3,0,0,0,3,0,0,0,1
15/10/2019,1,0,0,0,0,0,0,20,0,0,0,11,0,0,0,0,0,0,0,1,0,0,0,4,0,0,0,0
16/10/2019,0,0,0,0,0,2,0,19,0,0,0,26,0,1,0,1,0,0,0,3,0,0,0,2,0,0,0,3
17/10/2019,0,0,0,2,0,2,0,16,0,2,0,17,0,1,0,2,0,0,0,1,0,0,0,1,0,1,0,2
18/10/2019,0,0,0,2,0,3,0,21,0,2,0,19,0,0,0,2,0,0,0,4,0,0,0,0,0,0,0,3
19/10/2019,0,0,0,2,0,0,0,14,0,2,0,10,1,1,0,3,0,0,0,4,0,2,0,6,0,3,0,5
20/10/2019,0,1,0,1,0,2,0,10,0,1,0,13,0,0,0,2,0,1,0,1,0,0,0,5,1,0,0,5
21/10/2019,0,0,0,1,1,1,0,19,0,0,0,19,0,0,0,1,0,0,0,0,0,0,0,2,0,1,0,3
22/10/2019,0,0,0,1,0,1,0,26,0,1,0,18,0,0,0,1,0,1,0,1,0,0,0,5,0,0,0,2
23/10/2019,1,0,0,5,0,0,0,25,1,0,0,21,0,0,0,3,0,0,0,1,0,0,0,0,1,1,0,2
24/10/2019,0,0,0,4,0,1,0,15,1,0,0,20,0,1,0,1,0,0,0,2,0,0,0,3,0,1,0,1
25/10/2019,0,0,0,4,0,1,0,15,0,2,0,21,0,0,0,4,0,0,0,2,0,1,0,3,0,0,0,5
26/10/2019,0,0,0,4,0,0,0,14,1,1,0,10,0,1,0,2,0,0,0,2,0,0,0,3,1,0,0,0
27/10/2019,0,0,0,1,0,3,0,11,1,0,0,8,0,1,0,4,0,0,0,3,1,1,0,1,0,0,0,1
28/10/2019,1,0,0,2,0,1,0,25,0,2,0,13,1,0,0,0,0,0,0,4,1,0,0,5,0,0,0,0
29/10/2019,0,0,0,2,0,5,0,15,0,1,0,19,0,0,0,3,1,1,0,2,0,3,0,2,0,0,0,4
30/10/2019,0,1,0,2,0,0,0,24,0,0,0,19,0,1,0,0,0,0,0,2,0,0,0,4,1,1,0,2
31/10/2019,0,0,0,0,0,2,0,27,1,0,0,18,0,0,0,3,0,0,0,5,0,0,0,5,0,0,0,2
1/11/2019,0,0,0,1,0,2,0,19,1,0,0,15,0,0,0,3,1,2,0,3,0,0,0,3,0,0,0,0
2/11/2019,0,1,0,2,0,0,0,16,0,1,0,17,0,0,0,2,0,1,0,4,0,0,0,3,0,0,0,1
3/11/2019,0,1,0,6,0,0,0,10,0,1,0,12,0,1,0,4,0,0,0,4,0,0,0,3,0,0,0,4
4/11/2019,0,0,0,8,1,0,0,11,0,2,0,18,0,0,0,5,0,0,0,5,0,0,0,0,1,1,0,1
5/11/2019,0,0,0,3,0,1,0,12,0,1,0,5,1,2,0,2,0,1,0,0,0,0,0,2,0,0,0,3
6/11/2019,0,0,0,3,0,1,0,8,0,3,0,9,0,0,0,0,0,0,0,1,1,0,0,1,0,1,0,1
7/11/2019,1,0,0,1,0,1,0,16,0,0,0,15,0,1,0,2,0,0,0,2,0,0,0,2,0,1,0,0
8/11/2019,0,0,0,2,0,2,0,16,0,0,0,25,0,1,0,3,0,0,0,3,0,0,0,4,0,0,0,1
9/11/2019,1,1,0,4,0,1,0,12,0,0,0,6,0,0,0,2,0,0,0,3,0,1,0,3,0,1,0,2
10/11/2019,0,0,0,2,0,2,0,11,0,0,0,10,0,0,0,3,0,1,0,1,0,1,0,6,0,0,0,4
11/11/2019,0,0,0,0,1,0,0,24,0,1,0,20,0,0,0,0,0,0,0,3,0,0,0,7,0,0,0,0
12/11/2019,0,0,0,2,0,1,0,20,1,5,0,17,0,0,0,1,0,0,0,1,0,1,0,6,0,0,0,2
13/11/2019,0,0,0,2,1,1,0,19,0,2,0,14,0,0,0,2,0,1,0,3,0,1,0,2,0,0,0,4
14/11/2019,0,0,0,1,1,0,0,20,0,2,0,13,0,0,0,2,0,2,0,0,0,0,0,1,0,0,0,3
15/11/2019,0,0,0,1,0,2,0,13,0,2,0,20,0,1,0,2,0,0,0,3,0,2,0,2,0,0,0,4
16/11/2019,0,0,0,3,0,0,0,10,0,0,0,14,0,1,0,2,0,0,0,1,0,0,0,3,0,1,0,4
17/11/2019,0,0,0,2,0,0,0,14,0,0,0,8,0,0,0,3,0,0,0,2,0,0,0,1,0,1,0,4
18/11/2019,1,0,0,3,0,0,0,28,1,1,0,18,0,1,0,0,0,0,0,1,0,1,0,3,0,0,0,1
19/11/2019,0,0,0,1,0,1,0,25,0,2,0,17,0,1,0,4,0,0,0,3,0,0,0,1,0,0,0,1
20/11/2019,0,0,0,5,0,1,0,33,1,2,0,15,0,1,0,1,0,0,0,2,0,0,0,5,0,0,0,3
21/11/2019,0,0,0,1,1,1,0,10,1,0,0,16,0,1,0,1,0,0,0,5,0,0,0,2,0,0,0,2
22/11/2019,0,0,0,4,0,0,0,22,0,0,0,20,0,0,0,0,0,0,0,9,0,0,0,3,0,0,0,1
23/11/2019,0,2,0,7,0,0,0,16,0,2,0,13,0,1,0,5,0,2,0,4,0,1,0,3,0,0,0,2
24/11/2019,0,0,0,2,0,2,0,17,0,0,0,16,0,0,0,3,0,1,0,3,0,0,0,2,1,1,0,2
25/11/2019,0,0,0,4,0,1,0,19,0,0,0,14,0,0,0,0,0,0,0,3,0,0,0,3,0,0,0,1
26/11/2019,0,1,0,2,0,2,0,27,0,1,0,8,0,1,0,2,0,0,0,0,0,0,0,2,1,1,0,1
27/11/2019,0,0,0,3,0,2,0,23,0,2,0,16,0,1,0,4,0,1,0,2,0,0,0,4,0,0,0,1
28/11/2019,0,0,0,2,0,0,0,19,0,2,0,12,0,1,0,5,0,1,0,1,1,0,0,4,0,0,0,2
29/11/2019,0,2,0,3,0,3,0,21,0,3,0,17,1,0,0,2,0,1,0,0,0,1,0,1,0,0,0,1
30/11/2019,1,0,0,2,0,0,0,16,1,0,0,17,0,2,0,7,1,1,0,3,0,1,0,3,0,0,0,3
1/12/2019,1,1,0,1,0,2,0,15,0,1,0,9,0,1,0,2,1,0,0,1,1,2,0,2,0,1,0,3
2/12/2019,0,0,0,3,0,4,0,9,0,2,0,15,0,0,0,0,0,0,0,1,0,0,0,1,0,1,0,2
3/12/2019,0,0,0,1,0,3,0,20,0,2,0,18,0,0,0,2,0,0,0,0,0,0,0,2,0,0,0,2
4/12/2019,0,0,0,2,0,3,0,24,0,2,0,18,0,0,0,0,0,0,0,4,0,0,0,2,0,1,0,1
5/12/2019,0,0,0,3,1,2,0,19,2,2,0,17,0,1,0,2,0,0,0,0,0,0,0,3,0,1,0,3
6/12/2019,0,0,0,0,0,2,0,18,0,2,0,11,0,1,0,3,0,1,0,2,0,0,0,3,0,0,0,4
7/12/2019,0,2,0,1,0,0,0,14,0,0,0,12,0,2,0,2,0,0,0,6,0,1,0,2,0,0,0,3
8/12/2019,0,1,0,2,0,1,0,14,0,1,0,18,0,1,0,1,0,1,0,1,0,1,0,8,1,1,0,3
9/12/2019,0,0,0,2,0,0,0,9,0,0,0,14,1,0,0,2,0,0,0,1,0,0,0,2,0,1,0,2
10/12/2019,0,0,0,3,0,3,0,20,0,2,0,17,0,2,0,0,0,0,0,0,1,0,0,4,0,0,0,2
11/12/2019,0,0,0,1,0,1,0,20,0,3,0,16,0,0,0,0,0,0,0,3,0,0,0,1,0,0,0,4
12/12/2019,0,1,0,5,0,0,0,16,0,2,0,18,0,0,0,1,1,0,0,3,0,1,0,2,0,0,0,2
13/12/2019,0,0,0,3,0,1,0,22,0,1,0,19,0,0,0,5,0,1,0,1,1,0,0,2,1,1,0,5
14/12/2019,0,0,0,0,1,2,0,12,0,4,0,14,0,2,0,3,0,0,0,3,0,1,0,0,0,0,0,0
15/12/2019,0,0,0,2,1,0,0,10,0,0,0,7,0,0,0,1,0,1,0,1,0,0,0,3,0,0,0,2
16/12/2019,0,1,0,4,0,1,0,14,0,3,0,13,0,0,0,1,0,0,0,2,0,1,0,1,1,0,0,3
17/12/2019,0,0,0,2,0,2,0,14,0,2,0,12,0,3,0,2,0,0,0,2,0,2,0,1,0,0,0,7
18/12/2019,0,0,0,1,0,4,0,15,0,1,0,10,0,0,0,0,0,0,0,2,0,0,0,1,0,0,0,1
19/12/2019,0,0,0,3,1,3,0,29,0,4,0,13,0,0,0,2,1,0,0,0,0,0,0,6,1,1,0,0
20/12/2019,0,0,0,0,1,2,0,15,3,3,0,20,0,0,0,1,0,1,0,3,0,1,0,5,0,0,0,2
21/12/2019,0,0,0,1,0,1,0,11,1,3,0,12,0,0,0,1,0,0,0,3,0,2,0,7,0,0,0,2
22/12/2019,1,0,0,2,0,3,0,7,0,0,0,4,0,1,0,1,0,0,0,2,0,0,0,6,0,0,0,1
23/12/2019,0,0,0,3,0,0,0,11,0,1,0,19,0,0,0,3,0,0,0,1,0,0,0,2,0,0,0,0
24/12/2019,0,0,0,3,0,2,0,13,0,4,0,10,0,1,0,2,0,1,0,2,0,2,0,5,0,2,0,1
25/12/2019,0,0,0,0,0,3,0,7,0,2,0,7,0,2,0,1,0,1,0,0,0,1,0,3,0,1,0,0
26/12/2019,0,1,0,2,0,1,0,5,0,1,0,6,0,0,0,1,0,0,0,2,0,0,0,2,0,0,0,2
27/12/2019,0,0,0,2,0,2,0,12,0,0,0,8,0,0,0,1,0,0,0,1,0,0,0,4,0,0,0,1
28/12/2019,0,0,0,0,0,1,0,11,0,0,0,4,0,0,0,1,1,1,0,0,0,1,0,3,0,1,0,1
29/12/2019,0,1,0,1,0,0,0,6,0,2,0,7,0,0,0,4,0,0,0,2,0,0,0,6,1,1,0,0
30/12/2019,0,0,0,1,0,2,0,5,0,2,0,5,0,2,0,2,0,1,0,3,0,0,0,3,0,0,0,4
31/12/2019,0,0,0,3,0,1,0,16,0,1,0,15,0,0,0,6,0,1,0,4,1,0,0,5,1,1,0,1
1/1/2020,0,0,0,3,1,0,0,12,0,3,0,7,0,0,0,3,0,1,0,2,0,0,0,3,0,0,0,0
2/1/2020,0,0,0,2,2,0,0,8,1,2,0,15,0,0,0,0,0,1,0,3,0,3,0,3,0,1,0,0
3/1/2020,0,0,0,1,0,2,0,7,0,1,0,10,1,0,0,3,0,1,0,1,1,0,0,3,0,1,0,1
4/1/2020,1,0,0,0,0,0,0,1,0,2,0,12,1,2,0,3,0,1,0,2,0,1,0,1,0,0,0,1
5/1/2020,0,1,0,4,0,0,0,8,0,3,0,10,0,2,0,4,0,0,0,4,0,0,0,2,0,1,0,1
6/1/2020,0,0,0,4,0,3,0,9,0,3,0,8,0,1,0,1,1,0,0,0,0,1,0,4,0,0,0,2
7/1/2020,1,0,0,3,0,1,0,11,0,0,0,9,0,0,0,1,0,1,0,0,0,2,0,1,0,1,0,0
8/1/2020,0,0,0,2,0,1,0,11,1,1,0,12,0,0,0,0,1,2,0,1,0,0,0,0,0,0,0,1
9/1/2020,0,1,0,1,0,0,0,7,0,0,0,10,0,0,0,2,0,0,0,3,0,0,0,3,0,1,0,2
10/1/2020,0,0,0,2,0,3,0,13,0,1,0,12,0,0,0,1,0,0,0,7,0,1,0,1,0,1,0,2
11/1/2020,0,1,0,1,0,3,0,7,0,0,0,5,0,2,0,1,0,1,0,3,0,1,0,2,0,0,0,2
12/1/2020,0,2,0,3,0,3,0,6,0,2,0,13,0,0,0,1,0,0,0,1,0,0,0,2,1,0,0,2
13/1/2020,0,1,0,1,0,2,0,13,2,2,0,4,0,1,0,0,0,1,0,2,0,0,0,6,0,0,0,1
14/1/2020,0,1,0,3,0,2,0,18,1,2,0,11,0,0,0,1,0,2,0,2,0,0,0,6,0,0,0,3
15/1/2020,0,1,0,3,0,1,0,11,0,1,0,13,0,0,0,4,0,0,0,2,0,1,0,2,0,1,0,1
16/1/2020,0,0,0,0,0,1,0,16,0,4,0,18,0,0,0,1,0,2,0,0,0,0,0,3,1,0,0,4
17/1/2020,0,0,0,0,0,0,0,12,0,2,0,14,0,1,0,0,0,0,0,1,0,1,0,5,0,1,0,2
18/1/2020,0,1,0,1,0,0,0,16,0,1,0,10,0,1,0,1,0,1,0,1,0,1,0,0,0,0,0,1
19/1/2020,0,2,0,1,0,0,0,5,0,2,0,15,0,0,0,3,0,0,0,0,0,0,0,3,0,3,0,0
20/1/2020,0,1,0,0,0,1,0,10,0,2,0,4,1,1,0,0,0,0,0,3,0,0,0,2,0,0,0,1
21/1/2020,0,0,0,2,0,1,0,13,0,2,0,16,0,0,0,0,1,0,0,2,0,0,0,0,0,0,0,0
22/1/2020,0,0,0,3,0,1,0,20,0,1,0,13,0,1,0,2,0,0,0,2,0,3,0,1,1,1,0,0
23/1/2020,0,0,0,1,0,4,0,13,0,3,0,30,0,0,0,1,0,0,0,0,0,0,0,5,0,0,0,1
24/1/2020,0,0,0,3,0,2,0,13,0,3,0,13,0,1,0,2,0,1,0,0,0,0,0,2,0,0,0,6
25/1/2020,0,1,0,0,0,3,0,12,0,1,0,12,0,0,0,4,0,1,0,2,0,3,0,9,0,0,0,5
26/1/2020,2,2,0,1,0,2,0,10,0,2,0,7,0,1,0,2,0,1,0,1,0,2,0,3,0,0,0,0
27/1/2020,1,0,0,2,0,2,0,8,0,4,0,11,0,1,0,1,0,1,0,3,0,1,0,0,0,1,0,0
28/1/2020,0,0,0,0,0,5,0,14,0,2,0,13,0,1,0,4,0,0,0,2,0,0,0,1,2,1,0,1
29/1/2020,0,1,0,1,0,2,0,17,0,3,0,14,0,0,0,2,0,1,0,1,1,1,0,3,0,1,0,3
30/1/2020,0,0,0,0,0,3,0,14,1,4,0,16,0,3,0,1,0,1,0,0,1,1,0,1,0,0,0,4
31/1/2020,0,0,0,0,0,5,0,16,0,2,0,15,1,1,0,3,0,1,0,3,2,1,0,1,1,1,0,0
1/2/2020,0,0,0,3,0,2,0,14,1,2,0,11,0,2,0,3,0,0,0,1,0,1,0,3,0,0,0,3
2/2/2020,0,1,0,4,0,1,0,13,0,2,0,11,0,0,0,1,1,0,0,0,0,1,0,2,0,0,0,4
3/2/2020,0,0,0,3,0,1,0,14,0,3,0,15,0,0,0,0,0,0,0,0,0,2,0,5,0,0,0,0
4/2/2020,0,1,0,1,1,4,0,19,0,2,0,18,1,0,0,0,0,1,0,1,0,2,0,3,1,1,0,2
5/2/2020,1,0,0,0,0,4,0,17,0,5,0,11,0,1,0,1,0,0,0,0,0,1,0,1,0,0,0,1
6/2/2020,0,1,0,2,0,1,0,21,0,6,0,15,0,0,0,2,0,1,0,1,0,1,0,0,0,1,0,1
7/2/2020,0,1,0,1,0,5,0,7,0,3,0,14,0,1,0,3,0,0,0,2,0,3,0,0,0,3,0,3
8/2/2020,0,4,0,1,0,1,0,8,0,5,0,8,0,1,0,2,0,0,0,1,1,2,0,3,0,0,0,0
9/2/2020,0,1,0,1,0,0,0,9,0,2,0,5,0,0,0,1,0,0,0,3,0,2,0,2,0,0,0,1
10/2/2020,0,0,0,3,0,5,0,15,0,4,0,12,0,1,0,2,0,0,0,1,1,0,0,0,1,1,0,2
11/2/2020,0,0,0,3,0,3,0,11,1,0,0,10,0,0,0,1,1,0,0,0,0,3,0,1,0,0,0,2
12/2/2020,1,1,0,1,0,2,0,14,1,4,0,12,0,1,0,2,0,0,0,1,0,2,0,1,0,2,0,1
13/2/2020,0,2,0,0,0,0,0,21,0,3,0,9,0,0,0,1,0,0,0,3,1,0,0,1,0,0,0,1
14/2/2020,0,0,0,2,0,5,0,21,0,5,0,23,0,0,0,4,0,1,0,1,0,2,0,3,0,0,0,0
15/2/2020,0,3,0,1,1,1,0,24,1,4,0,11,0,1,0,1,0,0,0,3,0,0,0,1,0,1,0,2
16/2/2020,0,2,0,0,0,3,0,16,0,7,0,5,0,2,0,4,0,0,0,1,0,1,0,2,2,2,0,1
17/2/2020,0,2,0,2,0,7,0,14,1,3,0,15,1,0,0,0,0,0,0,0,0,0,0,3,0,0,0,1
18/2/2020,0,0,0,1,0,3,0,15,1,2,0,14,0,0,0,2,0,0,0,0,0,2,0,5,0,0,0,0
19/2/2020,0,1,0,1,0,0,0,16,0,1,0,17,0,1,0,0,0,0,0,1,0,2,0,4,0,0,0,1
20/2/2020,0,1,0,3,0,1,0,14,0,6,0,12,0,0,0,1,0,1,0,4,0,1,0,2,0,0,0,0
21/2/2020,0,1,0,2,0,4,0,15,1,5,0,18,0,0,0,0,0,0,0,1,0,0,0,2,0,0,0,1
22/2/2020,0,1,0,4,0,1,0,9,0,4,0,17,0,1,0,2,0,1,0,4,0,1,0,2,0,1,0,2
23/2/2020,0,1,0,2,0,1,0,11,0,5,0,8,0,1,0,1,0,2,0,2,0,1,0,5,0,2,0,2
24/2/2020,0,0,0,0,0,1,0,14,0,2,0,8,0,2,0,0,0,0,0,1,0,1,0,1,1,1,0,1
25/2/2020,0,1,0,1,0,3,0,23,0,6,0,20,0,0,0,0,0,0,0,0,0,1,0,2,0,0,0,1
26/2/2020,0,1,0,0,0,1,0,14,0,5,0,12,0,0,0,2,0,1,0,3,0,1,0,4,0,2,0,0
27/2/2020,0,1,0,1,0,6,0,18,1,2,0,13,0,1,0,1,0,2,0,1,0,1,0,1,0,0,0,2
28/2/2020,0,1,0,1,0,2,0,9,0,2,0,17,1,1,0,2,0,1,0,1,0,1,0,4,0,0,0,1
29/2/2020,0,0,0,1,0,2,0,18,0,4,0,11,0,1,0,4,0,1,0,4,0,3,0,3,0,1,0,4
1/3/2020,0,2,0,3,0,4,0,11,0,6,0,8,0,3,0,2,0,0,0,2,0,1,0,2,0,1,0,3
2/3/2020,2,0,0,3,0,4,0,4,0,5,0,10,0,0,0,1,1,2,0,1,0,2,0,0,0,0,0,2
3/3/2020,0,0,0,1,0,5,0,13,0,2,0,10,0,1,0,1,0,0,0,1,0,1,0,2,0,0,0,1
4/3/2020,0,1,0,2,0,1,0,15,0,1,0,9,0,0,0,1,0,2,0,1,0,1,0,2,0,1,0,1
5/3/2020,1,0,0,4,0,5,0,16,0,2,0,17,1,1,0,1,0,0,0,2,0,0,0,1,0,0,0,1
6/3/2020,0,1,0,4,0,2,0,22,0,3,0,13,0,0,0,2,0,1,0,0,0,2,0,3,0,2,0,0
7/3/2020,1,1,0,2,0,0,0,14,1,3,0,10,0,4,0,1,0,3,0,1,0,2,0,3,0,4,0,1
8/3/2020,0,2,0,4,0,0,0,9,1,4,0,13,0,0,0,4,0,0,0,3,0,0,0,1,0,2,0,2
9/3/2020,0,2,0,1,1,0,0,10,0,2,0,4,0,2,0,1,0,0,0,2,1,1,0,1,0,0,0,4
10/3/2020,0,0,0,1,0,5,0,20,0,3,0,14,0,0,0,0,0,1,0,0,1,0,0,2,0,1,0,0
11/3/2020,0,1,0,1,1,4,0,10,2,3,0,16,0,2,0,0,0,0,0,1,0,1,0,2,0,0,0,3
12/3/2020,0,0,0,2,0,6,0,27,1,3,0,8,0,0,0,1,0,0,0,3,0,0,0,2,0,2,0,1
13/3/2020,0,0,0,1,0,5,0,11,0,1,0,10,0,0,0,2,0,1,0,0,0,0,0,2,0,0,0,1
14/3/2020,1,1,0,0,0,4,0,8,2,3,0,8,0,1,0,4,0,1,0,1,0,2,0,2,0,1,0,4
15/3/2020,0,1,0,4,0,3,0,5,0,3,0,16,0,2,0,3,0,1,0,4,0,5,0,3,1,0,0,2
16/3/2020,0,0,0,2,0,4,0,11,0,1,0,14,1,0,0,3,0,0,0,4,2,0,0,0,0,0,0,3
17/3/2020,1,1,0,2,0,4,0,17,1,5,0,16,0,4,0,3,0,2,0,1,1,3,0,2,0,1,0,2
18/3/2020,0,0,0,0,2,4,0,9,0,1,0,10,0,0,0,0,0,0,0,0,0,1,0,5,0,0,0,2
19/3/2020,0,2,0,3,0,0,0,10,0,1,0,8,0,0,0,1,0,0,0,0,0,3,0,1,0,0,0,1
20/3/2020,0,0,0,1,0,3,0,8,0,1,0,2,0,0,0,2,0,1,0,1,0,2,0,1,0,0,0,1
21/3/2020,0,1,0,1,0,1,0,7,0,3,0,7,1,2,0,4,0,3,0,1,0,0,0,1,2,0,0,3
22/3/2020,0,1,0,1,0,0,0,1,0,4,0,9,0,2,0,5,0,0,0,1,0,2,0,4,0,1,0,1
23/3/2020,0,1,0,1,0,0,0,10,0,1,0,7,0,0,0,1,0,2,0,2,0,0,0,0,0,1,0,0
24/3/2020,0,0,0,2,0,0,0,4,0,0,0,5,0,0,0,0,0,1,0,1,0,0,0,0,0,0,0,2
25/3/2020,0,2,0,1,0,0,0,16,0,3,0,4,0,0,0,0,0,1,0,1,0,1,0,0,0,0,0,0
26/3/2020,0,0,0,1,0,1,0,6,0,1,0,8,0,0,0,0,0,0,0,2,0,1,0,1,0,0,0,1
27/3/2020,0,0,0,0,0,7,0,10,0,4,0,10,0,0,0,1,1,1,0,0,0,1,0,1,0,1,0,4
28/3/2020,0,2,0,1,0,3,0,11,0,1,0,7,0,0,0,1,0,3,0,1,0,1,0,1,0,2,0,0
29/3/2020,0,3,0,1,0,3,0,3,0,2,0,7,0,0,0,0,0,1,0,2,0,1,0,1,0,2,0,1
30/3/2020,0,0,0,1,1,1,0,6,0,3,0,7,0,1,0,0,0,1,0,1,1,0,0,0,0,0,0,0
31/3/2020,0,0,0,0,0,3,0,9,0,3,0,6,0,0,0,0,0,1,0,0,0,0,0,1,0,1,0,1
1/4/2020,0,0,0,1,0,2,0,3,1,3,0,6,0,0,0,1,0,0,0,1,0,1,0,2,0,0,0,1
2/4/2020,0,0,0,2,0,1,0,4,1,3,0,8,0,1,0,1,0,0,0,0,0,1,0,0,0,1,0,0
3/4/2020,0,0,0,1,0,2,0,5,1,1,0,2,0,0,0,1,1,0,0,1,0,1,0,1,0,0,0,0
4/4/2020,0,0,0,2,0,0,0,5,0,2,0,3,0,0,0,0,0,0,0,1,0,0,0,1,0,1,0,0
5/4/2020,0,1,0,2,1,1,0,5,0,1,0,4,0,0,0,2,0,0,0,1,0,0,0,1,0,0,0,0
6/4/2020,0,0,0,0,0,2,0,3,0,1,0,3,0,1,0,0,0,1,0,0,0,0,0,1,0,0,0,2
7/4/2020,1,2,0,1,0,0,0,7,1,4,0,6,0,0,0,0,0,1,0,0,0,1,0,0,0,0,0,0
8/4/2020,0,1,0,0,0,3,0,7,0,1,0,6,0,0,0,0,0,0,0,1,0,1,0,1,0,0,0,1
9/4/2020,0,1,0,2,0,2,0,10,0,2,0,9,0,0,0,0,0,1,0,0,0,2,0,1,0,0,0,0
10/4/2020,0,0,0,1,0,0,0,2,0,3,0,8,0,2,0,0,0,0,0,1,0,1,0,0,0,0,0,3
11/4/2020,0,0,0,0,0,0,0,4,0,2,0,6,0,0,0,0,0,0,0,0,0,0,0,1,0,0,0,2
12/4/2020,0,0,0,0,1,1,0,3,0,0,0,3,0,1,0,0,0,2,0,0,0,1,0,0,0,0,0,1
13/4/2020,0,0,0,1,0,0,0,5,0,1,0,1,0,1,0,0,1,0,0,2,0,0,0,0,0,0,0,0
14/4/2020,0,0,0,0,0,1,0,6,0,0,0,3,0,0,0,0,0,0,0,0,0,0,0,1,0,0,0,0
15/4/2020,0,0,0,1,0,1,0,6,0,2,0,4,0,0,0,0,0,1,0,1,0,0,0,0,0,0,0,0
16/4/2020,0,0,0,0,0,1,0,5,0,1,0,3,0,2,0,0,0,0,0,1,0,0,0,0,0,1,0,1
17/4/2020,0,0,0,0,0,0,0,2,0,1,0,2,0,0,0,0,1,0,0,1,0,0,0,3,0,0,0,0
18/4/2020,0,1,0,0,0,2,0,1,0,2,0,4,0,0,0,0,0,1,0,0,0,0,0,1,0,1,0,0
19/4/2020,0,1,0,4,0,1,0,1,0,3,0,7,0,1,0,0,0,0,0,1,0,0,0,0,0,0,0,0
20/4/2020,0,0,0,0,0,1,0,4,0,2,0,3,0,0,0,0,1,0,0,0,0,0,0,0,0,2,0,0
21/4/2020,0,0,0,0,1,1,0,10,0,3,0,4,0,0,0,0,0,0,0,2,0,1,0,1,0,0,0,1
22/4/2020,0,2,0,0,1,0,0,6,1,3,0,4,0,0,0,0,0,0,0,2,0,0,0,1,1,0,0,1
23/4/2020,0,1,0,0,0,2,0,12,1,1,0,6,0,0,0,0,0,0,0,0,0,0,0,0,0,1,0,2
24/4/2020,0,1,0,0,0,1,0,11,0,1,0,11,0,1,0,1,0,1,0,1,0,0,0,2,0,3,0,0
25/4/2020,0,1,0,0,0,1,0,4,0,0,0,4,0,0,0,0,0,0,0,2,0,3,0,0,0,1,0,1
26/4/2020,0,0,0,1,0,1,0,3,0,1,0,1,0,0,0,0,0,1,0,1,0,0,0,0,0,1,0,1
27/4/2020,0,1,0,0,0,1,0,7,0,2,0,7,0,0,0,1,0,0,0,1,0,0,0,1,0,1,0,0
28/4/2020,0,1,0,1,0,0,0,6,0,3,0,11,0,0,0,0,0,0,0,3,0,0,0,2,0,0,0,0
29/4/2020,0,0,0,0,0,2,0,5,0,3,0,4,0,0,0,0,0,0,0,1,0,1,0,2,1,0,0,0
30/4/2020,0,1,0,1,0,0,0,10,0,1,0,4,1,1,0,1,0,1,0,0,0,0,0,2,0,1,0,3
1/5/2020,0,1,0,0,0,2,0,7,0,6,0,5,0,1,0,2,0,0,0,1,0,0,0,2,0,1,0,1
2/5/2020,0,0,0,1,1,2,0,5,0,1,0,5,0,1,0,1,0,1,0,1,0,0,0,2,0,0,0,2
3/5/2020,0,2,0,0,0,1,0,6,0,1,0,3,0,0,0,1,0,1,0,2,0,0,0,1,1,1,0,0
4/5/2020,0,0,0,0,0,1,0,6,0,2,0,8,0,0,0,1,0,0,0,2,0,1,0,0,0,0,0,1
5/5/2020,0,0,0,2,0,0,0,6,1,5,0,7,0,0,0,1,0,1,0,0,0,0,0,1,0,0,0,1
6/5/2020,0,0,0,0,0,2,0,4,0,2,0,10,0,0,0,0,0,0,0,0,0,3,0,2,0,0,0,2
7/5/2020,0,2,0,0,0,1,0,5,0,0,0,8,0,0,0,0,0,0,0,0,0,0,0,1,0,1,0,0
8/5/2020,0,0,0,0,0,0,0,10,0,3,0,11,0,0,0,0,1,0,0,0,0,0,0,1,0,1,0,2
9/5/2020,0,0,0,0,0,4,0,8,0,1,0,2,0,1,0,1,0,2,0,1,0,0,0,0,0,2,0,3
10/5/2020,0,0,0,1,0,1,0,7,0,2,0,4,0,1,0,1,0,0,0,2,0,1,0,2,0,1,0,0
11/5/2020,0,0,0,0,1,1,0,6,0,3,0,4,0,0,0,0,0,0,0,2,0,0,0,0,0,1,0,0
12/5/2020,0,0,0,0,0,1,0,5,0,2,0,8,0,0,0,1,1,1,0,0,0,0,0,1,0,0,0,0
13/5/2020,0,1,0,2,0,1,0,6,0,4,0,6,0,0,0,0,0,0,0,1,0,3,0,1,0,1,0,0
14/5/2020,1,1,0,1,0,1,0,8,0,3,0,10,0,1,0,0,0,0,0,0,0,1,0,1,1,1,0,1
15/5/2020,0,0,0,1,0,1,0,9,0,1,0,14,0,0,0,1,0,0,0,0,0,1,0,1,0,1,0,4
16/5/2020,0,3,0,4,0,2,0,7,0,7,0,9,0,4,0,9,0,3,0,3,2,1,0,4,0,0,0,3
17/5/2020,0,0,0,0,0,2,0,8,0,1,0,8,0,4,0,2,0,0,0,2,0,2,0,1,0,2,0,2
18/5/2020,0,0,0,1,0,4,0,6,0,1,0,9,0,3,0,0,0,0,0,0,0,0,0,2,0,1,0,0
19/5/2020,0,1,0,1,1,1,0,7,0,0,0,5,0,0,0,0,0,1,0,0,1,1,0,0,0,0,0,0
20/5/2020,0,1,0,1,0,3,0,7,0,5,0,15,0,0,0,0,1,0,0,1,0,0,0,2,1,1,0,1
21/5/2020,0,1,0,0,0,0,0,8,0,4,0,10,0,1,0,0,0,0,0,3,0,0,0,1,0,0,0,1
22/5/2020,0,1,0,0,0,3,0,5,0,0,0,8,0,0,0,1,0,1,0,1,0,0,0,3,0,0,0,1
23/5/2020,0,3,0,2,0,1,0,8,0,5,0,11,0,0,0,2,0,0,0,1,0,0,0,1,0,0,0,0
24/5/2020,0,3,0,1,0,1,0,4,1,4,0,5,0,1,0,1,0,2,0,3,0,3,0,1,0,0,0,2
25/5/2020,0,0,0,0,0,1,0,14,1,2,0,4,0,1,0,2,0,0,0,2,0,0,0,1,0,1,0,1
26/5/2020,0,0,0,0,0,5,0,15,0,0,0,6,0,0,0,1,0,0,0,1,0,1,0,2,0,0,0,2
27/5/2020,0,1,0,0,0,2,0,6,1,1,0,11,0,0,0,1,1,1,0,1,0,2,0,3,0,2,0,0
28/5/2020,0,0,0,2,0,9,0,10,0,4,0,8,0,0,0,1,0,0,0,0,0,1,0,0,0,0,0,0
29/5/2020,0,3,0,3,0,2,0,12,0,2,0,17,0,0,0,0,0,0,0,2,0,1,0,2,0,0,0,0
30/5/2020,0,1,0,1,0,2,0,10,0,7,0,18,0,1,0,4,1,1,0,1,0,3,0,3,0,1,0,5
31/5/2020,0,3,0,1,0,3,0,2,1,2,0,8,0,0,0,0,0,1,0,0,0,3,0,3,0,1,0,1
1/6/2020,0,1,0,0,0,1,0,10,0,5,0,8,0,1,0,2,0,0,0,0,0,0,0,2,0,0,0,1
2/6/2020,0,0,0,0,0,1,0,7,0,0,0,4,0,0,0,0,0,0,0,0,0,0,0,3,0,0,0,1
3/6/2020,0,1,0,1,0,4,0,11,1,3,0,8,0,0,0,0,0,0,0,0,1,1,0,1,0,0,0,1
4/6/2020,0,1,0,1,0,4,0,17,0,3,0,13,0,0,0,2,0,0,0,1,0,1,0,0,0,2,0,2
5/6/2020,0,2,0,1,1,2,0,12,0,3,0,11,0,0,0,2,0,0,0,0,0,0,0,1,0,0,0,4
6/6/2020,0,2,0,3,0,1,0,9,0,1,0,7,0,3,0,3,0,2,0,3,0,1,0,3,0,2,0,8
7/6/2020,0,0,0,3,0,1,0,8,1,4,0,5,0,5,0,3,0,2,0,5,0,1,0,3,0,1,0,1
8/6/2020,0,1,0,2,0,1,0,5,0,2,0,5,0,0,0,3,0,1,0,3,0,0,0,1,0,2,0,2
9/6/2020,0,0,0,3,0,3,0,9,0,3,0,18,0,0,0,1,0,1,0,1,0,0,0,1,0,0,0,2
10/6/2020,0,0,0,1,0,2,0,15,1,3,0,11,0,0,0,0,0,0,0,1,0,1,0,3,0,0,0,2
11/6/2020,0,0,0,1,0,1,0,11,0,4,0,12,0,1,0,3,0,1,0,1,0,0,0,1,0,0,0,2
12/6/2020,0,1,0,0,1,2,0,19,0,1,0,14,0,0,0,0,0,0,0,1,0,1,0,1,0,1,0,2
13/6/2020,0,1,0,4,0,3,0,8,0,4,0,5,1,1,0,2,0,1,0,1,0,0,0,0,0,1,0,5
14/6/2020,0,0,0,0,0,1,0,8,0,0,0,6,0,1,0,1,0,2,0,2,0,0,0,3,0,2,0,2
15/6/2020,0,0,0,3,0,1,0,10,0,6,0,11,0,0,0,1,0,1,0,1,0,0,0,3,0,0,0,1
16/6/2020,0,0,0,0,1,0,0,12,1,3,0,9,0,0,0,0,0,2,0,2,0,0,0,1,0,0,0,1
17/6/2020,0,0,0,0,0,0,0,9,1,1,0,10,0,0,0,1,0,0,0,1,0,0,0,0,0,0,0,1
18/6/2020,1,0,0,0,0,2,0,12,0,2,0,8,0,0,0,0,0,1,0,1,0,1,0,3,0,0,0,1
19/6/2020,0,1,0,0,0,2,0,10,0,7,0,7,0,0,0,1,0,0,0,0,0,1,0,0,0,0,0,2
20/6/2020,0,1,0,0,0,1,0,9,1,5,0,9,0,0,0,4,0,2,0,2,0,0,0,0,0,0,0,0
21/6/2020,0,1,0,1,0,2,0,5,0,1,0,9,0,0,0,1,0,0,0,1,0,0,0,2,0,1,0,3
22/6/2020,0,0,0,1,0,0,0,13,0,3,0,6,0,0,0,1,0,1,0,2,0,1,0,1,0,1,0,1
23/6/2020,0,1,0,0,0,2,0,14,0,4,0,12,1,1,0,0,0,1,0,0,1,0,0,2,0,0,0,2
24/6/2020,0,0,0,0,0,2,0,10,1,0,0,11,0,0,0,1,0,1,0,4,0,0,0,1,0,0,0,2
25/6/2020,0,0,0,0,0,2,0,12,0,3,0,7,0,0,0,1,0,0,0,1,0,1,0,2,0,0,0,1
26/6/2020,1,1,0,2,0,2,0,10,0,5,0,6,0,1,0,0,0,1,0,0,0,1,0,3,0,1,0,3
27/6/2020,0,0,0,0,0,2,0,4,2,1,0,7,0,1,0,3,0,1,0,1,0,1,0,4,0,1,0,2
28/6/2020,0,1,0,1,0,1,0,1,0,3,0,7,1,0,0,7,0,4,0,4,0,0,0,2,0,3,0,5
29/6/2020,1,0,0,0,0,0,0,8,0,3,0,13,0,1,0,3,0,1,0,2,0,0,0,2,0,1,0,1
30/6/2020,0,0,0,1,0,0,0,16,0,2,0,5,0,0,0,1,0,0,0,0,0,1,0,1,0,0,0,0