"STATION","NAME","DATE","PRCP","TMAX","TMIN"
"ASN00086077","MOORABBIN AIRPORT, AS","2015-07-01","0.00","58","47"
"ASN00086077","MOORABBIN AIRPORT, AS","2015-07-02","0.13","53","50"
"ASN00086077","MOORABBIN AIRPORT, AS","2015-07-03","0.14","52","41"
"ASN00086077","MOORABBIN AIRPORT, AS","2015-07-04","0.01","50","44"
"ASN00086077","MOORABBIN AIRPORT, AS","2015-07-05","0.10","58","46"
"ASN00086077","MOORABBIN AIRPORT, AS","2015-07-06","0.02","52","47"
"ASN00086077","MOORABBIN AIRPORT, AS","2015-07-07","0.06","58","47"
"ASN00086077","MOORABBIN AIRPORT, AS","2015-07-08","0.01","58","35"
"ASN00086077","MOORABBIN AIRPORT, AS","2015-07-09","0.00","56","42"
"ASN00086077","MOORABBIN AIRPORT, AS","2015-07-10","0.00","58","46"
"ASN00086077","MOORABBIN AIRPORT, AS","2015-07-11","0.06","56","51"
"ASN00086077","MOORABBIN AIRPORT, AS","2015-07-12","0.08","54","41"
"ASN00086077","MOORABBIN AIRPORT, AS","2015-07-13","0.98","54","44"
"ASN00086077","MOORABBIN AIRPORT, AS","2015-07-14","0.61","50","47"
"ASN00086077","MOORABBIN AIRPORT, AS","2015-07-15","0.09","50","41"
"ASN00086077","MOORABBIN AIRPORT, AS","2015-07-16","0.01","55","43"
"ASN00086077","MOORABBIN AIRPORT, AS","2015-07-17","0.03","55","42"
"ASN00086077","MOORABBIN AIRPORT, AS","2015-07-18","0.03","53","42"
"ASN00086077","MOORABBIN AIRPORT, AS","2015-07-19","0.00","52","31"
"ASN00086077","MOORABBIN AIRPORT, AS","2015-07-20","0.00","58","30"
"ASN00086077","MOORABBIN AIRPORT, AS","2015-07-21","0.00","65","38"
"ASN00086077","MOORABBIN AIRPORT, AS","2015-07-22","0.02","62","53"
"ASN00086077","MOORABBIN AIRPORT, AS","2015-07-23","0.02","62","39"
"ASN00086077","MOORABBIN AIRPORT, AS","2015-07-24","0.02","59","45"
"ASN00086077","MOORABBIN AIRPORT, AS","2015-07-25","0.22","56","48"
"ASN00086077","MOORABBIN AIRPORT, AS","2015-07-26","0.27","51","46"
"ASN00086077","MOORABBIN AIRPORT, AS","2015-07-27","0.02","55","44"
"ASN00086077","MOORABBIN AIRPORT, AS","2015-07-28","0.00","56","46"
"ASN00086077","MOORABBIN AIRPORT, AS","2015-07-29","0.00","57","46"
"ASN00086077","MOORABBIN AIRPORT, AS","2015-07-30","0.00","54","45"
"ASN00086077","MOORABBIN AIRPORT, AS","2015-07-31","0.13","56","37"
"ASN00086077","MOORABBIN AIRPORT, AS","2015-08-01","0.06","52","44"
"ASN00086077","MOORABBIN AIRPORT, AS","2015-08-02","0.00","57","44"
"ASN00086077","MOORABBIN AIRPORT, AS","2015-08-03","0.19","49","46"
"ASN00086077","MOORABBIN AIRPORT, AS","2015-08-04","0.06","52","39"
"ASN00086077","MOORABBIN AIRPORT, AS","2015-08-05","0.11","51","43"
"ASN00086077","MOORABBIN AIRPORT, AS","2015-08-06","0.18","55","45"
"ASN00086077","MOORABBIN AIRPORT, AS","2015-08-07","0.12","54","47"
"ASN00086077","MOORABBIN AIRPORT, AS","2015-08-08","0.00","54","47"
"ASN00086077","MOORABBIN AIRPORT, AS","2015-08-09","0.00","57","42"
"ASN00086077","MOORABBIN AIRPORT, AS","2015-08-10","0.05","60","47"
"ASN00086077","MOORABBIN AIRPORT, AS","2015-08-11","0.00","58","46"
"ASN00086077","MOORABBIN AIRPORT, AS","2015-08-12","0.00","56","50"
"ASN00086077","MOORABBIN AIRPORT, AS","2015-08-13","0.09","54","47"
"ASN00086077","MOORABBIN AIRPORT, AS","2015-08-14","0.00","58","49"
"ASN00086077","MOORABBIN AIRPORT, AS","2015-08-15","0.05","58","49"
"ASN00086077","MOORABBIN AIRPORT, AS","2015-08-16","0.00","61","39"
"ASN00086077","MOORABBIN AIRPORT, AS","2015-08-17","0.13","53","47"
"ASN00086077","MOORABBIN AIRPORT, AS","2015-08-18","0.04","51","44"
"ASN00086077","MOORABBIN AIRPORT, AS","2015-08-19","0.00","55","43"
"ASN00086077","MOORABBIN AIRPORT, AS","2015-08-20","0.00","64","41"
"ASN00086077","MOORABBIN AIRPORT, AS","2015-08-21","0.00","66","51"
"ASN00086077","MOORABBIN AIRPORT, AS","2015-08-22","0.00","63","52"
"ASN00086077","MOORABBIN AIRPORT, AS","2015-08-23","0.00","59","42"
"ASN00086077","MOORABBIN AIRPORT, AS","2015-08-24","0.00","58","42"
"ASN00086077","MOORABBIN AIRPORT, AS","2015-08-25","0.02","57","47"
"ASN00086077","MOORABBIN AIRPORT, AS","2015-08-26","0.02","62","46"
"ASN00086077","MOORABBIN AIRPORT, AS","2015-08-27","0.07","53","49"
"ASN00086077","MOORABBIN AIRPORT, AS","2015-08-28","0.69","57","47"
"ASN00086077","MOORABBIN AIRPORT, AS","2015-08-29","0.01","54","40"
"ASN00086077","MOORABBIN AIRPORT, AS","2015-08-30","0.06","56","48"
"ASN00086077","MOORABBIN AIRPORT, AS","2015-08-31","0.00","54","47"
"ASN00086077","MOORABBIN AIRPORT, AS","2015-09-01","0.00","56","38"
"ASN00086077","MOORABBIN AIRPORT, AS","2015-09-02","0.00","66","45"
"ASN00086077","MOORABBIN AIRPORT, AS","2015-09-03","0.15","58","51"
"ASN00086077","MOORABBIN AIRPORT, AS","2015-09-04","0.00","56","47"
"ASN00086077","MOORABBIN AIRPORT, AS","2015-09-05","0.01","57","49"
"ASN00086077","MOORABBIN AIRPORT, AS","2015-09-06","0.00","63","40"
"ASN00086077","MOORABBIN AIRPORT, AS","2015-09-07","0.16","56","48"
"ASN00086077","MOORABBIN AIRPORT, AS","2015-09-08","0.30","54","47"
"ASN00086077","MOORABBIN AIRPORT, AS","2015-09-09","0.01","58","50"
"ASN00086077","MOORABBIN AIRPORT, AS","2015-09-10","0.01","59","50"
"ASN00086077","MOORABBIN AIRPORT, AS","2015-09-11","0.00","67","42"
"ASN00086077","MOORABBIN AIRPORT, AS","2015-09-12","0.00","71","54"
"ASN00086077","MOORABBIN AIRPORT, AS","2015-09-13","0.00","79","58"
"ASN00086077","MOORABBIN AIRPORT, AS","2015-09-14","0.00","80","62"
"ASN00086077","MOORABBIN AIRPORT, AS","2015-09-15","0.76","59","51"
"ASN00086077","MOORABBIN AIRPORT, AS","2015-09-16","0.02","58","48"
"ASN00086077","MOORABBIN AIRPORT, AS","2015-09-17","0.00","58","47"
"ASN00086077","MOORABBIN AIRPORT, AS","2015-09-18","0.00","59","50"
"ASN00086077","MOORABBIN AIRPORT, AS","2015-09-19","0.00","69","41"
"ASN00086077","MOORABBIN AIRPORT, AS","2015-09-20","0.00","72","43"
"ASN00086077","MOORABBIN AIRPORT, AS","2015-09-21","0.00","63","52"
"ASN00086077","MOORABBIN AIRPORT, AS","2015-09-22","0.25","55","45"
"ASN00086077","MOORABBIN AIRPORT, AS","2015-09-23","0.03","55","45"
"ASN00086077","MOORABBIN AIRPORT, AS","2015-09-24","0.00","60","37"
"ASN00086077","MOORABBIN AIRPORT, AS","2015-09-25","0.00","65","39"
"ASN00086077","MOORABBIN AIRPORT, AS","2015-09-26","0.00","64","44"
"ASN00086077","MOORABBIN AIRPORT, AS","2015-09-27","0.00","64","45"
"ASN00086077","MOORABBIN AIRPORT, AS","2015-09-28","0.00","66","42"
"ASN00086077","MOORABBIN AIRPORT, AS","2015-09-29","0.00","62","47"
"ASN00086077","MOORABBIN AIRPORT, AS","2015-09-30","0.00","61","48"
"ASN00086077","MOORABBIN AIRPORT, AS","2015-10-01","0.00","69","39"
"ASN00086077","MOORABBIN AIRPORT, AS","2015-10-02","0.01","82","48"
"ASN00086077","MOORABBIN AIRPORT, AS","2015-10-03","0.00","88","60"
"ASN00086077","MOORABBIN AIRPORT, AS","2015-10-04","0.00","75","53"
"ASN00086077","MOORABBIN AIRPORT, AS","2015-10-05","0.00","94","53"
"ASN00086077","MOORABBIN AIRPORT, AS","2015-10-06","0.00","95","64"
"ASN00086077","MOORABBIN AIRPORT, AS","2015-10-07","0.00","63","50"
"ASN00086077","MOORABBIN AIRPORT, AS","2015-10-08","0.00","66","41"
"ASN00086077","MOORABBIN AIRPORT, AS","2015-10-09","0.00","83","51"
"ASN00086077","MOORABBIN AIRPORT, AS","2015-10-10","0.00","85","56"
"ASN00086077","MOORABBIN AIRPORT, AS","2015-10-11","0.01","68","60"
"ASN00086077","MOORABBIN AIRPORT, AS","2015-10-12","0.37","61","52"
"ASN00086077","MOORABBIN AIRPORT, AS","2015-10-13","0.02","63","42"
"ASN00086077","MOORABBIN AIRPORT, AS","2015-10-14","0.00","83","49"
"ASN00086077","MOORABBIN AIRPORT, AS","2015-10-15","0.00","95","57"
"ASN00086077","MOORABBIN AIRPORT, AS","2015-10-16","0.00","73","60"
"ASN00086077","MOORABBIN AIRPORT, AS","2015-10-17","0.00","67","49"
"ASN00086077","MOORABBIN AIRPORT, AS","2015-10-18","0.00","65","51"
"ASN00086077","MOORABBIN AIRPORT, AS","2015-10-19","0.00","78","42"
"ASN00086077","MOORABBIN AIRPORT, AS","2015-10-20","0.00","89","50"
"ASN00086077","MOORABBIN AIRPORT, AS","2015-10-21","0.02","64","62"
"ASN00086077","MOORABBIN AIRPORT, AS","2015-10-22","0.06","64","54"
"ASN00086077","MOORABBIN AIRPORT, AS","2015-10-23","0.00","64","53"
"ASN00086077","MOORABBIN AIRPORT, AS","2015-10-24","0.01","69","44"
"ASN00086077","MOORABBIN AIRPORT, AS","2015-10-25","0.00","90","44"
"ASN00086077","MOORABBIN AIRPORT, AS","2015-10-26","0.00","63","57"
"ASN00086077","MOORABBIN AIRPORT, AS","2015-10-27","0.01","73","47"
"ASN00086077","MOORABBIN AIRPORT, AS","2015-10-28","0.00","81","44"
"ASN00086077","MOORABBIN AIRPORT, AS","2015-10-29","0.00","80","48"
"ASN00086077","MOORABBIN AIRPORT, AS","2015-10-30","0.00","80","49"
"ASN00086077","MOORABBIN AIRPORT, AS","2015-10-31","0.12","80","56"
"ASN00086077","MOORABBIN AIRPORT, AS","2015-11-01","0.07","81","59"
"ASN00086077","MOORABBIN AIRPORT, AS","2015-11-02","0.04","60","56"
"ASN00086077","MOORABBIN AIRPORT, AS","2015-11-03","0.04","70","42"
"ASN00086077","MOORABBIN AIRPORT, AS","2015-11-04","0.00","79","51"
"ASN00086077","MOORABBIN AIRPORT, AS","2015-11-05","0.56","76","59"
"ASN00086077","MOORABBIN AIRPORT, AS","2015-11-06","0.73","64","60"
"ASN00086077","MOORABBIN AIRPORT, AS","2015-11-07","0.09","62","54"
"ASN00086077","MOORABBIN AIRPORT, AS","2015-11-08","0.00","75","44"
"ASN00086077","MOORABBIN AIRPORT, AS","2015-11-09","0.00","90","52"
"ASN00086077","MOORABBIN AIRPORT, AS","2015-11-10","0.00","65","58"
"ASN00086077","MOORABBIN AIRPORT, AS","2015-11-11","0.09","68","47"
"ASN00086077","MOORABBIN AIRPORT, AS","2015-11-12","0.00","69","55"
"ASN00086077","MOORABBIN AIRPORT, AS","2015-11-13","0.03","66","56"
"ASN00086077","MOORABBIN AIRPORT, AS","2015-11-14","0.00","66","49"
"ASN00086077","MOORABBIN AIRPORT, AS","2015-11-15","0.00","68","52"
"ASN00086077","MOORABBIN AIRPORT, AS","2015-11-16","0.00","81","48"
"ASN00086077","MOORABBIN AIRPORT, AS","2015-11-17","0.00","92","60"
"ASN00086077","MOORABBIN AIRPORT, AS","2015-11-18","0.00","82","56"
"ASN00086077","MOORABBIN AIRPORT, AS","2015-11-19","0.01","86","60"
"ASN00086077","MOORABBIN AIRPORT, AS","2015-11-20","0.03","67","57"
"ASN00086077","MOORABBIN AIRPORT, AS","2015-11-21","0.08","65","54"
"ASN00086077","MOORABBIN AIRPORT, AS","2015-11-22","0.01","67","56"
"ASN00086077","MOORABBIN AIRPORT, AS","2015-11-23","0.00","69","54"
"ASN00086077","MOORABBIN AIRPORT, AS","2015-11-24","0.00","73","55"
"ASN00086077","MOORABBIN AIRPORT, AS","2015-11-25","0.00","92","54"
"ASN00086077","MOORABBIN AIRPORT, AS","2015-11-26","0.01","63","52"
"ASN00086077","MOORABBIN AIRPORT, AS","2015-11-27","0.00","64","46"
"ASN00086077","MOORABBIN AIRPORT, AS","2015-11-28","0.00","68","55"
"ASN00086077","MOORABBIN AIRPORT, AS","2015-11-29","0.00","68","54"
"ASN00086077","MOORABBIN AIRPORT, AS","2015-11-30","0.00","92","48"
"ASN00086077","MOORABBIN AIRPORT, AS","2015-12-01","0.12","73","58"
"ASN00086077","MOORABBIN AIRPORT, AS","2015-12-02","0.00","64","51"
"ASN00086077","MOORABBIN AIRPORT, AS","2015-12-03","0.00","70","53"
"ASN00086077","MOORABBIN AIRPORT, AS","2015-12-04","0.00","88","49"
"ASN00086077","MOORABBIN AIRPORT, AS","2015-12-05","0.00","83","61"
"ASN00086077","MOORABBIN AIRPORT, AS","2015-12-06","0.00","85","58"
"ASN00086077","MOORABBIN AIRPORT, AS","2015-12-07","0.00","81","64"
"ASN00086077","MOORABBIN AIRPORT, AS","2015-12-08","0.14","96","67"
"ASN00086077","MOORABBIN AIRPORT, AS","2015-12-09","0.00","75","58"
"ASN00086077","MOORABBIN AIRPORT, AS","2015-12-10","0.00","78","53"
"ASN00086077","MOORABBIN AIRPORT, AS","2015-12-11","0.00","67","58"
"ASN00086077","MOORABBIN AIRPORT, AS","2015-12-12","0.02","65","53"
"ASN00086077","MOORABBIN AIRPORT, AS","2015-12-13","0.00","81","47"
"ASN00086077","MOORABBIN AIRPORT, AS","2015-12-14","0.00","78","52"
"ASN00086077","MOORABBIN AIRPORT, AS","2015-12-15","0.00","82","55"
"ASN00086077","MOORABBIN AIRPORT, AS","2015-12-16","0.00","88","59"
"ASN00086077","MOORABBIN AIRPORT, AS","2015-12-17","0.00","98","60"
"ASN00086077","MOORABBIN AIRPORT, AS","2015-12-18","0.00","96","65"
"ASN00086077","MOORABBIN AIRPORT, AS","2015-12-19","0.00","109","64"
"ASN00086077","MOORABBIN AIRPORT, AS","2015-12-20","0.00","103","83"
"ASN00086077","MOORABBIN AIRPORT, AS","2015-12-21","0.38","70","59"
"ASN00086077","MOORABBIN AIRPORT, AS","2015-12-22","0.00","77","49"
"ASN00086077","MOORABBIN AIRPORT, AS","2015-12-23","0.00","83","56"
"ASN00086077","MOORABBIN AIRPORT, AS","2015-12-24","0.00","94","57"
"ASN00086077","MOORABBIN AIRPORT, AS","2015-12-25","0.00","96","72"
"ASN00086077","MOORABBIN AIRPORT, AS","2015-12-26","0.98","70","55"
"ASN00086077","MOORABBIN AIRPORT, AS","2015-12-27","0.55","68","52"
"ASN00086077","MOORABBIN AIRPORT, AS","2015-12-28","0.00","72","52"
"ASN00086077","MOORABBIN AIRPORT, AS","2015-12-29","0.00","78","52"
"ASN00086077","MOORABBIN AIRPORT, AS","2015-12-30","0.00","94","54"
"ASN00086077","MOORABBIN AIRPORT, AS","2015-12-31","0.00","103","66"
"ASN00086077","MOORABBIN AIRPORT, AS","2016-01-01","0.00","78","67"
"ASN00086077","MOORABBIN AIRPORT, AS","2016-01-02","0.00","83","61"
"ASN00086077","MOORABBIN AIRPORT, AS","2016-01-03","0.00","78","61"
"ASN00086077","MOORABBIN AIRPORT, AS","2016-01-04","0.00","78","61"
"ASN00086077","MOORABBIN AIRPORT, AS","2016-01-05","0.00","80","60"
"ASN00086077","MOORABBIN AIRPORT, AS","2016-01-06","0.00","79","61"
"ASN00086077","MOORABBIN AIRPORT, AS","2016-01-07","0.00","72","58"
"ASN00086077","MOORABBIN AIRPORT, AS","2016-01-08","0.00","70","60"
"ASN00086077","MOORABBIN AIRPORT, AS","2016-01-09",,"72",
"ASN00086077","MOORABBIN AIRPORT, AS","2016-01-10","0.00","90","58"
"ASN00086077","MOORABBIN AIRPORT, AS","2016-01-11","0.00","101","62"
"ASN00086077","MOORABBIN AIRPORT, AS","2016-01-12","0.02","82","60"
"ASN00086077","MOORABBIN AIRPORT, AS","2016-01-13","0.00","109","59"
"ASN00086077","MOORABBIN AIRPORT, AS","2016-01-14","0.03","66","59"
"ASN00086077","MOORABBIN AIRPORT, AS","2016-01-15","0.07","69","55"
"ASN00086077","MOORABBIN AIRPORT, AS","2016-01-16","0.00","75","48"
"ASN00086077","MOORABBIN AIRPORT, AS","2016-01-17","0.00","90","56"
"ASN00086077","MOORABBIN AIRPORT, AS","2016-01-18","0.00","99","60"
"ASN00086077","MOORABBIN AIRPORT, AS","2016-01-19","0.00","88","60"
"ASN00086077","MOORABBIN AIRPORT, AS","2016-01-20","0.07","85","63"
"ASN00086077","MOORABBIN AIRPORT, AS","2016-01-21","0.04","78","63"
"ASN00086077","MOORABBIN AIRPORT, AS","2016-01-22","0.07","73","60"
"ASN00086077","MOORABBIN AIRPORT, AS","2016-01-23","0.18","73","61"
"ASN00086077","MOORABBIN AIRPORT, AS","2016-01-24","0.07","72","60"
"ASN00086077","MOORABBIN AIRPORT, AS","2016-01-25","0.00","72","59"
"ASN00086077","MOORABBIN AIRPORT, AS","2016-01-26","0.00","86","59"
"ASN00086077","MOORABBIN AIRPORT, AS","2016-01-27","0.00","89","67"
"ASN00086077","MOORABBIN AIRPORT, AS","2016-01-28","0.10","82","68"
"ASN00086077","MOORABBIN AIRPORT, AS","2016-01-29","0.76","65","56"
"ASN00086077","MOORABBIN AIRPORT, AS","2016-01-30","0.04","74","51"
"ASN00086077","MOORABBIN AIRPORT, AS","2016-01-31","0.42","73","55"
"ASN00086077","MOORABBIN AIRPORT, AS","2016-02-01","0.00","75","54"
"ASN00086077","MOORABBIN AIRPORT, AS","2016-02-02","0.00","88","57"
"ASN00086077","MOORABBIN AIRPORT, AS","2016-02-03","0.03","71","64"
"ASN00086077","MOORABBIN AIRPORT, AS","2016-02-04","0.08","72","62"
"ASN00086077","MOORABBIN AIRPORT, AS","2016-02-05","0.00","85","58"
"ASN00086077","MOORABBIN AIRPORT, AS","2016-02-06","0.00","90","57"
"ASN00086077","MOORABBIN AIRPORT, AS","2016-02-07","0.00","84","63"
"ASN00086077","MOORABBIN AIRPORT, AS","2016-02-08","0.00","74","65"
"ASN00086077","MOORABBIN AIRPORT, AS","2016-02-09","0.00","77","63"
"ASN00086077","MOORABBIN AIRPORT, AS","2016-02-10","0.00","74","60"
"ASN00086077","MOORABBIN AIRPORT, AS","2016-02-11","0.00","78","59"
"ASN00086077","MOORABBIN AIRPORT, AS","2016-02-12","0.00","81","57"
"ASN00086077","MOORABBIN AIRPORT, AS","2016-02-13","0.00","84","59"
"ASN00086077","MOORABBIN AIRPORT, AS","2016-02-14","0.05","76","62"
"ASN00086077","MOORABBIN AIRPORT, AS","2016-02-15","0.00","78","58"
"ASN00086077","MOORABBIN AIRPORT, AS","2016-02-16","0.11","67","56"
"ASN00086077","MOORABBIN AIRPORT, AS","2016-02-17","0.11","70","57"
"ASN00086077","MOORABBIN AIRPORT, AS","2016-02-18","0.06","72","58"
"ASN00086077","MOORABBIN AIRPORT, AS","2016-02-19","0.00","74","57"
"ASN00086077","MOORABBIN AIRPORT, AS","2016-02-20","0.00","72","58"
"ASN00086077","MOORABBIN AIRPORT, AS","2016-02-21","0.00","78","50"
"ASN00086077","MOORABBIN AIRPORT, AS","2016-02-22","0.00","85","58"
"ASN00086077","MOORABBIN AIRPORT, AS","2016-02-23","0.00","107","61"
"ASN00086077","MOORABBIN AIRPORT, AS","2016-02-24","0.09","82","72"
"ASN00086077","MOORABBIN AIRPORT, AS","2016-02-25","0.05","81","66"
"ASN00086077","MOORABBIN AIRPORT, AS","2016-02-26","0.00","73","61"
"ASN00086077","MOORABBIN AIRPORT, AS","2016-02-27","0.00","73","62"
"ASN00086077","MOORABBIN AIRPORT, AS","2016-02-28","0.00","73","59"
"ASN00086077","MOORABBIN AIRPORT, AS","2016-02-29","0.00","78","57"
"ASN00086077","MOORABBIN AIRPORT, AS","2016-03-01","0.00","94","58"
"ASN00086077","MOORABBIN AIRPORT, AS","2016-03-02","0.00","93","59"
"ASN00086077","MOORABBIN AIRPORT, AS","2016-03-03","0.00","80","60"
"ASN00086077","MOORABBIN AIRPORT, AS","2016-03-04","0.00","92","60"
"ASN00086077","MOORABBIN AIRPORT, AS","2016-03-05","0.00","75","68"
"ASN00086077","MOORABBIN AIRPORT, AS","2016-03-06","0.00","83","62"
"ASN00086077","MOORABBIN AIRPORT, AS","2016-03-07","0.01","79","65"
"ASN00086077","MOORABBIN AIRPORT, AS","2016-03-08","0.00","105","68"
"ASN00086077","MOORABBIN AIRPORT, AS","2016-03-09","0.00","83","69"
"ASN00086077","MOORABBIN AIRPORT, AS","2016-03-10","0.02","70","62"
"ASN00086077","MOORABBIN AIRPORT, AS","2016-03-11","0.27","78","65"
"ASN00086077","MOORABBIN AIRPORT, AS","2016-03-12","0.00","73","64"
"ASN00086077","MOORABBIN AIRPORT, AS","2016-03-13","0.00","74","63"
"ASN00086077","MOORABBIN AIRPORT, AS","2016-03-14","0.00","70","64"
"ASN00086077","MOORABBIN AIRPORT, AS","2016-03-15","0.00","79","56"
"ASN00086077","MOORABBIN AIRPORT, AS","2016-03-16","0.00","88","61"
"ASN00086077","MOORABBIN AIRPORT, AS","2016-03-17","0.00","93","60"
"ASN00086077","MOORABBIN AIRPORT, AS","2016-03-18","0.68","67","59"
"ASN00086077","MOORABBIN AIRPORT, AS","2016-03-19","0.44","66","54"
"ASN00086077","MOORABBIN AIRPORT, AS","2016-03-20","0.01","73","49"
"ASN00086077","MOORABBIN AIRPORT, AS","2016-03-21","0.00","75","52"
"ASN00086077","MOORABBIN AIRPORT, AS","2016-03-22","0.00","75","50"
"ASN00086077","MOORABBIN AIRPORT, AS","2016-03-23","0.00","84","53"
"ASN00086077","MOORABBIN AIRPORT, AS","2016-03-24","0.00","71","61"
"ASN00086077","MOORABBIN AIRPORT, AS","2016-03-25","0.00","68","58"
"ASN00086077","MOORABBIN AIRPORT, AS","2016-03-26","0.02","68","57"
"ASN00086077","MOORABBIN AIRPORT, AS","2016-03-27","0.03","68","57"
"ASN00086077","MOORABBIN AIRPORT, AS","2016-03-28","0.00","67","45"
"ASN00086077","MOORABBIN AIRPORT, AS","2016-03-29","0.00","65","55"
"ASN00086077","MOORABBIN AIRPORT, AS","2016-03-30","0.00","65","58"
"ASN00086077","MOORABBIN AIRPORT, AS","2016-03-31","0.00","72","49"
"ASN00086077","MOORABBIN AIRPORT, AS","2016-04-01","0.00","81","54"
"ASN00086077","MOORABBIN AIRPORT, AS","2016-04-02","0.00","67","62"
"ASN00086077","MOORABBIN AIRPORT, AS","2016-04-03","0.00","68","52"
"ASN00086077","MOORABBIN AIRPORT, AS","2016-04-04","0.00","70","45"
"ASN00086077","MOORABBIN AIRPORT, AS","2016-04-05","0.00","85","51"
"ASN00086077","MOORABBIN AIRPORT, AS","2016-04-06","0.56","60","56"
"ASN00086077","MOORABBIN AIRPORT, AS","2016-04-07","0.24","65","47"
"ASN00086077","MOORABBIN AIRPORT, AS","2016-04-08","0.00","68","54"
"ASN00086077","MOORABBIN AIRPORT, AS","2016-04-09","0.00","71","52"
"ASN00086077","MOORABBIN AIRPORT, AS","2016-04-10","0.00","73","57"
"ASN00086077","MOORABBIN AIRPORT, AS","2016-04-11","0.00","66","58"
"ASN00086077","MOORABBIN AIRPORT, AS","2016-04-12","0.03","65","57"
"ASN00086077","MOORABBIN AIRPORT, AS","2016-04-13","0.00","67","50"
"ASN00086077","MOORABBIN AIRPORT, AS","2016-04-14","0.00","79","51"
"ASN00086077","MOORABBIN AIRPORT, AS","2016-04-15","0.00","77","49"
"ASN00086077","MOORABBIN AIRPORT, AS","2016-04-16","0.00","68","55"
"ASN00086077","MOORABBIN AIRPORT, AS","2016-04-17","0.00","67","54"
"ASN00086077","MOORABBIN AIRPORT, AS","2016-04-18","0.00","78","47"
"ASN00086077","MOORABBIN AIRPORT, AS","2016-04-19","0.00","82","54"
"ASN00086077","MOORABBIN AIRPORT, AS","2016-04-20","0.00","83","52"
"ASN00086077","MOORABBIN AIRPORT, AS","2016-04-21","0.00","77","67"
"ASN00086077","MOORABBIN AIRPORT, AS","2016-04-22","0.63","63","58"
"ASN00086077","MOORABBIN AIRPORT, AS","2016-04-23","0.00","66","55"
"ASN00086077","MOORABBIN AIRPORT, AS","2016-04-24","0.00","68","45"
"ASN00086077","MOORABBIN AIRPORT, AS","2016-04-25","0.00","76","46"
"ASN00086077","MOORABBIN AIRPORT, AS","2016-04-26","0.00","78","52"
"ASN00086077","MOORABBIN AIRPORT, AS","2016-04-27","0.00","79","57"
"ASN00086077","MOORABBIN AIRPORT, AS","2016-04-28","0.00","76","67"
"ASN00086077","MOORABBIN AIRPORT, AS","2016-04-29","0.02","69","60"
"ASN00086077","MOORABBIN AIRPORT, AS","2016-04-30","0.40","75","60"
"ASN00086077","MOORABBIN AIRPORT, AS","2016-05-01","0.50","61","58"
"ASN00086077","MOORABBIN AIRPORT, AS","2016-05-02","0.11","67","48"
"ASN00086077","MOORABBIN AIRPORT, AS","2016-05-03","0.00","68","54"
"ASN00086077","MOORABBIN AIRPORT, AS","2016-05-04","0.20","64","47"
"ASN00086077","MOORABBIN AIRPORT, AS","2016-05-05","0.00","71","54"
"ASN00086077","MOORABBIN AIRPORT, AS","2016-05-06","0.00","76","58"
"ASN00086077","MOORABBIN AIRPORT, AS","2016-05-07","0.00","79","49"
"ASN00086077","MOORABBIN AIRPORT, AS","2016-05-08","0.22","69","57"
"ASN00086077","MOORABBIN AIRPORT, AS","2016-05-09","0.08","72","59"
"ASN00086077","MOORABBIN AIRPORT, AS","2016-05-10","0.59","65","56"
"ASN00086077","MOORABBIN AIRPORT, AS","2016-05-11","0.04","63","53"
"ASN00086077","MOORABBIN AIRPORT, AS","2016-05-12","0.04","68","57"
"ASN00086077","MOORABBIN AIRPORT, AS","2016-05-13","0.04","71","57"
"ASN00086077","MOORABBIN AIRPORT, AS","2016-05-14","0.00","70","57"
"ASN00086077","MOORABBIN AIRPORT, AS","2016-05-15","0.00","68","61"
"ASN00086077","MOORABBIN AIRPORT, AS","2016-05-16","0.00","68","44"
"ASN00086077","MOORABBIN AIRPORT, AS","2016-05-17","0.05","62","55"
"ASN00086077","MOORABBIN AIRPORT, AS","2016-05-18","0.00","67","55"
"ASN00086077","MOORABBIN AIRPORT, AS","2016-05-19","0.00","65","58"
"ASN00086077","MOORABBIN AIRPORT, AS","2016-05-20","0.24","63","50"
"ASN00086077","MOORABBIN AIRPORT, AS","2016-05-21","0.00","66","42"
"ASN00086077","MOORABBIN AIRPORT, AS","2016-05-22","0.00","72","42"
"ASN00086077","MOORABBIN AIRPORT, AS","2016-05-23","0.19","63","54"
"ASN00086077","MOORABBIN AIRPORT, AS","2016-05-24","0.03","60","52"
"ASN00086077","MOORABBIN AIRPORT, AS","2016-05-25","0.00","63","45"
"ASN00086077","MOORABBIN AIRPORT, AS","2016-05-26","0.34","55","50"
"ASN00086077","MOORABBIN AIRPORT, AS","2016-05-27","0.39","59","49"
"ASN00086077","MOORABBIN AIRPORT, AS","2016-05-28","0.02","58","40"
"ASN00086077","MOORABBIN AIRPORT, AS","2016-05-29","0.02","56","48"
"ASN00086077","MOORABBIN AIRPORT, AS","2016-05-30","0.00","60","44"
"ASN00086077","MOORABBIN AIRPORT, AS","2016-05-31","0.00","61","35"
"ASN00086077","MOORABBIN AIRPORT, AS","2016-06-01","0.00","61","37"
"ASN00086077","MOORABBIN AIRPORT, AS","2016-06-02","0.00","56","36"
"ASN00086077","MOORABBIN AIRPORT, AS","2016-06-03","0.00","61","42"
"ASN00086077","MOORABBIN AIRPORT, AS","2016-06-04","0.25","57","48"
"ASN00086077","MOORABBIN AIRPORT, AS","2016-06-05","0.09","58","52"
"ASN00086077","MOORABBIN AIRPORT, AS","2016-06-06","0.02","59","48"
"ASN00086077","MOORABBIN AIRPORT, AS","2016-06-07","0.00","59","50"
"ASN00086077","MOORABBIN AIRPORT, AS","2016-06-08","0.05","59","50"
"ASN00086077","MOORABBIN AIRPORT, AS","2016-06-09","0.11","64","52"
"ASN00086077","MOORABBIN AIRPORT, AS","2016-06-10","0.08","60","50"
"ASN00086077","MOORABBIN AIRPORT, AS","2016-06-11","0.21","55","48"
"ASN00086077","MOORABBIN AIRPORT, AS","2016-06-12","0.06","56","42"
"ASN00086077","MOORABBIN AIRPORT, AS","2016-06-13","0.00","57","40"
"ASN00086077","MOORABBIN AIRPORT, AS","2016-06-14","0.00","59","43"
"ASN00086077","MOORABBIN AIRPORT, AS","2016-06-15","0.00","62","43"
"ASN00086077","MOORABBIN AIRPORT, AS","2016-06-16","0.00","58","39"
"ASN00086077","MOORABBIN AIRPORT, AS","2016-06-17","0.18","59","50"
"ASN00086077","MOORABBIN AIRPORT, AS","2016-06-18","0.39","54","50"
"ASN00086077","MOORABBIN AIRPORT, AS","2016-06-19","0.01","56","44"
"ASN00086077","MOORABBIN AIRPORT, AS","2016-06-20","0.18","56","48"
"ASN00086077","MOORABBIN AIRPORT, AS","2016-06-21","0.12","59","46"
"ASN00086077","MOORABBIN AIRPORT, AS","2016-06-22","0.03","59","51"
"ASN00086077","MOORABBIN AIRPORT, AS","2016-06-23","0.04","58","51"
"ASN00086077","MOORABBIN AIRPORT, AS","2016-06-24","0.69","49","42"
"ASN00086077","MOORABBIN AIRPORT, AS","2016-06-25","0.22","53","42"
"ASN00086077","MOORABBIN AIRPORT, AS","2016-06-26","0.01","52","38"
"ASN00086077","MOORABBIN AIRPORT, AS","2016-06-27","0.01","52","42"
"ASN00086077","MOORABBIN AIRPORT, AS","2016-06-28","0.01","60","43"
"ASN00086077","MOORABBIN AIRPORT, AS","2016-06-29","0.00","60","48"
"ASN00086077","MOORABBIN AIRPORT, AS","2016-06-30","0.00","54","50"
"ASN00086077","MOORABBIN AIRPORT, AS","2016-07-01","0.43","56","44"
"ASN00086077","MOORABBIN AIRPORT, AS","2016-07-02","0.05","60","50"
"ASN00086077","MOORABBIN AIRPORT, AS","2016-07-03","0.00","60","52"
"ASN00086077","MOORABBIN AIRPORT, AS","2016-07-04","0.00","54","51"
"ASN00086077","MOORABBIN AIRPORT, AS","2016-07-05","0.11","56","45"
"ASN00086077","MOORABBIN AIRPORT, AS","2016-07-06","0.68","56","49"
"ASN00086077","MOORABBIN AIRPORT, AS","2016-07-07",,"55","51"
"ASN00086077","MOORABBIN AIRPORT, AS","2016-07-08","0.03","58","48"
"ASN00086077","MOORABBIN AIRPORT, AS","2016-07-09","0.01","58","41"
"ASN00086077","MOORABBIN AIRPORT, AS","2016-07-10","0.00","57","40"
"ASN00086077","MOORABBIN AIRPORT, AS","2016-07-11","0.14","60","44"
"ASN00086077","MOORABBIN AIRPORT, AS","2016-07-12","0.00","56","51"
"ASN00086077","MOORABBIN AIRPORT, AS","2016-07-13","0.10","52","41"
"ASN00086077","MOORABBIN AIRPORT, AS","2016-07-14","0.02","56","43"
"ASN00086077","MOORABBIN AIRPORT, AS","2016-07-15","0.00","57","47"
"ASN00086077","MOORABBIN AIRPORT, AS","2016-07-16","0.00","57","47"
"ASN00086077","MOORABBIN AIRPORT, AS","2016-07-17","0.00","65","33"
"ASN00086077","MOORABBIN AIRPORT, AS","2016-07-18","0.00","66","43"
"ASN00086077","MOORABBIN AIRPORT, AS","2016-07-19","0.01","59","53"
"ASN00086077","MOORABBIN AIRPORT, AS","2016-07-20","0.08","60","47"
"ASN00086077","MOORABBIN AIRPORT, AS","2016-07-21","0.04","64","41"
"ASN00086077","MOORABBIN AIRPORT, AS","2016-07-22","0.28","65","51"
"ASN00086077","MOORABBIN AIRPORT, AS","2016-07-23","0.70","51","46"
"ASN00086077","MOORABBIN AIRPORT, AS","2016-07-24","0.06","53","39"
"ASN00086077","MOORABBIN AIRPORT, AS","2016-07-25","0.02","57","44"
"ASN00086077","MOORABBIN AIRPORT, AS","2016-07-26","0.27","50","44"
"ASN00086077","MOORABBIN AIRPORT, AS","2016-07-27","0.08","54","45"
"ASN00086077","MOORABBIN AIRPORT, AS","2016-07-28","0.04","58","47"
"ASN00086077","MOORABBIN AIRPORT, AS","2016-07-29","0.00","60","51"
"ASN00086077","MOORABBIN AIRPORT, AS","2016-07-30","0.09","58","46"
"ASN00086077","MOORABBIN AIRPORT, AS","2016-07-31","0.11","62","49"
"ASN00086077","MOORABBIN AIRPORT, AS","2016-08-01","0.07","57","47"
"ASN00086077","MOORABBIN AIRPORT, AS","2016-08-02","0.40","57","45"
"ASN00086077","MOORABBIN AIRPORT, AS","2016-08-03","0.03","55","45"
"ASN00086077","MOORABBIN AIRPORT, AS","2016-08-04","0.02","58","36"
"ASN00086077","MOORABBIN AIRPORT, AS","2016-08-05","0.01","58","38"
"ASN00086077","MOORABBIN AIRPORT, AS","2016-08-06","0.00","56","42"
"ASN00086077","MOORABBIN AIRPORT, AS","2016-08-07","0.00","59","44"
"ASN00086077","MOORABBIN AIRPORT, AS","2016-08-08","0.00","58","37"
"ASN00086077","MOORABBIN AIRPORT, AS","2016-08-09","0.00","65","50"
"ASN00086077","MOORABBIN AIRPORT, AS","2016-08-10","0.01","58","50"
"ASN00086077","MOORABBIN AIRPORT, AS","2016-08-11","0.36","57","44"
"ASN00086077","MOORABBIN AIRPORT, AS","2016-08-12","0.00","58","46"
"ASN00086077","MOORABBIN AIRPORT, AS","2016-08-13","0.20","59","46"
"ASN00086077","MOORABBIN AIRPORT, AS","2016-08-14","0.05","63","45"
"ASN00086077","MOORABBIN AIRPORT, AS","2016-08-15","0.00","64","49"
"ASN00086077","MOORABBIN AIRPORT, AS","2016-08-16","0.00","66","45"
"ASN00086077","MOORABBIN AIRPORT, AS","2016-08-17","0.02","62","53"
"ASN00086077","MOORABBIN AIRPORT, AS","2016-08-18","0.00","72","40"
"ASN00086077","MOORABBIN AIRPORT, AS","2016-08-19","0.00","63","61"
"ASN00086077","MOORABBIN AIRPORT, AS","2016-08-20","0.53","55","43"
"ASN00086077","MOORABBIN AIRPORT, AS","2016-08-21","0.04","58","48"
"ASN00086077","MOORABBIN AIRPORT, AS","2016-08-22","0.39","60","43"
"ASN00086077","MOORABBIN AIRPORT, AS","2016-08-23","0.25","56","43"
"ASN00086077","MOORABBIN AIRPORT, AS","2016-08-24","0.00","54","39"
"ASN00086077","MOORABBIN AIRPORT, AS","2016-08-25","0.06","55","44"
"ASN00086077","MOORABBIN AIRPORT, AS","2016-08-26","0.09","56","44"
"ASN00086077","MOORABBIN AIRPORT, AS","2016-08-27","0.00","60","47"
"ASN00086077","MOORABBIN AIRPORT, AS","2016-08-28","0.00","65","51"
"ASN00086077","MOORABBIN AIRPORT, AS","2016-08-29","0.00","67","46"
"ASN00086077","MOORABBIN AIRPORT, AS","2016-08-30","0.00","62","48"
"ASN00086077","MOORABBIN AIRPORT, AS","2016-08-31","0.17","66","51"
"ASN00086077","MOORABBIN AIRPORT, AS","2016-09-01","0.01","60","52"
"ASN00086077","MOORABBIN AIRPORT, AS","2016-09-02","0.02","59","49"
"ASN00086077","MOORABBIN AIRPORT, AS","2016-09-03","0.00","59","51"
"ASN00086077","MOORABBIN AIRPORT, AS","2016-09-04","0.00","62","50"
"ASN00086077","MOORABBIN AIRPORT, AS","2016-09-05","0.00","63","54"
"ASN00086077","MOORABBIN AIRPORT, AS","2016-09-06","0.00","69","49"
"ASN00086077","MOORABBIN AIRPORT, AS","2016-09-07","0.00","70","46"
"ASN00086077","MOORABBIN AIRPORT, AS","2016-09-08","0.00","73","56"
"ASN00086077","MOORABBIN AIRPORT, AS","2016-09-09","0.00","65","60"
"ASN00086077","MOORABBIN AIRPORT, AS","2016-09-10","0.38","59","51"
"ASN00086077","MOORABBIN AIRPORT, AS","2016-09-11","0.03","62","46"
"ASN00086077","MOORABBIN AIRPORT, AS","2016-09-12","0.17","54","50"
"ASN00086077","MOORABBIN AIRPORT, AS","2016-09-13","0.32","55","49"
"ASN00086077","MOORABBIN AIRPORT, AS","2016-09-14","0.71","62","51"
"ASN00086077","MOORABBIN AIRPORT, AS","2016-09-15","0.09","60","46"
"ASN00086077","MOORABBIN AIRPORT, AS","2016-09-16","0.15","60","49"
"ASN00086077","MOORABBIN AIRPORT, AS","2016-09-17","0.01","67","51"
"ASN00086077","MOORABBIN AIRPORT, AS","2016-09-18","0.03","54","51"
"ASN00086077","MOORABBIN AIRPORT, AS","2016-09-19","0.06","60","48"
"ASN00086077","MOORABBIN AIRPORT, AS","2016-09-20","0.00","67","48"
"ASN00086077","MOORABBIN AIRPORT, AS","2016-09-21","0.02","61","51"
"ASN00086077","MOORABBIN AIRPORT, AS","2016-09-22","0.00","58","51"
"ASN00086077","MOORABBIN AIRPORT, AS","2016-09-23","0.00","63","50"
"ASN00086077","MOORABBIN AIRPORT, AS","2016-09-24","0.00","68","47"
"ASN00086077","MOORABBIN AIRPORT, AS","2016-09-25","0.20","60","50"
"ASN00086077","MOORABBIN AIRPORT, AS","2016-09-26","0.01","63","45"
"ASN00086077","MOORABBIN AIRPORT, AS","2016-09-27","0.38","61","45"
"ASN00086077","MOORABBIN AIRPORT, AS","2016-09-28","0.02","67","46"
"ASN00086077","MOORABBIN AIRPORT, AS","2016-09-29","0.08","63","54"
"ASN00086077","MOORABBIN AIRPORT, AS","2016-09-30","0.11","60","47"
"ASN00086077","MOORABBIN AIRPORT, AS","2016-10-01","0.05","64","53"
"ASN00086077","MOORABBIN AIRPORT, AS","2016-10-02","0.00","75","50"
"ASN00086077","MOORABBIN AIRPORT, AS","2016-10-03","0.55","61","52"
"ASN00086077","MOORABBIN AIRPORT, AS","2016-10-04","0.13","60","50"
"ASN00086077","MOORABBIN AIRPORT, AS","2016-10-05","0.20","61","46"
"ASN00086077","MOORABBIN AIRPORT, AS","2016-10-06","0.01","80","50"
"ASN00086077","MOORABBIN AIRPORT, AS","2016-10-07","0.01","69","58"
"ASN00086077","MOORABBIN AIRPORT, AS","2016-10-08","0.00","62","46"
"ASN00086077","MOORABBIN AIRPORT, AS","2016-10-09","0.00","72","47"
"ASN00086077","MOORABBIN AIRPORT, AS","2016-10-10","0.05","60","55"
"ASN00086077","MOORABBIN AIRPORT, AS","2016-10-11","0.02","57","45"
"ASN00086077","MOORABBIN AIRPORT, AS","2016-10-12","0.00","60","49"
"ASN00086077","MOORABBIN AIRPORT, AS","2016-10-13","0.02","60","41"
"ASN00086077","MOORABBIN AIRPORT, AS","2016-10-14","0.00","72","37"
"ASN00086077","MOORABBIN AIRPORT, AS","2016-10-15","0.00","76","50"
"ASN00086077","MOORABBIN AIRPORT, AS","2016-10-16","0.00","72","63"
"ASN00086077","MOORABBIN AIRPORT, AS","2016-10-17","0.64","65","49"
"ASN00086077","MOORABBIN AIRPORT, AS","2016-10-18","0.19","61","49"
"ASN00086077","MOORABBIN AIRPORT, AS","2016-10-19","0.07","60","45"
"ASN00086077","MOORABBIN AIRPORT, AS","2016-10-20","0.00","70","45"
"ASN00086077","MOORABBIN AIRPORT, AS","2016-10-21","0.00","65","57"
"ASN00086077","MOORABBIN AIRPORT, AS","2016-10-22","0.80","56","47"
"ASN00086077","MOORABBIN AIRPORT, AS","2016-10-23","0.61","57","46"
"ASN00086077","MOORABBIN AIRPORT, AS","2016-10-24","0.01","62","50"
"ASN00086077","MOORABBIN AIRPORT, AS","2016-10-25","0.00","76","48"
"ASN00086077","MOORABBIN AIRPORT, AS","2016-10-26","0.00","67","58"
"ASN00086077","MOORABBIN AIRPORT, AS","2016-10-27","0.01","61","47"
"ASN00086077","MOORABBIN AIRPORT, AS","2016-10-28","0.01","63","41"
"ASN00086077","MOORABBIN AIRPORT, AS","2016-10-29","0.00","76","43"
"ASN00086077","MOORABBIN AIRPORT, AS","2016-10-30","0.00","80","53"
"ASN00086077","MOORABBIN AIRPORT, AS","2016-10-31","0.06","62","46"
"ASN00086077","MOORABBIN AIRPORT, AS","2016-11-01","0.02","64","49"
"ASN00086077","MOORABBIN AIRPORT, AS","2016-11-02","0.09","64","49"
"ASN00086077","MOORABBIN AIRPORT, AS","2016-11-03","0.00","67","47"
"ASN00086077","MOORABBIN AIRPORT, AS","2016-11-04","0.00","84","47"
"ASN00086077","MOORABBIN AIRPORT, AS","2016-11-05","0.00","60","50"
"ASN00086077","MOORABBIN AIRPORT, AS","2016-11-06","0.02","69","52"
"ASN00086077","MOORABBIN AIRPORT, AS","2016-11-07","0.00","79","57"
"ASN00086077","MOORABBIN AIRPORT, AS","2016-11-08","0.02","63","52"
"ASN00086077","MOORABBIN AIRPORT, AS","2016-11-09","0.00","65","45"
"ASN00086077","MOORABBIN AIRPORT, AS","2016-11-10","0.00","63","49"
"ASN00086077","MOORABBIN AIRPORT, AS","2016-11-11","0.00","72","43"
"ASN00086077","MOORABBIN AIRPORT, AS","2016-11-12","0.05","78","54"
"ASN00086077","MOORABBIN AIRPORT, AS","2016-11-13","0.10","68","52"
"ASN00086077","MOORABBIN AIRPORT, AS","2016-11-14","0.35","62","53"
"ASN00086077","MOORABBIN AIRPORT, AS","2016-11-15","0.00","65","53"
"ASN00086077","MOORABBIN AIRPORT, AS","2016-11-16","0.00","71","54"
"ASN00086077","MOORABBIN AIRPORT, AS","2016-11-17","0.00","88","49"
"ASN00086077","MOORABBIN AIRPORT, AS","2016-11-18","0.00","65","58"
"ASN00086077","MOORABBIN AIRPORT, AS","2016-11-19","0.00","69","49"
"ASN00086077","MOORABBIN AIRPORT, AS","2016-11-20","0.00","90","51"
"ASN00086077","MOORABBIN AIRPORT, AS","2016-11-21","0.00","96","63"
"ASN00086077","MOORABBIN AIRPORT, AS","2016-11-22","0.33","58","58"
"ASN00086077","MOORABBIN AIRPORT, AS","2016-11-23","0.20","62","51"
"ASN00086077","MOORABBIN AIRPORT, AS","2016-11-24","0.06","63","50"
"ASN00086077","MOORABBIN AIRPORT, AS","2016-11-25","0.03","63","53"
"ASN00086077","MOORABBIN AIRPORT, AS","2016-11-26","0.01","63","53"
"ASN00086077","MOORABBIN AIRPORT, AS","2016-11-27","0.02","62","52"
"ASN00086077","MOORABBIN AIRPORT, AS","2016-11-28","0.04","66","54"
"ASN00086077","MOORABBIN AIRPORT, AS","2016-11-29","0.01","71","49"
"ASN00086077","MOORABBIN AIRPORT, AS","2016-11-30","0.00","66","50"
"ASN00086077","MOORABBIN AIRPORT, AS","2016-12-01","0.00","71","51"
"ASN00086077","MOORABBIN AIRPORT, AS","2016-12-02","0.00","69","52"
"ASN00086077","MOORABBIN AIRPORT, AS","2016-12-03","0.00","75","46"
"ASN00086077","MOORABBIN AIRPORT, AS","2016-12-04","0.00","90","49"
"ASN00086077","MOORABBIN AIRPORT, AS","2016-12-05","0.07","69","60"
"ASN00086077","MOORABBIN AIRPORT, AS","2016-12-06","0.00","68","53"
"ASN00086077","MOORABBIN AIRPORT, AS","2016-12-07","0.00","81","47"
"ASN00086077","MOORABBIN AIRPORT, AS","2016-12-08","0.13","74","61"
"ASN00086077","MOORABBIN AIRPORT, AS","2016-12-09","0.39","63","51"
"ASN00086077","MOORABBIN AIRPORT, AS","2016-12-10","0.01","64","53"
"ASN00086077","MOORABBIN AIRPORT, AS","2016-12-11","0.01","68","55"
"ASN00086077","MOORABBIN AIRPORT, AS","2016-12-12","0.00","92","49"
"ASN00086077","MOORABBIN AIRPORT, AS","2016-12-13","0.00","95","63"
"ASN00086077","MOORABBIN AIRPORT, AS","2016-12-14","0.00","66","60"
"ASN00086077","MOORABBIN AIRPORT, AS","2016-12-15","0.00","69","46"
"ASN00086077","MOORABBIN AIRPORT, AS","2016-12-16","0.00","76","47"
"ASN00086077","MOORABBIN AIRPORT, AS","2016-12-17","0.00","68","59"
"ASN00086077","MOORABBIN AIRPORT, AS","2016-12-18","0.00","66","51"
"ASN00086077","MOORABBIN AIRPORT, AS","2016-12-19","0.00","86","45"
"ASN00086077","MOORABBIN AIRPORT, AS","2016-12-20","0.11","69","57"
"ASN00086077","MOORABBIN AIRPORT, AS","2016-12-21","0.01","67","56"
"ASN00086077","MOORABBIN AIRPORT, AS","2016-12-22","0.00","72","55"
"ASN00086077","MOORABBIN AIRPORT, AS","2016-12-23","0.00","83","50"
"ASN00086077","MOORABBIN AIRPORT, AS","2016-12-24","0.01","97","59"
"ASN00086077","MOORABBIN AIRPORT, AS","2016-12-25","0.02","100","62"
"ASN00086077","MOORABBIN AIRPORT, AS","2016-12-26","0.00","85","77"
"ASN00086077","MOORABBIN AIRPORT, AS","2016-12-27","0.10","86","62"
"ASN00086077","MOORABBIN AIRPORT, AS","2016-12-28","0.03","100","68"
"ASN00086077","MOORABBIN AIRPORT, AS","2016-12-29","0.02","95","72"
"ASN00086077","MOORABBIN AIRPORT, AS","2016-12-30","1.94","79","67"
"ASN00086077","MOORABBIN AIRPORT, AS","2016-12-31","0.00","73","63"
"ASN00086077","MOORABBIN AIRPORT, AS","2017-01-01","0.00","70","61"
"ASN00086077","MOORABBIN AIRPORT, AS","2017-01-02","0.03","63","58"
"ASN00086077","MOORABBIN AIRPORT, AS","2017-01-03","0.02","69","58"
"ASN00086077","MOORABBIN AIRPORT, AS","2017-01-04","0.00","88","54"
"ASN00086077","MOORABBIN AIRPORT, AS","2017-01-05","0.00","87","64"
"ASN00086077","MOORABBIN AIRPORT, AS","2017-01-06","0.00","94","65"
"ASN00086077","MOORABBIN AIRPORT, AS","2017-01-07","0.00","99","65"
"ASN00086077","MOORABBIN AIRPORT, AS","2017-01-08","0.00","92","84"
"ASN00086077","MOORABBIN AIRPORT, AS","2017-01-09","0.00","74","63"
"ASN00086077","MOORABBIN AIRPORT, AS","2017-01-10","0.00","79","59"
"ASN00086077","MOORABBIN AIRPORT, AS","2017-01-11","0.00","73","60"
"ASN00086077","MOORABBIN AIRPORT, AS","2017-01-12","0.00","80","56"
"ASN00086077","MOORABBIN AIRPORT, AS","2017-01-13","0.06","82","63"
"ASN00086077","MOORABBIN AIRPORT, AS","2017-01-14","0.33","73","60"
"ASN00086077","MOORABBIN AIRPORT, AS","2017-01-15","0.00","70","60"
"ASN00086077","MOORABBIN AIRPORT, AS","2017-01-16","0.00","86","51"
"ASN00086077","MOORABBIN AIRPORT, AS","2017-01-17","0.00","96","63"
"ASN00086077","MOORABBIN AIRPORT, AS","2017-01-18","0.00","69","62"
"ASN00086077","MOORABBIN AIRPORT, AS","2017-01-19","0.00","75","48"
"ASN00086077","MOORABBIN AIRPORT, AS","2017-01-20","1.00","70","60"
"ASN00086077","MOORABBIN AIRPORT, AS","2017-01-21","0.03","72","58"
"ASN00086077","MOORABBIN AIRPORT, AS","2017-01-22","0.00","83","52"
"ASN00086077","MOORABBIN AIRPORT, AS","2017-01-23","0.00","98","64"
"ASN00086077","MOORABBIN AIRPORT, AS","2017-01-24","0.04","70","65"
"ASN00086077","MOORABBIN AIRPORT, AS","2017-01-25","0.01","71","50"
"ASN00086077","MOORABBIN AIRPORT, AS","2017-01-26","0.00","71","57"
"ASN00086077","MOORABBIN AIRPORT, AS","2017-01-27","0.00","78","59"
"ASN00086077","MOORABBIN AIRPORT, AS","2017-01-28","0.00","78","56"
"ASN00086077","MOORABBIN AIRPORT, AS","2017-01-29","0.00","83","56"
"ASN00086077","MOORABBIN AIRPORT, AS","2017-01-30","0.00","86","60"
"ASN00086077","MOORABBIN AIRPORT, AS","2017-01-31","0.01","72","62"
"ASN00086077","MOORABBIN AIRPORT, AS","2017-02-01","0.00","69","53"
"ASN00086077","MOORABBIN AIRPORT, AS","2017-02-02","0.00","74","55"
"ASN00086077","MOORABBIN AIRPORT, AS","2017-02-03","0.00","79","56"
"ASN00086077","MOORABBIN AIRPORT, AS","2017-02-04","0.00","98","54"
"ASN00086077","MOORABBIN AIRPORT, AS","2017-02-05","0.00","89","65"
"ASN00086077","MOORABBIN AIRPORT, AS","2017-02-06","1.26","65","58"
"ASN00086077","MOORABBIN AIRPORT, AS","2017-02-07","0.00","80","58"
"ASN00086077","MOORABBIN AIRPORT, AS","2017-02-08","0.00","96","60"
"ASN00086077","MOORABBIN AIRPORT, AS","2017-02-09","0.00","97","69"
"ASN00086077","MOORABBIN AIRPORT, AS","2017-02-10","0.00","81","64"
"ASN00086077","MOORABBIN AIRPORT, AS","2017-02-11","0.00","75","64"
"ASN00086077","MOORABBIN AIRPORT, AS","2017-02-12","0.02","67","59"
"ASN00086077","MOORABBIN AIRPORT, AS","2017-02-13","0.00","70","57"
"ASN00086077","MOORABBIN AIRPORT, AS","2017-02-14","0.17","67","56"
"ASN00086077","MOORABBIN AIRPORT, AS","2017-02-15","0.00","89","48"
"ASN00086077","MOORABBIN AIRPORT, AS","2017-02-16","0.00","74","57"
"ASN00086077","MOORABBIN AIRPORT, AS","2017-02-17","0.00","77","57"
"ASN00086077","MOORABBIN AIRPORT, AS","2017-02-18","0.00","66","57"
"ASN00086077","MOORABBIN AIRPORT, AS","2017-02-19","0.02","63","53"
"ASN00086077","MOORABBIN AIRPORT, AS","2017-02-20","0.71","67","51"
"ASN00086077","MOORABBIN AIRPORT, AS","2017-02-21","0.01","72","49"
"ASN00086077","MOORABBIN AIRPORT, AS","2017-02-22","0.00","91","51"
"ASN00086077","MOORABBIN AIRPORT, AS","2017-02-23","0.00","75","57"
"ASN00086077","MOORABBIN AIRPORT, AS","2017-02-24","0.01","69","58"
"ASN00086077","MOORABBIN AIRPORT, AS","2017-02-25","0.01","69","52"
"ASN00086077","MOORABBIN AIRPORT, AS","2017-02-26","0.00","85","54"
"ASN00086077","MOORABBIN AIRPORT, AS","2017-02-27","0.00","90","56"
"ASN00086077","MOORABBIN AIRPORT, AS","2017-02-28","0.00","91","59"
"ASN00086077","MOORABBIN AIRPORT, AS","2017-03-01","0.00","87","58"
"ASN00086077","MOORABBIN AIRPORT, AS","2017-03-02","0.00","75","58"
"ASN00086077","MOORABBIN AIRPORT, AS","2017-03-03","0.00","86","65"
"ASN00086077","MOORABBIN AIRPORT, AS","2017-03-04","0.00","81","59"
"ASN00086077","MOORABBIN AIRPORT, AS","2017-03-05","0.00","79","63"
"ASN00086077","MOORABBIN AIRPORT, AS","2017-03-06","0.00","81","60"
"ASN00086077","MOORABBIN AIRPORT, AS","2017-03-07","0.00","82","58"
"ASN00086077","MOORABBIN AIRPORT, AS","2017-03-08","0.00","85","53"
"ASN00086077","MOORABBIN AIRPORT, AS","2017-03-09","0.00","89","53"
"ASN00086077","MOORABBIN AIRPORT, AS","2017-03-10","0.00","75","59"
"ASN00086077","MOORABBIN AIRPORT, AS","2017-03-11","0.00","81","62"
"ASN00086077","MOORABBIN AIRPORT, AS","2017-03-12","0.01","81","63"
"ASN00086077","MOORABBIN AIRPORT, AS","2017-03-13","0.00","77","59"
"ASN00086077","MOORABBIN AIRPORT, AS","2017-03-14","0.00","90","60"
"ASN00086077","MOORABBIN AIRPORT, AS","2017-03-15","0.00","93","67"
"ASN00086077","MOORABBIN AIRPORT, AS","2017-03-16","0.04","73","71"
"ASN00086077","MOORABBIN AIRPORT, AS","2017-03-17","0.00","74","58"
"ASN00086077","MOORABBIN AIRPORT, AS","2017-03-18","0.00","86","51"
"ASN00086077","MOORABBIN AIRPORT, AS","2017-03-19","0.00","90","55"
"ASN00086077","MOORABBIN AIRPORT, AS","2017-03-20","0.00","85","64"
"ASN00086077","MOORABBIN AIRPORT, AS","2017-03-21","0.07","78","66"
"ASN00086077","MOORABBIN AIRPORT, AS","2017-03-22","0.65","71","64"
"ASN00086077","MOORABBIN AIRPORT, AS","2017-03-23","0.00","77","60"
"ASN00086077","MOORABBIN AIRPORT, AS","2017-03-24","0.00","78","54"
"ASN00086077","MOORABBIN AIRPORT, AS","2017-03-25","0.00","86","59"
"ASN00086077","MOORABBIN AIRPORT, AS","2017-03-26","0.00","81","65"
"ASN00086077","MOORABBIN AIRPORT, AS","2017-03-27","0.00","92","63"
"ASN00086077","MOORABBIN AIRPORT, AS","2017-03-28","0.16","74","52"
"ASN00086077","MOORABBIN AIRPORT, AS","2017-03-29","0.00","82","57"
"ASN00086077","MOORABBIN AIRPORT, AS","2017-03-30","0.22","64","51"
"ASN00086077","MOORABBIN AIRPORT, AS","2017-03-31","0.02","64","47"
"ASN00086077","MOORABBIN AIRPORT, AS","2017-04-01","0.00","66","50"
"ASN00086077","MOORABBIN AIRPORT, AS","2017-04-02","0.00","65","49"
"ASN00086077","MOORABBIN AIRPORT, AS","2017-04-03","0.00","72","43"
"ASN00086077","MOORABBIN AIRPORT, AS","2017-04-04","0.00","74","47"
"ASN00086077","MOORABBIN AIRPORT, AS","2017-04-05","0.00","77","47"
"ASN00086077","MOORABBIN AIRPORT, AS","2017-04-06","0.00","79","49"
"ASN00086077","MOORABBIN AIRPORT, AS","2017-04-07","0.00","80","56"
"ASN00086077","MOORABBIN AIRPORT, AS","2017-04-08","0.00","83","63"
"ASN00086077","MOORABBIN AIRPORT, AS","2017-04-09","0.48","60","54"
"ASN00086077","MOORABBIN AIRPORT, AS","2017-04-10","0.59","62","47"
"ASN00086077","MOORABBIN AIRPORT, AS","2017-04-11","0.01","66","55"
"ASN00086077","MOORABBIN AIRPORT, AS","2017-04-12","0.00","69","51"
"ASN00086077","MOORABBIN AIRPORT, AS","2017-04-13","0.00","70","48"
"ASN00086077","MOORABBIN AIRPORT, AS","2017-04-14","0.00","65","56"
"ASN00086077","MOORABBIN AIRPORT, AS","2017-04-15","0.09","63","51"
"ASN00086077","MOORABBIN AIRPORT, AS","2017-04-16","0.00","69","48"
"ASN00086077","MOORABBIN AIRPORT, AS","2017-04-17","0.00","65","49"
"ASN00086077","MOORABBIN AIRPORT, AS","2017-04-18","0.00","71","47"
"ASN00086077","MOORABBIN AIRPORT, AS","2017-04-19","0.00","81","52"
"ASN00086077","MOORABBIN AIRPORT, AS","2017-04-20","0.00","80","59"
"ASN00086077","MOORABBIN AIRPORT, AS","2017-04-21","0.33","70","59"
"ASN00086077","MOORABBIN AIRPORT, AS","2017-04-22","0.04","74","60"
"ASN00086077","MOORABBIN AIRPORT, AS","2017-04-23","0.07","71","57"
"ASN00086077","MOORABBIN AIRPORT, AS","2017-04-24","0.01","75","57"
"ASN00086077","MOORABBIN AIRPORT, AS","2017-04-25","0.82","66","59"
"ASN00086077","MOORABBIN AIRPORT, AS","2017-04-26","1.00","59","50"
"ASN00086077","MOORABBIN AIRPORT, AS","2017-04-27","0.25","59","47"
"ASN00086077","MOORABBIN AIRPORT, AS","2017-04-28","0.03","66","51"
"ASN00086077","MOORABBIN AIRPORT, AS","2017-04-29","0.00","66","58"
"ASN00086077","MOORABBIN AIRPORT, AS","2017-04-30","0.01","65","56"
"ASN00086077","MOORABBIN AIRPORT, AS","2017-05-01","0.00","68","57"
"ASN00086077","MOORABBIN AIRPORT, AS","2017-05-02","0.10","62","51"
"ASN00086077","MOORABBIN AIRPORT, AS","2017-05-03","0.04","61","43"
"ASN00086077","MOORABBIN AIRPORT, AS","2017-05-04","0.00","60","39"
"ASN00086077","MOORABBIN AIRPORT, AS","2017-05-05","0.00","69","40"
"ASN00086077","MOORABBIN AIRPORT, AS","2017-05-06","0.00","68","47"
"ASN00086077","MOORABBIN AIRPORT, AS","2017-05-07","0.17","59","49"
"ASN00086077","MOORABBIN AIRPORT, AS","2017-05-08","0.14","62","49"
"ASN00086077","MOORABBIN AIRPORT, AS","2017-05-09","0.02","61","51"
"ASN00086077","MOORABBIN AIRPORT, AS","2017-05-10","0.00","62","46"
"ASN00086077","MOORABBIN AIRPORT, AS","2017-05-11","0.01","61","41"
"ASN00086077","MOORABBIN AIRPORT, AS","2017-05-12","0.00","66","39"
"ASN00086077","MOORABBIN AIRPORT, AS","2017-05-13","0.00","61","47"
"ASN00086077","MOORABBIN AIRPORT, AS","2017-05-14","0.00","62","41"
"ASN00086077","MOORABBIN AIRPORT, AS","2017-05-15","0.00","62","41"
"ASN00086077","MOORABBIN AIRPORT, AS","2017-05-16","0.00","63","38"
"ASN00086077","MOORABBIN AIRPORT, AS","2017-05-17","0.00","66","46"
"ASN00086077","MOORABBIN AIRPORT, AS","2017-05-18","0.01","69","47"
"ASN00086077","MOORABBIN AIRPORT, AS","2017-05-19","0.00","64","50"
"ASN00086077","MOORABBIN AIRPORT, AS","2017-05-20","0.05","67","44"
"ASN00086077","MOORABBIN AIRPORT, AS","2017-05-21","0.00","67","48"
"ASN00086077","MOORABBIN AIRPORT, AS","2017-05-22","0.00","70","51"
"ASN00086077","MOORABBIN AIRPORT, AS","2017-05-23","0.00","68","59"
"ASN00086077","MOORABBIN AIRPORT, AS","2017-05-24","0.01","62","53"
"ASN00086077","MOORABBIN AIRPORT, AS","2017-05-25","0.00","66","55"
"ASN00086077","MOORABBIN AIRPORT, AS","2017-05-26","0.10","61","54"
"ASN00086077","MOORABBIN AIRPORT, AS","2017-05-27","0.00","66","47"
"ASN00086077","MOORABBIN AIRPORT, AS","2017-05-28","0.34","58","50"
"ASN00086077","MOORABBIN AIRPORT, AS","2017-05-29","0.02","58","45"
"ASN00086077","MOORABBIN AIRPORT, AS","2017-05-30","0.04","56","50"
"ASN00086077","MOORABBIN AIRPORT, AS","2017-05-31","0.22","56","39"
"ASN00086077","MOORABBIN AIRPORT, AS","2017-06-01","0.02","56","45"
"ASN00086077","MOORABBIN AIRPORT, AS","2017-06-02","0.00","58","48"
"ASN00086077","MOORABBIN AIRPORT, AS","2017-06-03","0.00","59","51"
"ASN00086077","MOORABBIN AIRPORT, AS","2017-06-04","0.00","57","38"
"ASN00086077","MOORABBIN AIRPORT, AS","2017-06-05","0.00","62","43"
"ASN00086077","MOORABBIN AIRPORT, AS","2017-06-06","0.12","57","50"
"ASN00086077","MOORABBIN AIRPORT, AS","2017-06-07","0.01","59","38"
"ASN00086077","MOORABBIN AIRPORT, AS","2017-06-08","0.00","58","37"
"ASN00086077","MOORABBIN AIRPORT, AS","2017-06-09","0.09","60","45"
"ASN00086077","MOORABBIN AIRPORT, AS","2017-06-10","0.00","56","44"
"ASN00086077","MOORABBIN AIRPORT, AS","2017-06-11","0.01","58","40"
"ASN00086077","MOORABBIN AIRPORT, AS","2017-06-12","0.00","61","48"
"ASN00086077","MOORABBIN AIRPORT, AS","2017-06-13","0.00","57","49"
"ASN00086077","MOORABBIN AIRPORT, AS","2017-06-14","0.00","63","37"
"ASN00086077","MOORABBIN AIRPORT, AS","2017-06-15","0.00","65","47"
"ASN00086077","MOORABBIN AIRPORT, AS","2017-06-16","0.00","61","40"
"ASN00086077","MOORABBIN AIRPORT, AS","2017-06-17","0.00","59","36"
"ASN00086077","MOORABBIN AIRPORT, AS","2017-06-18","0.00","61","44"
"ASN00086077","MOORABBIN AIRPORT, AS","2017-06-19","0.00","60","45"
"ASN00086077","MOORABBIN AIRPORT, AS","2017-06-20","0.00","60","43"
"ASN00086077","MOORABBIN AIRPORT, AS","2017-06-21","0.06","56","49"
"ASN00086077","MOORABBIN AIRPORT, AS","2017-06-22","0.00","57","45"
"ASN00086077","MOORABBIN AIRPORT, AS","2017-06-23","0.00","58","45"
"ASN00086077","MOORABBIN AIRPORT, AS","2017-06-24","0.11","53","47"
"ASN00086077","MOORABBIN AIRPORT, AS","2017-06-25","0.02","57","47"
"ASN00086077","MOORABBIN AIRPORT, AS","2017-06-26","0.04","55","47"
"ASN00086077","MOORABBIN AIRPORT, AS","2017-06-27","0.01","53","41"
"ASN00086077","MOORABBIN AIRPORT, AS","2017-06-28","0.00","58","47"
"ASN00086077","MOORABBIN AIRPORT, AS","2017-06-29","0.00","56","46"
"ASN00086077","MOORABBIN AIRPORT, AS","2017-06-30","0.13","55","47"
"ASN00086077","MOORABBIN AIRPORT, AS","2017-07-01","0.00","55","31"
"ASN00086077","MOORABBIN AIRPORT, AS","2017-07-02","0.00","58","28"
"ASN00086077","MOORABBIN AIRPORT, AS","2017-07-03","0.00","58","31"
"ASN00086077","MOORABBIN AIRPORT, AS","2017-07-04","0.20","62","44"
"ASN00086077","MOORABBIN AIRPORT, AS","2017-07-05","0.00","59","50"
"ASN00086077","MOORABBIN AIRPORT, AS","2017-07-06","0.00","59","40"
"ASN00086077","MOORABBIN AIRPORT, AS","2017-07-07","0.00","57","44"
"ASN00086077","MOORABBIN AIRPORT, AS","2017-07-08","0.00","55","42"
"ASN00086077","MOORABBIN AIRPORT, AS","2017-07-09","0.09","55","43"
"ASN00086077","MOORABBIN AIRPORT, AS","2017-07-10","0.00","60","43"
"ASN00086077","MOORABBIN AIRPORT, AS","2017-07-11","0.10","57","44"
"ASN00086077","MOORABBIN AIRPORT, AS","2017-07-12","0.01","60","33"
"ASN00086077","MOORABBIN AIRPORT, AS","2017-07-13","0.00","59","39"
"ASN00086077","MOORABBIN AIRPORT, AS","2017-07-14","0.13","59","49"
"ASN00086077","MOORABBIN AIRPORT, AS","2017-07-15","0.00","53","39"
"ASN00086077","MOORABBIN AIRPORT, AS","2017-07-16","0.00","54","37"
"ASN00086077","MOORABBIN AIRPORT, AS","2017-07-17","0.00","60","44"
"ASN00086077","MOORABBIN AIRPORT, AS","2017-07-18","0.00","56","49"
"ASN00086077","MOORABBIN AIRPORT, AS","2017-07-19","0.40","56","47"
"ASN00086077","MOORABBIN AIRPORT, AS","2017-07-20","0.04","52","47"
"ASN00086077","MOORABBIN AIRPORT, AS","2017-07-21","0.13","58","38"
"ASN00086077","MOORABBIN AIRPORT, AS","2017-07-22","0.00","55","42"
"ASN00086077","MOORABBIN AIRPORT, AS","2017-07-23","0.00","57","48"
"ASN00086077","MOORABBIN AIRPORT, AS","2017-07-24","0.07","60","45"
"ASN00086077","MOORABBIN AIRPORT, AS","2017-07-25","0.00","64","49"
"ASN00086077","MOORABBIN AIRPORT, AS","2017-07-26","0.05","58","52"
"ASN00086077","MOORABBIN AIRPORT, AS","2017-07-27","0.06","59","39"
"ASN00086077","MOORABBIN AIRPORT, AS","2017-07-28","0.22","58","46"
"ASN00086077","MOORABBIN AIRPORT, AS","2017-07-29","0.00","66","47"
"ASN00086077","MOORABBIN AIRPORT, AS","2017-07-30","0.00","61","53"
"ASN00086077","MOORABBIN AIRPORT, AS","2017-07-31","0.00","57","40"
"ASN00086077","MOORABBIN AIRPORT, AS","2017-08-01","0.00","58","35"
"ASN00086077","MOORABBIN AIRPORT, AS","2017-08-02","0.00","56","34"
"ASN00086077","MOORABBIN AIRPORT, AS","2017-08-03","0.00","49","33"
"ASN00086077","MOORABBIN AIRPORT, AS","2017-08-04","0.38","53","39"
"ASN00086077","MOORABBIN AIRPORT, AS","2017-08-05","0.02","57","48"
"ASN00086077","MOORABBIN AIRPORT, AS","2017-08-06","0.00","54","49"
"ASN00086077","MOORABBIN AIRPORT, AS","2017-08-07","0.23","53","45"
"ASN00086077","MOORABBIN AIRPORT, AS","2017-08-08","0.11","57","46"
"ASN00086077","MOORABBIN AIRPORT, AS","2017-08-09","0.00","63","46"
"ASN00086077","MOORABBIN AIRPORT, AS","2017-08-10","0.00","67","53"
"ASN00086077","MOORABBIN AIRPORT, AS","2017-08-11","0.00","62","50"
"ASN00086077","MOORABBIN AIRPORT, AS","2017-08-12","0.09","62","50"
"ASN00086077","MOORABBIN AIRPORT, AS","2017-08-13","0.07","65","48"
"ASN00086077","MOORABBIN AIRPORT, AS","2017-08-14","0.00","69","51"
"ASN00086077","MOORABBIN AIRPORT, AS","2017-08-15","0.03","65","45"
"ASN00086077","MOORABBIN AIRPORT, AS","2017-08-16","0.03","61","52"
"ASN00086077","MOORABBIN AIRPORT, AS","2017-08-17","0.04","60","48"
"ASN00086077","MOORABBIN AIRPORT, AS","2017-08-18","0.08","54","47"
"ASN00086077","MOORABBIN AIRPORT, AS","2017-08-19","0.49","53","41"
"ASN00086077","MOORABBIN AIRPORT, AS","2017-08-20","0.04","54","39"
"ASN00086077","MOORABBIN AIRPORT, AS","2017-08-21","0.00","54","42"
"ASN00086077","MOORABBIN AIRPORT, AS","2017-08-22","0.02","61","44"
"ASN00086077","MOORABBIN AIRPORT, AS","2017-08-23","0.00","64","46"
"ASN00086077","MOORABBIN AIRPORT, AS","2017-08-24","0.39","57","41"
"ASN00086077","MOORABBIN AIRPORT, AS","2017-08-25","0.01","58","40"
"ASN00086077","MOORABBIN AIRPORT, AS","2017-08-26","0.00","58","48"
"ASN00086077","MOORABBIN AIRPORT, AS","2017-08-27","0.29","51","43"
"ASN00086077","MOORABBIN AIRPORT, AS","2017-08-28","0.06","54","38"
"ASN00086077","MOORABBIN AIRPORT, AS","2017-08-29","0.01","57","41"
"ASN00086077","MOORABBIN AIRPORT, AS","2017-08-30","0.00","58","45"
"ASN00086077","MOORABBIN AIRPORT, AS","2017-08-31","0.02","59","35"
"ASN00086077","MOORABBIN AIRPORT, AS","2017-09-01","0.01","62","33"
"ASN00086077","MOORABBIN AIRPORT, AS","2017-09-02","0.00","69","49"
"ASN00086077","MOORABBIN AIRPORT, AS","2017-09-03","0.00","62","56"
"ASN00086077","MOORABBIN AIRPORT, AS","2017-09-04","0.14","55","47"
"ASN00086077","MOORABBIN AIRPORT, AS","2017-09-05","0.00","54","44"
"ASN00086077","MOORABBIN AIRPORT, AS","2017-09-06","0.31","56","44"
"ASN00086077","MOORABBIN AIRPORT, AS","2017-09-07","0.06","60","46"
"ASN00086077","MOORABBIN AIRPORT, AS","2017-09-08","0.18","55","45"
"ASN00086077","MOORABBIN AIRPORT, AS","2017-09-09","0.12","58","46"
"ASN00086077","MOORABBIN AIRPORT, AS","2017-09-10","0.00","58","40"
"ASN00086077","MOORABBIN AIRPORT, AS","2017-09-11","0.00","63","44"
"ASN00086077","MOORABBIN AIRPORT, AS","2017-09-12","0.03","65","53"
"ASN00086077","MOORABBIN AIRPORT, AS","2017-09-13","0.10","60","52"
"ASN00086077","MOORABBIN AIRPORT, AS","2017-09-14","0.07","57","43"
"ASN00086077","MOORABBIN AIRPORT, AS","2017-09-15","0.00","58","49"
"ASN00086077","MOORABBIN AIRPORT, AS","2017-09-16","0.28","57","45"
"ASN00086077","MOORABBIN AIRPORT, AS","2017-09-17","0.00","64","37"
"ASN00086077","MOORABBIN AIRPORT, AS","2017-09-18","0.00","71","50"
"ASN00086077","MOORABBIN AIRPORT, AS","2017-09-19","0.01","56","48"
"ASN00086077","MOORABBIN AIRPORT, AS","2017-09-20","0.01","66","42"
"ASN00086077","MOORABBIN AIRPORT, AS","2017-09-21","0.00","73","51"
"ASN00086077","MOORABBIN AIRPORT, AS","2017-09-22","0.00","77","50"
"ASN00086077","MOORABBIN AIRPORT, AS","2017-09-23","0.00","86","59"
"ASN00086077","MOORABBIN AIRPORT, AS","2017-09-24","0.02","66","51"
"ASN00086077","MOORABBIN AIRPORT, AS","2017-09-25","0.17","58","51"
"ASN00086077","MOORABBIN AIRPORT, AS","2017-09-26","0.01","59","40"
"ASN00086077","MOORABBIN AIRPORT, AS","2017-09-27","0.00","75","46"
"ASN00086077","MOORABBIN AIRPORT, AS","2017-09-28","0.00","62","46"
"ASN00086077","MOORABBIN AIRPORT, AS","2017-09-29","0.00","65","49"
"ASN00086077","MOORABBIN AIRPORT, AS","2017-09-30","0.00","60","51"
"ASN00086077","MOORABBIN AIRPORT, AS","2017-10-01","0.01","62","49"
"ASN00086077","MOORABBIN AIRPORT, AS","2017-10-02","0.00","60","46"
"ASN00086077","MOORABBIN AIRPORT, AS","2017-10-03","0.00","69","42"
"ASN00086077","MOORABBIN AIRPORT, AS","2017-10-04","0.00","74","44"
"ASN00086077","MOORABBIN AIRPORT, AS","2017-10-05","0.00","66","54"
"ASN00086077","MOORABBIN AIRPORT, AS","2017-10-06","0.19","59","50"
"ASN00086077","MOORABBIN AIRPORT, AS","2017-10-07","0.00","73","42"
"ASN00086077","MOORABBIN AIRPORT, AS","2017-10-08","0.00","80","49"
"ASN00086077","MOORABBIN AIRPORT, AS","2017-10-09","0.12","64","56"
"ASN00086077","MOORABBIN AIRPORT, AS","2017-10-10","0.00","69","45"
"ASN00086077","MOORABBIN AIRPORT, AS","2017-10-11","0.00","77","43"
"ASN00086077","MOORABBIN AIRPORT, AS","2017-10-12","0.44","64","50"
"ASN00086077","MOORABBIN AIRPORT, AS","2017-10-13","0.00","62","54"
"ASN00086077","MOORABBIN AIRPORT, AS","2017-10-14","0.00","62","47"
"ASN00086077","MOORABBIN AIRPORT, AS","2017-10-15","0.00","67","41"
"ASN00086077","MOORABBIN AIRPORT, AS","2017-10-16","0.00","81","49"
"ASN00086077","MOORABBIN AIRPORT, AS","2017-10-17","0.00","87","51"
"ASN00086077","MOORABBIN AIRPORT, AS","2017-10-18","0.00","89","57"
"ASN00086077","MOORABBIN AIRPORT, AS","2017-10-19","0.00","77","74"
"ASN00086077","MOORABBIN AIRPORT, AS","2017-10-20","0.17","62","53"
"ASN00086077","MOORABBIN AIRPORT, AS","2017-10-21","0.00","60","52"
"ASN00086077","MOORABBIN AIRPORT, AS","2017-10-22","0.02","63","52"
"ASN00086077","MOORABBIN AIRPORT, AS","2017-10-23","0.02","65","53"
"ASN00086077","MOORABBIN AIRPORT, AS","2017-10-24","0.00","69","51"
"ASN00086077","MOORABBIN AIRPORT, AS","2017-10-25","0.53","65","55"
"ASN00086077","MOORABBIN AIRPORT, AS","2017-10-26","0.00","64","52"
"ASN00086077","MOORABBIN AIRPORT, AS","2017-10-27","0.00","81","47"
"ASN00086077","MOORABBIN AIRPORT, AS","2017-10-28","0.00","69","58"
"ASN00086077","MOORABBIN AIRPORT, AS","2017-10-29","0.01","83","49"
"ASN00086077","MOORABBIN AIRPORT, AS","2017-10-30","0.23","61","47"
"ASN00086077","MOORABBIN AIRPORT, AS","2017-10-31","0.18","61","49"
"ASN00086077","MOORABBIN AIRPORT, AS","2017-11-01","0.01","63","52"
"ASN00086077","MOORABBIN AIRPORT, AS","2017-11-02","0.09","63","52"
"ASN00086077","MOORABBIN AIRPORT, AS","2017-11-03","0.16","59","49"
"ASN00086077","MOORABBIN AIRPORT, AS","2017-11-04","0.05","61","48"
"ASN00086077","MOORABBIN AIRPORT, AS","2017-11-05","0.03","64","42"
"ASN00086077","MOORABBIN AIRPORT, AS","2017-11-06","0.00","64","49"
"ASN00086077","MOORABBIN AIRPORT, AS","2017-11-07","0.02","60","51"
"ASN00086077","MOORABBIN AIRPORT, AS","2017-11-08","0.01","64","53"
"ASN00086077","MOORABBIN AIRPORT, AS","2017-11-09","0.00","73","45"
"ASN00086077","MOORABBIN AIRPORT, AS","2017-11-10","0.00","80","49"
"ASN00086077","MOORABBIN AIRPORT, AS","2017-11-11","0.00","79","55"
"ASN00086077","MOORABBIN AIRPORT, AS","2017-11-12","0.00","81","53"
"ASN00086077","MOORABBIN AIRPORT, AS","2017-11-13","0.00","90","52"
"ASN00086077","MOORABBIN AIRPORT, AS","2017-11-14","0.00","95","59"
"ASN00086077","MOORABBIN AIRPORT, AS","2017-11-15","0.00","92","75"
"ASN00086077","MOORABBIN AIRPORT, AS","2017-11-16","0.09","72","61"
"ASN00086077","MOORABBIN AIRPORT, AS","2017-11-17","0.26","78","58"
"ASN00086077","MOORABBIN AIRPORT, AS","2017-11-18","0.28","84","59"
"ASN00086077","MOORABBIN AIRPORT, AS","2017-11-19","0.01","84","58"
"ASN00086077","MOORABBIN AIRPORT, AS","2017-11-20","0.00","88","61"
"ASN00086077","MOORABBIN AIRPORT, AS","2017-11-21","0.00","92","60"
"ASN00086077","MOORABBIN AIRPORT, AS","2017-11-22","0.00","91","58"
"ASN00086077","MOORABBIN AIRPORT, AS","2017-11-23","0.00","91","56"
"ASN00086077","MOORABBIN AIRPORT, AS","2017-11-24","0.00","87","64"
"ASN00086077","MOORABBIN AIRPORT, AS","2017-11-25","0.01","94","67"
"ASN00086077","MOORABBIN AIRPORT, AS","2017-11-26","0.11","82","67"
"ASN00086077","MOORABBIN AIRPORT, AS","2017-11-27","0.09","73","60"
"ASN00086077","MOORABBIN AIRPORT, AS","2017-11-28","0.00","88","55"
"ASN00086077","MOORABBIN AIRPORT, AS","2017-11-29","0.00","97","60"
"ASN00086077","MOORABBIN AIRPORT, AS","2017-11-30","0.00","98","68"
"ASN00086077","MOORABBIN AIRPORT, AS","2017-12-01","0.18","75","69"
"ASN00086077","MOORABBIN AIRPORT, AS","2017-12-02","0.75","62","58"
"ASN00086077","MOORABBIN AIRPORT, AS","2017-12-03","1.76","63","56"
"ASN00086077","MOORABBIN AIRPORT, AS","2017-12-04","0.03","64","55"
"ASN00086077","MOORABBIN AIRPORT, AS","2017-12-05","0.00","74","50"
"ASN00086077","MOORABBIN AIRPORT, AS","2017-12-06","0.00","72","57"
"ASN00086077","MOORABBIN AIRPORT, AS","2017-12-07","0.00","70","52"
"ASN00086077","MOORABBIN AIRPORT, AS","2017-12-08","1.28","66","55"
"ASN00086077","MOORABBIN AIRPORT, AS","2017-12-09","0.00","73","55"
"ASN00086077","MOORABBIN AIRPORT, AS","2017-12-10","0.00","71","57"
"ASN00086077","MOORABBIN AIRPORT, AS","2017-12-11","0.00","69","60"
"ASN00086077","MOORABBIN AIRPORT, AS","2017-12-12","0.00","79","59"
"ASN00086077","MOORABBIN AIRPORT, AS","2017-12-13","0.00","99","56"
"ASN00086077","MOORABBIN AIRPORT, AS","2017-12-14","0.00","72","67"
"ASN00086077","MOORABBIN AIRPORT, AS","2017-12-15","0.00","77","53"
"ASN00086077","MOORABBIN AIRPORT, AS","2017-12-16","0.00","75","54"
"ASN00086077","MOORABBIN AIRPORT, AS","2017-12-17","0.00","82","56"
"ASN00086077","MOORABBIN AIRPORT, AS","2017-12-18","0.00","87","60"
"ASN00086077","MOORABBIN AIRPORT, AS","2017-12-19","0.00","99","68"
"ASN00086077","MOORABBIN AIRPORT, AS","2017-12-20","0.67","75","60"
"ASN00086077","MOORABBIN AIRPORT, AS","2017-12-21","0.00","73","57"
"ASN00086077","MOORABBIN AIRPORT, AS","2017-12-22","0.00","78","55"
"ASN00086077","MOORABBIN AIRPORT, AS","2017-12-23","0.00","81","57"
"ASN00086077","MOORABBIN AIRPORT, AS","2017-12-24","0.00","67","61"
"ASN00086077","MOORABBIN AIRPORT, AS","2017-12-25","0.00","72","58"
"ASN00086077","MOORABBIN AIRPORT, AS","2017-12-26","0.00","85","51"
"ASN00086077","MOORABBIN AIRPORT, AS","2017-12-27","0.00","95","60"
"ASN00086077","MOORABBIN AIRPORT, AS","2017-12-28","0.00","91","73"
"ASN00086077","MOORABBIN AIRPORT, AS","2017-12-29","0.00","77","64"
"ASN00086077","MOORABBIN AIRPORT, AS","2017-12-30","0.61","70","60"
"ASN00086077","MOORABBIN AIRPORT, AS","2017-12-31","0.02","75","54"
"ASN00086077","MOORABBIN AIRPORT, AS","2018-01-01","0.00","76","60"
"ASN00086077","MOORABBIN AIRPORT, AS","2018-01-02","0.00","71","60"
"ASN00086077","MOORABBIN AIRPORT, AS","2018-01-03","0.04","71","58"
"ASN00086077","MOORABBIN AIRPORT, AS","2018-01-04","0.01","73","55"
"ASN00086077","MOORABBIN AIRPORT, AS","2018-01-05","0.00","88","56"
"ASN00086077","MOORABBIN AIRPORT, AS","2018-01-06","0.00","108","61"
"ASN00086077","MOORABBIN AIRPORT, AS","2018-01-07","0.00","73","63"
"ASN00086077","MOORABBIN AIRPORT, AS","2018-01-08","0.00","74","61"
"ASN00086077","MOORABBIN AIRPORT, AS","2018-01-09","0.00","71","59"
"ASN00086077","MOORABBIN AIRPORT, AS","2018-01-10","0.00","83","53"
"ASN00086077","MOORABBIN AIRPORT, AS","2018-01-11","0.00","96","55"
"ASN00086077","MOORABBIN AIRPORT, AS","2018-01-12","0.01","82","69"
"ASN00086077","MOORABBIN AIRPORT, AS","2018-01-13","0.46","70","61"
"ASN00086077","MOORABBIN AIRPORT, AS","2018-01-14","0.30","68","54"
"ASN00086077","MOORABBIN AIRPORT, AS","2018-01-15","0.00","71","59"
"ASN00086077","MOORABBIN AIRPORT, AS","2018-01-16","0.01","79","53"
"ASN00086077","MOORABBIN AIRPORT, AS","2018-01-17","0.00","85","52"
"ASN00086077","MOORABBIN AIRPORT, AS","2018-01-18","0.00","104","58"
"ASN00086077","MOORABBIN AIRPORT, AS","2018-01-19","0.00","107","69"
"ASN00086077","MOORABBIN AIRPORT, AS","2018-01-20","0.00","80","65"
"ASN00086077","MOORABBIN AIRPORT, AS","2018-01-21","0.00","85","69"
"ASN00086077","MOORABBIN AIRPORT, AS","2018-01-22","0.00","78","68"
"ASN00086077","MOORABBIN AIRPORT, AS","2018-01-23","0.00","77","61"
"ASN00086077","MOORABBIN AIRPORT, AS","2018-01-24","0.00","79","56"
"ASN00086077","MOORABBIN AIRPORT, AS","2018-01-25","0.00","89","61"
"ASN00086077","MOORABBIN AIRPORT, AS","2018-01-26","0.46","84","67"
"ASN00086077","MOORABBIN AIRPORT, AS","2018-01-27","0.02","91","70"
"ASN00086077","MOORABBIN AIRPORT, AS","2018-01-28","0.00","102","71"
"ASN00086077","MOORABBIN AIRPORT, AS","2018-01-29","0.00","94","83"
"ASN00086077","MOORABBIN AIRPORT, AS","2018-01-30","1.22","71","60"
"ASN00086077","MOORABBIN AIRPORT, AS","2018-01-31","0.00","69","59"
"ASN00086077","MOORABBIN AIRPORT, AS","2018-02-01","0.00","74","48"
"ASN00086077","MOORABBIN AIRPORT, AS","2018-02-02","0.00","74","53"
"ASN00086077","MOORABBIN AIRPORT, AS","2018-02-03","0.00","83","60"
"ASN00086077","MOORABBIN AIRPORT, AS","2018-02-04","0.00","79","56"
"ASN00086077","MOORABBIN AIRPORT, AS","2018-02-05","0.00","79","60"
"ASN00086077","MOORABBIN AIRPORT, AS","2018-02-06","0.00","89","61"
"ASN00086077","MOORABBIN AIRPORT, AS","2018-02-07","0.00","99","61"
"ASN00086077","MOORABBIN AIRPORT, AS","2018-02-08","0.00","81","69"
"ASN00086077","MOORABBIN AIRPORT, AS","2018-02-09","0.00","79","67"
"ASN00086077","MOORABBIN AIRPORT, AS","2018-02-10","0.00","87","61"
"ASN00086077","MOORABBIN AIRPORT, AS","2018-02-11","0.02","72","63"
"ASN00086077","MOORABBIN AIRPORT, AS","2018-02-12","0.01","73","61"
"ASN00086077","MOORABBIN AIRPORT, AS","2018-02-13","0.00","83","53"
"ASN00086077","MOORABBIN AIRPORT, AS","2018-02-14","0.00","73","63"
"ASN00086077","MOORABBIN AIRPORT, AS","2018-02-15","0.00","73","55"
"ASN00086077","MOORABBIN AIRPORT, AS","2018-02-16","0.00","71","60"
"ASN00086077","MOORABBIN AIRPORT, AS","2018-02-17","0.00","77","52"
"ASN00086077","MOORABBIN AIRPORT, AS","2018-02-18","0.00","76","55"
"ASN00086077","MOORABBIN AIRPORT, AS","2018-02-19","0.01","78","63"
"ASN00086077","MOORABBIN AIRPORT, AS","2018-02-20","0.01","84","58"
"ASN00086077","MOORABBIN AIRPORT, AS","2018-02-21","0.00","86","56"
"ASN00086077","MOORABBIN AIRPORT, AS","2018-02-22","0.00","90","63"
"ASN00086077","MOORABBIN AIRPORT, AS","2018-02-23","0.01","95","69"
"ASN00086077","MOORABBIN AIRPORT, AS","2018-02-24","0.01","87","71"
"ASN00086077","MOORABBIN AIRPORT, AS","2018-02-25","0.00","70","59"
"ASN00086077","MOORABBIN AIRPORT, AS","2018-02-26","0.00","82","58"
"ASN00086077","MOORABBIN AIRPORT, AS","2018-02-27","0.00","90","55"
"ASN00086077","MOORABBIN AIRPORT, AS","2018-02-28","0.00","87","68"
"ASN00086077","MOORABBIN AIRPORT, AS","2018-03-01","0.04","71","61"
"ASN00086077","MOORABBIN AIRPORT, AS","2018-03-02","0.01","74","55"
"ASN00086077","MOORABBIN AIRPORT, AS","2018-03-03","0.00","92","56"
"ASN00086077","MOORABBIN AIRPORT, AS","2018-03-04","0.00","71","62"
"ASN00086077","MOORABBIN AIRPORT, AS","2018-03-05","0.00","72","54"
"ASN00086077","MOORABBIN AIRPORT, AS","2018-03-06","0.00","82","50"
"ASN00086077","MOORABBIN AIRPORT, AS","2018-03-07","0.00","83","54"
"ASN00086077","MOORABBIN AIRPORT, AS","2018-03-08","0.00","86","54"
"ASN00086077","MOORABBIN AIRPORT, AS","2018-03-09","0.00","84","53"
"ASN00086077","MOORABBIN AIRPORT, AS","2018-03-10","0.00","94","55"
"ASN00086077","MOORABBIN AIRPORT, AS","2018-03-11","0.00","75","65"
"ASN00086077","MOORABBIN AIRPORT, AS","2018-03-12","0.00","69","61"
"ASN00086077","MOORABBIN AIRPORT, AS","2018-03-13","0.00","71","59"
"ASN00086077","MOORABBIN AIRPORT, AS","2018-03-14","0.00","71","54"
"ASN00086077","MOORABBIN AIRPORT, AS","2018-03-15","0.00","71","55"
"ASN00086077","MOORABBIN AIRPORT, AS","2018-03-16","0.00","75","50"
"ASN00086077","MOORABBIN AIRPORT, AS","2018-03-17","0.00","92","57"
"ASN00086077","MOORABBIN AIRPORT, AS","2018-03-18","0.00","72","69"
"ASN00086077","MOORABBIN AIRPORT, AS","2018-03-19","0.02","79","53"
"ASN00086077","MOORABBIN AIRPORT, AS","2018-03-20","0.00","66","58"
"ASN00086077","MOORABBIN AIRPORT, AS","2018-03-21","0.00","75","56"
"ASN00086077","MOORABBIN AIRPORT, AS","2018-03-22","0.00","81","52"
"ASN00086077","MOORABBIN AIRPORT, AS","2018-03-23","0.00","86","54"
"ASN00086077","MOORABBIN AIRPORT, AS","2018-03-24","0.00","75","64"
"ASN00086077","MOORABBIN AIRPORT, AS","2018-03-25","0.56","77","63"
"ASN00086077","MOORABBIN AIRPORT, AS","2018-03-26","0.26","65","52"
"ASN00086077","MOORABBIN AIRPORT, AS","2018-03-27","0.02","72","48"
"ASN00086077","MOORABBIN AIRPORT, AS","2018-03-28","0.00","85","53"
"ASN00086077","MOORABBIN AIRPORT, AS","2018-03-29","0.00","72","60"
"ASN00086077","MOORABBIN AIRPORT, AS","2018-03-30","0.00","72","55"
"ASN00086077","MOORABBIN AIRPORT, AS","2018-03-31","0.00","70","58"
"ASN00086077","MOORABBIN AIRPORT, AS","2018-04-01","0.00","82","52"
"ASN00086077","MOORABBIN AIRPORT, AS","2018-04-02","0.00","69","57"
"ASN00086077","MOORABBIN AIRPORT, AS","2018-04-03","0.00","68","57"
"ASN00086077","MOORABBIN AIRPORT, AS","2018-04-04","0.00","71","52"
"ASN00086077","MOORABBIN AIRPORT, AS","2018-04-05","0.00","65","51"
"ASN00086077","MOORABBIN AIRPORT, AS","2018-04-06","0.00","68","53"
"ASN00086077","MOORABBIN AIRPORT, AS","2018-04-07","0.00","70","48"
"ASN00086077","MOORABBIN AIRPORT, AS","2018-04-08","0.00","87","48"
"ASN00086077","MOORABBIN AIRPORT, AS","2018-04-09","0.00","74","60"
"ASN00086077","MOORABBIN AIRPORT, AS","2018-04-10","0.00","86","57"
"ASN00086077","MOORABBIN AIRPORT, AS","2018-04-11","0.02","83","63"
"ASN00086077","MOORABBIN AIRPORT, AS","2018-04-12","0.01","77","56"
"ASN00086077","MOORABBIN AIRPORT, AS","2018-04-13","0.00","80","50"
"ASN00086077","MOORABBIN AIRPORT, AS","2018-04-14","0.00","59","56"
"ASN00086077","MOORABBIN AIRPORT, AS","2018-04-15","0.43","65","46"
"ASN00086077","MOORABBIN AIRPORT, AS","2018-04-16","0.25","70","55"
"ASN00086077","MOORABBIN AIRPORT, AS","2018-04-17","0.00","61","56"
"ASN00086077","MOORABBIN AIRPORT, AS","2018-04-18","0.00","73","39"
"ASN00086077","MOORABBIN AIRPORT, AS","2018-04-19","0.00","69","49"
"ASN00086077","MOORABBIN AIRPORT, AS","2018-04-20","0.00","69","47"
"ASN00086077","MOORABBIN AIRPORT, AS","2018-04-21","0.01","69","49"
"ASN00086077","MOORABBIN AIRPORT, AS","2018-04-22","0.00","67","52"
"ASN00086077","MOORABBIN AIRPORT, AS","2018-04-23","0.00","77","50"
"ASN00086077","MOORABBIN AIRPORT, AS","2018-04-24","0.00","78","54"
"ASN00086077","MOORABBIN AIRPORT, AS","2018-04-25","0.02","68","60"
"ASN00086077","MOORABBIN AIRPORT, AS","2018-04-26","0.00","65","53"
"ASN00086077","MOORABBIN AIRPORT, AS","2018-04-27","0.00","65","50"
"ASN00086077","MOORABBIN AIRPORT, AS","2018-04-28","0.00","65","42"
"ASN00086077","MOORABBIN AIRPORT, AS","2018-04-29","0.00","65","49"
"ASN00086077","MOORABBIN AIRPORT, AS","2018-04-30","0.01","65","45"
"ASN00086077","MOORABBIN AIRPORT, AS","2018-05-01","0.00","76","41"
"ASN00086077","MOORABBIN AIRPORT, AS","2018-05-02","0.00","74","51"
"ASN00086077","MOORABBIN AIRPORT, AS","2018-05-03","0.00","77","52"
"ASN00086077","MOORABBIN AIRPORT, AS","2018-05-04","0.44","62","52"
"ASN00086077","MOORABBIN AIRPORT, AS","2018-05-05","0.03","68","53"
"ASN00086077","MOORABBIN AIRPORT, AS","2018-05-06","0.00","69","52"
"ASN00086077","MOORABBIN AIRPORT, AS","2018-05-07","0.00","67","54"
"ASN00086077","MOORABBIN AIRPORT, AS","2018-05-08","0.00","62","55"
"ASN00086077","MOORABBIN AIRPORT, AS","2018-05-09","0.00","66","45"
"ASN00086077","MOORABBIN AIRPORT, AS","2018-05-10","0.39","55","48"
"ASN00086077","MOORABBIN AIRPORT, AS","2018-05-11","0.42","59","47"
"ASN00086077","MOORABBIN AIRPORT, AS","2018-05-12","0.18","63","53"
"ASN00086077","MOORABBIN AIRPORT, AS","2018-05-13","0.01","62","56"
"ASN00086077","MOORABBIN AIRPORT, AS","2018-05-14","0.00","59","40"
"ASN00086077","MOORABBIN AIRPORT, AS","2018-05-15","0.00","60","47"
"ASN00086077","MOORABBIN AIRPORT, AS","2018-05-16","0.13","58","44"
"ASN00086077","MOORABBIN AIRPORT, AS","2018-05-17","0.00","59","53"
"ASN00086077","MOORABBIN AIRPORT, AS","2018-05-18","0.02","62","54"
"ASN00086077","MOORABBIN AIRPORT, AS","2018-05-19","0.19","60","51"
"ASN00086077","MOORABBIN AIRPORT, AS","2018-05-20","0.02","60","53"
"ASN00086077","MOORABBIN AIRPORT, AS","2018-05-21","0.24","61","53"
"ASN00086077","MOORABBIN AIRPORT, AS","2018-05-22","0.00","61","55"
"ASN00086077","MOORABBIN AIRPORT, AS","2018-05-23","0.05","60","54"
"ASN00086077","MOORABBIN AIRPORT, AS","2018-05-24","0.00","61","55"
"ASN00086077","MOORABBIN AIRPORT, AS","2018-05-25","0.00","59","48"
"ASN00086077","MOORABBIN AIRPORT, AS","2018-05-26","0.00","68","38"
"ASN00086077","MOORABBIN AIRPORT, AS","2018-05-27","0.00","70","44"
"ASN00086077","MOORABBIN AIRPORT, AS","2018-05-28","0.00","68","56"
"ASN00086077","MOORABBIN AIRPORT, AS","2018-05-29","0.06","63","56"
"ASN00086077","MOORABBIN AIRPORT, AS","2018-05-30","0.00","59","47"
"ASN00086077","MOORABBIN AIRPORT, AS","2018-05-31","0.32","59","49"
"ASN00086077","MOORABBIN AIRPORT, AS","2018-06-01","0.00","58","36"
"ASN00086077","MOORABBIN AIRPORT, AS","2018-06-02","0.00","56","36"
"ASN00086077","MOORABBIN AIRPORT, AS","2018-06-03","0.01","59","37"
"ASN00086077","MOORABBIN AIRPORT, AS","2018-06-04","0.00","58","39"
"ASN00086077","MOORABBIN AIRPORT, AS","2018-06-05","0.05","61","45"
"ASN00086077","MOORABBIN AIRPORT, AS","2018-06-06","0.00","66","37"
"ASN00086077","MOORABBIN AIRPORT, AS","2018-06-07","0.00","65","43"
"ASN00086077","MOORABBIN AIRPORT, AS","2018-06-08","0.06","56","54"
"ASN00086077","MOORABBIN AIRPORT, AS","2018-06-09","0.04","60","50"
"ASN00086077","MOORABBIN AIRPORT, AS","2018-06-10","0.00","57","37"
"ASN00086077","MOORABBIN AIRPORT, AS","2018-06-11","0.00","63","35"
"ASN00086077","MOORABBIN AIRPORT, AS","2018-06-12","0.06","61","44"
"ASN00086077","MOORABBIN AIRPORT, AS","2018-06-13","0.00","58","49"
"ASN00086077","MOORABBIN AIRPORT, AS","2018-06-14","0.11","59","47"
"ASN00086077","MOORABBIN AIRPORT, AS","2018-06-15","0.22","56","48"
"ASN00086077","MOORABBIN AIRPORT, AS","2018-06-16","0.27","54","45"
"ASN00086077","MOORABBIN AIRPORT, AS","2018-06-17","0.56","58","46"
"ASN00086077","MOORABBIN AIRPORT, AS","2018-06-18","0.18","56","50"
"ASN00086077","MOORABBIN AIRPORT, AS","2018-06-19","0.01","58","33"
"ASN00086077","MOORABBIN AIRPORT, AS","2018-06-20","0.00","61","36"
"ASN00086077","MOORABBIN AIRPORT, AS","2018-06-21","0.00","58","37"
"ASN00086077","MOORABBIN AIRPORT, AS","2018-06-22","0.00","58","40"
"ASN00086077","MOORABBIN AIRPORT, AS","2018-06-23","0.00","54","44"
"ASN00086077","MOORABBIN AIRPORT, AS","2018-06-24","0.02","55","46"
"ASN00086077","MOORABBIN AIRPORT, AS","2018-06-25","0.00","57","49"
"ASN00086077","MOORABBIN AIRPORT, AS","2018-06-26","0.02","55","46"
"ASN00086077","MOORABBIN AIRPORT, AS","2018-06-27","0.00","51","35"
"ASN00086077","MOORABBIN AIRPORT, AS","2018-06-28","0.01","50","36"
"ASN00086077","MOORABBIN AIRPORT, AS","2018-06-29","0.00","55","35"
"ASN00086077","MOORABBIN AIRPORT, AS","2018-06-30","0.03","57","48"
"ASN00086077","MOORABBIN AIRPORT, AS","2018-07-01","0.09","57","35"
"ASN00086077","MOORABBIN AIRPORT, AS","2018-07-02","0.00","58","32"
"ASN00086077","MOORABBIN AIRPORT, AS","2018-07-03","0.00","59","42"
"ASN00086077","MOORABBIN AIRPORT, AS","2018-07-04","0.00","65","53"
"ASN00086077","MOORABBIN AIRPORT, AS","2018-07-05","0.01","67","54"
"ASN00086077","MOORABBIN AIRPORT, AS","2018-07-06","0.00","58","51"
"ASN00086077","MOORABBIN AIRPORT, AS","2018-07-07","0.09","55","48"
"ASN00086077","MOORABBIN AIRPORT, AS","2018-07-08","0.13","56","48"
"ASN00086077","MOORABBIN AIRPORT, AS","2018-07-09","0.13","56","48"
"ASN00086077","MOORABBIN AIRPORT, AS","2018-07-10","0.00","52","48"
"ASN00086077","MOORABBIN AIRPORT, AS","2018-07-11","0.00","54","41"
"ASN00086077","MOORABBIN AIRPORT, AS","2018-07-12","0.02","51","40"
"ASN00086077","MOORABBIN AIRPORT, AS","2018-07-13","0.02","57","40"
"ASN00086077","MOORABBIN AIRPORT, AS","2018-07-14","0.00","59","39"
"ASN00086077","MOORABBIN AIRPORT, AS","2018-07-15","0.00","58","44"
"ASN00086077","MOORABBIN AIRPORT, AS","2018-07-16","0.04","56","46"
"ASN00086077","MOORABBIN AIRPORT, AS","2018-07-17","0.00","63","46"
"ASN00086077","MOORABBIN AIRPORT, AS","2018-07-18","0.15","60","44"
"ASN00086077","MOORABBIN AIRPORT, AS","2018-07-19","0.00","62","47"
"ASN00086077","MOORABBIN AIRPORT, AS","2018-07-20","0.21","53","45"
"ASN00086077","MOORABBIN AIRPORT, AS","2018-07-21","0.01","56","43"
"ASN00086077","MOORABBIN AIRPORT, AS","2018-07-22","0.00","59","46"
"ASN00086077","MOORABBIN AIRPORT, AS","2018-07-23","0.00","59","47"
"ASN00086077","MOORABBIN AIRPORT, AS","2018-07-24","0.01","59","48"
"ASN00086077","MOORABBIN AIRPORT, AS","2018-07-25","0.29","59","46"
"ASN00086077","MOORABBIN AIRPORT, AS","2018-07-26","0.02","59","45"
"ASN00086077","MOORABBIN AIRPORT, AS","2018-07-27","0.00","66","49"
"ASN00086077","MOORABBIN AIRPORT, AS","2018-07-28","0.00","67","44"
"ASN00086077","MOORABBIN AIRPORT, AS","2018-07-29","0.12","57","51"
"ASN00086077","MOORABBIN AIRPORT, AS","2018-07-30","0.00","56","46"
"ASN00086077","MOORABBIN AIRPORT, AS","2018-07-31","0.00","61","48"
"ASN00086077","MOORABBIN AIRPORT, AS","2018-08-01","0.01","57","48"
"ASN00086077","MOORABBIN AIRPORT, AS","2018-08-02","0.00","62","40"
"ASN00086077","MOORABBIN AIRPORT, AS","2018-08-03","0.00","67","47"
"ASN00086077","MOORABBIN AIRPORT, AS","2018-08-04","0.09","58","46"
"ASN00086077","MOORABBIN AIRPORT, AS","2018-08-05","0.00","65","51"
"ASN00086077","MOORABBIN AIRPORT, AS","2018-08-06","0.01","57","49"
"ASN00086077","MOORABBIN AIRPORT, AS","2018-08-07","0.00","59","45"
"ASN00086077","MOORABBIN AIRPORT, AS","2018-08-08","0.14","61","49"
"ASN00086077","MOORABBIN AIRPORT, AS","2018-08-09","0.06","59","42"
"ASN00086077","MOORABBIN AIRPORT, AS","2018-08-10","0.00","67","47"
"ASN00086077","MOORABBIN AIRPORT, AS","2018-08-11","0.45","55","47"
"ASN00086077","MOORABBIN AIRPORT, AS","2018-08-12","0.26","57","42"
"ASN00086077","MOORABBIN AIRPORT, AS","2018-08-13","0.02","59","45"
"ASN00086077","MOORABBIN AIRPORT, AS","2018-08-14","0.00","62","51"
"ASN00086077","MOORABBIN AIRPORT, AS","2018-08-15","0.00","63","53"
"ASN00086077","MOORABBIN AIRPORT, AS","2018-08-16","0.00","58","47"
"ASN00086077","MOORABBIN AIRPORT, AS","2018-08-17","0.00","60","45"
"ASN00086077","MOORABBIN AIRPORT, AS","2018-08-18","0.06","56","47"
"ASN00086077","MOORABBIN AIRPORT, AS","2018-08-19","0.50","53","43"
"ASN00086077","MOORABBIN AIRPORT, AS","2018-08-20","0.14","53","43"
"ASN00086077","MOORABBIN AIRPORT, AS","2018-08-21","0.01","54","47"
"ASN00086077","MOORABBIN AIRPORT, AS","2018-08-22","0.02","56","46"
"ASN00086077","MOORABBIN AIRPORT, AS","2018-08-23","0.00","61","37"
"ASN00086077","MOORABBIN AIRPORT, AS","2018-08-24","0.00","58","35"
"ASN00086077","MOORABBIN AIRPORT, AS","2018-08-25","0.00","57","36"
"ASN00086077","MOORABBIN AIRPORT, AS","2018-08-26","0.00","56","40"
"ASN00086077","MOORABBIN AIRPORT, AS","2018-08-27","0.09","56","41"
"ASN00086077","MOORABBIN AIRPORT, AS","2018-08-28","0.00","54","34"
"ASN00086077","MOORABBIN AIRPORT, AS","2018-08-29","0.00","56","29"
"ASN00086077","MOORABBIN AIRPORT, AS","2018-08-30","0.00","62","35"
"ASN00086077","MOORABBIN AIRPORT, AS","2018-08-31","0.02","61","47"
"ASN00086077","MOORABBIN AIRPORT, AS","2018-09-01","0.16","58","51"
"ASN00086077","MOORABBIN AIRPORT, AS","2018-09-02","0.04","54","37"
"ASN00086077","MOORABBIN AIRPORT, AS","2018-09-03","0.04","56","38"
"ASN00086077","MOORABBIN AIRPORT, AS","2018-09-04","0.00","64","35"
"ASN00086077","MOORABBIN AIRPORT, AS","2018-09-05","0.01","68","43"
"ASN00086077","MOORABBIN AIRPORT, AS","2018-09-06","0.07","69","54"
"ASN00086077","MOORABBIN AIRPORT, AS","2018-09-07","0.17","58","47"
"ASN00086077","MOORABBIN AIRPORT, AS","2018-09-08","0.00","62","40"
"ASN00086077","MOORABBIN AIRPORT, AS","2018-09-09","0.00","63","50"
"ASN00086077","MOORABBIN AIRPORT, AS","2018-09-10","0.00","64","53"
"ASN00086077","MOORABBIN AIRPORT, AS","2018-09-11","0.00","76","44"
"ASN00086077","MOORABBIN AIRPORT, AS","2018-09-12","0.00","63","51"
"ASN00086077","MOORABBIN AIRPORT, AS","2018-09-13","0.00","68","46"
"ASN00086077","MOORABBIN AIRPORT, AS","2018-09-14","0.00","73","47"
"ASN00086077","MOORABBIN AIRPORT, AS","2018-09-15","0.03","57","50"
"ASN00086077","MOORABBIN AIRPORT, AS","2018-09-16","0.15","57","42"
"ASN00086077","MOORABBIN AIRPORT, AS","2018-09-17","0.00","65","44"
"ASN00086077","MOORABBIN AIRPORT, AS","2018-09-18","0.00","68","53"
"ASN00086077","MOORABBIN AIRPORT, AS","2018-09-19","0.16","58","47"
"ASN00086077","MOORABBIN AIRPORT, AS","2018-09-20","0.01","62","40"
"ASN00086077","MOORABBIN AIRPORT, AS","2018-09-21","0.00","64","47"
"ASN00086077","MOORABBIN AIRPORT, AS","2018-09-22","0.00","62","43"
"ASN00086077","MOORABBIN AIRPORT, AS","2018-09-23","0.00","58","50"
"ASN00086077","MOORABBIN AIRPORT, AS","2018-09-24","0.00","61","35"
"ASN00086077","MOORABBIN AIRPORT, AS","2018-09-25","0.00","58","44"
"ASN00086077","MOORABBIN AIRPORT, AS","2018-09-26","0.00","66","36"
"ASN00086077","MOORABBIN AIRPORT, AS","2018-09-27","0.00","76","44"
"ASN00086077","MOORABBIN AIRPORT, AS","2018-09-28","0.00","59","50"
"ASN00086077","MOORABBIN AIRPORT, AS","2018-09-29","0.19","57","44"
"ASN00086077","MOORABBIN AIRPORT, AS","2018-09-30","0.00","60","45"
"ASN00086077","MOORABBIN AIRPORT, AS","2018-10-01","0.00","71","38"
"ASN00086077","MOORABBIN AIRPORT, AS","2018-10-02","0.00","80","50"
"ASN00086077","MOORABBIN AIRPORT, AS","2018-10-03","0.00","61","58"
"ASN00086077","MOORABBIN AIRPORT, AS","2018-10-04","0.00","59","50"
"ASN00086077","MOORABBIN AIRPORT, AS","2018-10-05","0.00","69","47"
"ASN00086077","MOORABBIN AIRPORT, AS","2018-10-06","0.00","73","45"
"ASN00086077","MOORABBIN AIRPORT, AS","2018-10-07","0.00","76","44"
"ASN00086077","MOORABBIN AIRPORT, AS","2018-10-08","0.00","81","51"
"ASN00086077","MOORABBIN AIRPORT, AS","2018-10-09","0.32","63","56"
"ASN00086077","MOORABBIN AIRPORT, AS","2018-10-10","0.12","62","48"
"ASN00086077","MOORABBIN AIRPORT, AS","2018-10-11","0.00","68","46"
"ASN00086077","MOORABBIN AIRPORT, AS","2018-10-12","0.00","72","42"
"ASN00086077","MOORABBIN AIRPORT, AS","2018-10-13","0.00","76","44"
"ASN00086077","MOORABBIN AIRPORT, AS","2018-10-14","0.00","83","51"
"ASN00086077","MOORABBIN AIRPORT, AS","2018-10-15","0.00","83","60"
"ASN00086077","MOORABBIN AIRPORT, AS","2018-10-16","0.08","73","67"
"ASN00086077","MOORABBIN AIRPORT, AS","2018-10-17","0.21","74","60"
"ASN00086077","MOORABBIN AIRPORT, AS","2018-10-18","0.09","69","56"
"ASN00086077","MOORABBIN AIRPORT, AS","2018-10-19","0.02","83","52"
"ASN00086077","MOORABBIN AIRPORT, AS","2018-10-20","0.36","60","53"
"ASN00086077","MOORABBIN AIRPORT, AS","2018-10-21","0.22","66","47"
"ASN00086077","MOORABBIN AIRPORT, AS","2018-10-22","0.01","81","46"
"ASN00086077","MOORABBIN AIRPORT, AS","2018-10-23","0.00","64","52"
"ASN00086077","MOORABBIN AIRPORT, AS","2018-10-24","0.00","63","48"
"ASN00086077","MOORABBIN AIRPORT, AS","2018-10-25","0.00","65","41"
"ASN00086077","MOORABBIN AIRPORT, AS","2018-10-26","0.00","65","49"
"ASN00086077","MOORABBIN AIRPORT, AS","2018-10-27","0.00","67","51"
"ASN00086077","MOORABBIN AIRPORT, AS","2018-10-28","0.00","62","45"
"ASN00086077","MOORABBIN AIRPORT, AS","2018-10-29","0.00","68","44"
"ASN00086077","MOORABBIN AIRPORT, AS","2018-10-30","0.00","76","45"
"ASN00086077","MOORABBIN AIRPORT, AS","2018-10-31","0.00","70","53"
"ASN00086077","MOORABBIN AIRPORT, AS","2018-11-01","0.00","92","51"
"ASN00086077","MOORABBIN AIRPORT, AS","2018-11-02","0.00","88","60"
"ASN00086077","MOORABBIN AIRPORT, AS","2018-11-03","0.00","67","55"
"ASN00086077","MOORABBIN AIRPORT, AS","2018-11-04","0.00","69","48"
"ASN00086077","MOORABBIN AIRPORT, AS","2018-11-05","0.11","84","57"
"ASN00086077","MOORABBIN AIRPORT, AS","2018-11-06","0.06","71","60"
"ASN00086077","MOORABBIN AIRPORT, AS","2018-11-07","0.85","61","52"
"ASN00086077","MOORABBIN AIRPORT, AS","2018-11-08","0.12","63","48"
"ASN00086077","MOORABBIN AIRPORT, AS","2018-11-09","0.00","68","48"
"ASN00086077","MOORABBIN AIRPORT, AS","2018-11-10","0.03","67","48"
"ASN00086077","MOORABBIN AIRPORT, AS","2018-11-11","0.00","69","47"
"ASN00086077","MOORABBIN AIRPORT, AS","2018-11-12","0.00","86","48"
"ASN00086077","MOORABBIN AIRPORT, AS","2018-11-13","0.00","89","63"
"ASN00086077","MOORABBIN AIRPORT, AS","2018-11-14","0.24","62","58"
"ASN00086077","MOORABBIN AIRPORT, AS","2018-11-15","0.00","65","55"
"ASN00086077","MOORABBIN AIRPORT, AS","2018-11-16","0.00","66","44"
"ASN00086077","MOORABBIN AIRPORT, AS","2018-11-17","0.00","69","45"
"ASN00086077","MOORABBIN AIRPORT, AS","2018-11-18","0.00","80","48"
"ASN00086077","MOORABBIN AIRPORT, AS","2018-11-19","0.00","89","51"
"ASN00086077","MOORABBIN AIRPORT, AS","2018-11-20","0.00","82","69"
"ASN00086077","MOORABBIN AIRPORT, AS","2018-11-21","1.27","72","55"
"ASN00086077","MOORABBIN AIRPORT, AS","2018-11-22","0.48","63","49"
"ASN00086077","MOORABBIN AIRPORT, AS","2018-11-23","0.43","59","51"
"ASN00086077","MOORABBIN AIRPORT, AS","2018-11-24","0.42","63","52"
"ASN00086077","MOORABBIN AIRPORT, AS","2018-11-25","0.01","66","55"
"ASN00086077","MOORABBIN AIRPORT, AS","2018-11-26","0.02","65","50"
"ASN00086077","MOORABBIN AIRPORT, AS","2018-11-27","0.00","72","54"
"ASN00086077","MOORABBIN AIRPORT, AS","2018-11-28","0.00","73","56"
"ASN00086077","MOORABBIN AIRPORT, AS","2018-11-29","0.03","67","56"
"ASN00086077","MOORABBIN AIRPORT, AS","2018-11-30","0.00","68","55"
"ASN00086077","MOORABBIN AIRPORT, AS","2018-12-01","0.00","90","49"
"ASN00086077","MOORABBIN AIRPORT, AS","2018-12-02","0.56","67","55"
"ASN00086077","MOORABBIN AIRPORT, AS","2018-12-03","0.00","73","56"
"ASN00086077","MOORABBIN AIRPORT, AS","2018-12-04","0.02","68","56"
"ASN00086077","MOORABBIN AIRPORT, AS","2018-12-05","0.00","79","52"
"ASN00086077","MOORABBIN AIRPORT, AS","2018-12-06","0.00","96","53"
"ASN00086077","MOORABBIN AIRPORT, AS","2018-12-07","0.00","101","76"
"ASN00086077","MOORABBIN AIRPORT, AS","2018-12-08","0.00","83","71"
"ASN00086077","MOORABBIN AIRPORT, AS","2018-12-09","0.00","71","60"
"ASN00086077","MOORABBIN AIRPORT, AS","2018-12-10","0.00","71","60"
"ASN00086077","MOORABBIN AIRPORT, AS","2018-12-11","0.00","81","53"
"ASN00086077","MOORABBIN AIRPORT, AS","2018-12-12","0.00","94","58"
"ASN00086077","MOORABBIN AIRPORT, AS","2018-12-13","0.62","70","63"
"ASN00086077","MOORABBIN AIRPORT, AS","2018-12-14","0.83","72","61"
"ASN00086077","MOORABBIN AIRPORT, AS","2018-12-15","0.24","78","63"
"ASN00086077","MOORABBIN AIRPORT, AS","2018-12-16","0.06","74","58"
"ASN00086077","MOORABBIN AIRPORT, AS","2018-12-17","0.54","69","59"
"ASN00086077","MOORABBIN AIRPORT, AS","2018-12-18","0.01","70","61"
"ASN00086077","MOORABBIN AIRPORT, AS","2018-12-19","0.00","78","62"
"ASN00086077","MOORABBIN AIRPORT, AS","2018-12-20","0.00","71","63"
"ASN00086077","MOORABBIN AIRPORT, AS","2018-12-21","0.00","74","60"
"ASN00086077","MOORABBIN AIRPORT, AS","2018-12-22","0.80","67","56"
"ASN00086077","MOORABBIN AIRPORT, AS","2018-12-23","0.00","78","51"
"ASN00086077","MOORABBIN AIRPORT, AS","2018-12-24","0.00","92","56"
"ASN00086077","MOORABBIN AIRPORT, AS","2018-12-25","0.00","77","58"
"ASN00086077","MOORABBIN AIRPORT, AS","2018-12-26","0.00","79","54"
"ASN00086077","MOORABBIN AIRPORT, AS","2018-12-27","0.00","99","59"
"ASN00086077","MOORABBIN AIRPORT, AS","2018-12-28","0.00","97","72"
"ASN00086077","MOORABBIN AIRPORT, AS","2018-12-29","0.03","75","68"
"ASN00086077","MOORABBIN AIRPORT, AS","2018-12-30","0.06","72","63"
"ASN00086077","MOORABBIN AIRPORT, AS","2018-12-31","0.09","76","62"
"ASN00086077","MOORABBIN AIRPORT, AS","2019-01-01","0.00","77","57"
"ASN00086077","MOORABBIN AIRPORT, AS","2019-01-02","0.00","75","63"
"ASN00086077","MOORABBIN AIRPORT, AS","2019-01-03","0.00","87","58"
"ASN00086077","MOORABBIN AIRPORT, AS","2019-01-04","0.00","111","62"
"ASN00086077","MOORABBIN AIRPORT, AS","2019-01-05","0.01","71","63"
"ASN00086077","MOORABBIN AIRPORT, AS","2019-01-06","0.06","71","60"
"ASN00086077","MOORABBIN AIRPORT, AS","2019-01-07","0.00","76","60"
"ASN00086077","MOORABBIN AIRPORT, AS","2019-01-08","0.00","76","59"
"ASN00086077","MOORABBIN AIRPORT, AS","2019-01-09","0.00","70","60"
"ASN00086077","MOORABBIN AIRPORT, AS","2019-01-10","0.00","73","54"
"ASN00086077","MOORABBIN AIRPORT, AS","2019-01-11","0.00","86","54"
"ASN00086077","MOORABBIN AIRPORT, AS","2019-01-12","0.00","78","64"
"ASN00086077","MOORABBIN AIRPORT, AS","2019-01-13","0.00","87","54"
"ASN00086077","MOORABBIN AIRPORT, AS","2019-01-14","0.00","92","63"
"ASN00086077","MOORABBIN AIRPORT, AS","2019-01-15","0.00","89","66"
"ASN00086077","MOORABBIN AIRPORT, AS","2019-01-16","0.00","78","64"
"ASN00086077","MOORABBIN AIRPORT, AS","2019-01-17","0.00","91","69"
"ASN00086077","MOORABBIN AIRPORT, AS","2019-01-18","0.01","81","70"
"ASN00086077","MOORABBIN AIRPORT, AS","2019-01-19","0.11","75","63"
"ASN00086077","MOORABBIN AIRPORT, AS","2019-01-20","0.00","75","57"
"ASN00086077","MOORABBIN AIRPORT, AS","2019-01-21","0.00","84","64"
"ASN00086077","MOORABBIN AIRPORT, AS","2019-01-22","0.00","87","63"
"ASN00086077","MOORABBIN AIRPORT, AS","2019-01-23","0.00","81","62"
"ASN00086077","MOORABBIN AIRPORT, AS","2019-01-24","0.00","104","59"
"ASN00086077","MOORABBIN AIRPORT, AS","2019-01-25","0.02","111","70"
"ASN00086077","MOORABBIN AIRPORT, AS","2019-01-26","0.00","82","65"
"ASN00086077","MOORABBIN AIRPORT, AS","2019-01-27","0.00","81","65"
"ASN00086077","MOORABBIN AIRPORT, AS","2019-01-28","0.00","92","58"
"ASN00086077","MOORABBIN AIRPORT, AS","2019-01-29","0.00","98","60"
"ASN00086077","MOORABBIN AIRPORT, AS","2019-01-30","0.00","101","60"
"ASN00086077","MOORABBIN AIRPORT, AS","2019-01-31","0.34","72","64"
"ASN00086077","MOORABBIN AIRPORT, AS","2019-02-01","0.00","76","51"
"ASN00086077","MOORABBIN AIRPORT, AS","2019-02-02","0.00","94","56"
"ASN00086077","MOORABBIN AIRPORT, AS","2019-02-03","0.00","98","66"
"ASN00086077","MOORABBIN AIRPORT, AS","2019-02-04","0.00","75","66"
"ASN00086077","MOORABBIN AIRPORT, AS","2019-02-05","0.00","83","62"
"ASN00086077","MOORABBIN AIRPORT, AS","2019-02-06","0.00","94","65"
"ASN00086077","MOORABBIN AIRPORT, AS","2019-02-07","0.12","83","70"
"ASN00086077","MOORABBIN AIRPORT, AS","2019-02-08","0.00","74","67"
"ASN00086077","MOORABBIN AIRPORT, AS","2019-02-09","0.00","67","58"
"ASN00086077","MOORABBIN AIRPORT, AS","2019-02-10","0.13","74","56"
"ASN00086077","MOORABBIN AIRPORT, AS","2019-02-11","0.00","81","57"
"ASN00086077","MOORABBIN AIRPORT, AS","2019-02-12","0.00","71","65"
"ASN00086077","MOORABBIN AIRPORT, AS","2019-02-13","0.11","67","54"
"ASN00086077","MOORABBIN AIRPORT, AS","2019-02-14","0.00","73","53"
"ASN00086077","MOORABBIN AIRPORT, AS","2019-02-15","0.00","75","59"
"ASN00086077","MOORABBIN AIRPORT, AS","2019-02-16","0.00","76","57"
"ASN00086077","MOORABBIN AIRPORT, AS","2019-02-17","0.00","82","55"
"ASN00086077","MOORABBIN AIRPORT, AS","2019-02-18","0.00","75","65"
"ASN00086077","MOORABBIN AIRPORT, AS","2019-02-19","0.00","69","60"
"ASN00086077","MOORABBIN AIRPORT, AS","2019-02-20","0.00","75","55"
"ASN00086077","MOORABBIN AIRPORT, AS","2019-02-21","0.01","71","60"
"ASN00086077","MOORABBIN AIRPORT, AS","2019-02-22","0.01","75","58"
"ASN00086077","MOORABBIN AIRPORT, AS","2019-02-23","0.00","82","59"
"ASN00086077","MOORABBIN AIRPORT, AS","2019-02-24","0.00","92","54"
"ASN00086077","MOORABBIN AIRPORT, AS","2019-02-25","0.00","95","58"
"ASN00086077","MOORABBIN AIRPORT, AS","2019-02-26","0.00","74","65"
"ASN00086077","MOORABBIN AIRPORT, AS","2019-02-27","0.00","83","51"
"ASN00086077","MOORABBIN AIRPORT, AS","2019-02-28","0.00","101","58"
"ASN00086077","MOORABBIN AIRPORT, AS","2019-03-01","0.00","103","72"
"ASN00086077","MOORABBIN AIRPORT, AS","2019-03-02","0.00","99","71"
"ASN00086077","MOORABBIN AIRPORT, AS","2019-03-03","0.00","100","76"
"ASN00086077","MOORABBIN AIRPORT, AS","2019-03-04","0.00","81","66"
"ASN00086077","MOORABBIN AIRPORT, AS","2019-03-05","0.00","75","63"
"ASN00086077","MOORABBIN AIRPORT, AS","2019-03-06","0.06","65","57"
"ASN00086077","MOORABBIN AIRPORT, AS","2019-03-07","0.04","71","52"
"ASN00086077","MOORABBIN AIRPORT, AS","2019-03-08","0.00","82","54"
"ASN00086077","MOORABBIN AIRPORT, AS","2019-03-09","0.00","77","54"
"ASN00086077","MOORABBIN AIRPORT, AS","2019-03-10","0.00","77","57"
"ASN00086077","MOORABBIN AIRPORT, AS","2019-03-11","0.00","71","64"
"ASN00086077","MOORABBIN AIRPORT, AS","2019-03-12","0.00","66","60"
"ASN00086077","MOORABBIN AIRPORT, AS","2019-03-13","0.04","66","54"
"ASN00086077","MOORABBIN AIRPORT, AS","2019-03-14","0.00","71","50"
"ASN00086077","MOORABBIN AIRPORT, AS","2019-03-15","0.00","75","49"
"ASN00086077","MOORABBIN AIRPORT, AS","2019-03-16","0.00","84","51"
"ASN00086077","MOORABBIN AIRPORT, AS","2019-03-17","0.00","78","56"
"ASN00086077","MOORABBIN AIRPORT, AS","2019-03-18","0.00","83","58"
"ASN00086077","MOORABBIN AIRPORT, AS","2019-03-19","0.00","79","65"
"ASN00086077","MOORABBIN AIRPORT, AS","2019-03-20","0.00","75","66"
"ASN00086077","MOORABBIN AIRPORT, AS","2019-03-21","0.00","78","63"
"ASN00086077","MOORABBIN AIRPORT, AS","2019-03-22","0.00","89","64"
"ASN00086077","MOORABBIN AIRPORT, AS","2019-03-23","0.01","90","64"
"ASN00086077","MOORABBIN AIRPORT, AS","2019-03-24","0.02","88","60"
"ASN00086077","MOORABBIN AIRPORT, AS","2019-03-25","0.24","65","59"
"ASN00086077","MOORABBIN AIRPORT, AS","2019-03-26","0.00","67","54"
"ASN00086077","MOORABBIN AIRPORT, AS","2019-03-27","0.00","70","56"
"ASN00086077","MOORABBIN AIRPORT, AS","2019-03-28","0.00","83","52"
"ASN00086077","MOORABBIN AIRPORT, AS","2019-03-29","0.00","84","62"
"ASN00086077","MOORABBIN AIRPORT, AS","2019-03-30","0.06","61","51"
"ASN00086077","MOORABBIN AIRPORT, AS","2019-03-31","0.24","64","50"
"ASN00086077","MOORABBIN AIRPORT, AS","2019-04-01","0.11","63","54"
"ASN00086077","MOORABBIN AIRPORT, AS","2019-04-02","0.00","79","42"
"ASN00086077","MOORABBIN AIRPORT, AS","2019-04-03","0.00","76","52"
"ASN00086077","MOORABBIN AIRPORT, AS","2019-04-04","0.00","75","52"
"ASN00086077","MOORABBIN AIRPORT, AS","2019-04-05","0.00","86","53"
"ASN00086077","MOORABBIN AIRPORT, AS","2019-04-06","0.00","68","62"
"ASN00086077","MOORABBIN AIRPORT, AS","2019-04-07","0.00","80","47"
"ASN00086077","MOORABBIN AIRPORT, AS","2019-04-08","0.00","74","54"
"ASN00086077","MOORABBIN AIRPORT, AS","2019-04-09","0.14","62","54"
"ASN00086077","MOORABBIN AIRPORT, AS","2019-04-10","0.16","62","51"
"ASN00086077","MOORABBIN AIRPORT, AS","2019-04-11","0.00","64","53"
"ASN00086077","MOORABBIN AIRPORT, AS","2019-04-12","0.00","74","42"
"ASN00086077","MOORABBIN AIRPORT, AS","2019-04-13","0.00","68","48"
"ASN00086077","MOORABBIN AIRPORT, AS","2019-04-14","0.00","72","50"
"ASN00086077","MOORABBIN AIRPORT, AS","2019-04-15","0.00","82","54"
"ASN00086077","MOORABBIN AIRPORT, AS","2019-04-16","0.00","89","62"
"ASN00086077","MOORABBIN AIRPORT, AS","2019-04-17","0.00","87","72"
"ASN00086077","MOORABBIN AIRPORT, AS","2019-04-18","0.02","65","56"
"ASN00086077","MOORABBIN AIRPORT, AS","2019-04-19","0.00","69","45"
"ASN00086077","MOORABBIN AIRPORT, AS","2019-04-20","0.00","86","44"
"ASN00086077","MOORABBIN AIRPORT, AS","2019-04-21","0.00","82","61"
"ASN00086077","MOORABBIN AIRPORT, AS","2019-04-22","0.00","64","58"
"ASN00086077","MOORABBIN AIRPORT, AS","2019-04-23","0.00","67","51"
"ASN00086077","MOORABBIN AIRPORT, AS","2019-04-24","0.00","71","58"
"ASN00086077","MOORABBIN AIRPORT, AS","2019-04-25","0.01","69","50"
"ASN00086077","MOORABBIN AIRPORT, AS","2019-04-26","0.13","61","54"
"ASN00086077","MOORABBIN AIRPORT, AS","2019-04-27","0.05","62","49"
"ASN00086077","MOORABBIN AIRPORT, AS","2019-04-28","0.00","63","54"
"ASN00086077","MOORABBIN AIRPORT, AS","2019-04-29","0.02","63","53"
"ASN00086077","MOORABBIN AIRPORT, AS","2019-04-30","0.01","76","41"
"ASN00086077","MOORABBIN AIRPORT, AS","2019-05-01","0.00","73","54"
"ASN00086077","MOORABBIN AIRPORT, AS","2019-05-02","0.66","70","61"
"ASN00086077","MOORABBIN AIRPORT, AS","2019-05-03","0.02","68","52"
"ASN00086077","MOORABBIN AIRPORT, AS","2019-05-04","0.02","60","55"
"ASN00086077","MOORABBIN AIRPORT, AS","2019-05-05","0.06","62","50"
"ASN00086077","MOORABBIN AIRPORT, AS","2019-05-06","0.00","63","50"
"ASN00086077","MOORABBIN AIRPORT, AS","2019-05-07","0.00","66","45"
"ASN00086077","MOORABBIN AIRPORT, AS","2019-05-08","0.45","62","51"
"ASN00086077","MOORABBIN AIRPORT, AS","2019-05-09","0.00","64","49"
"ASN00086077","MOORABBIN AIRPORT, AS","2019-05-10","0.15","58","52"
"ASN00086077","MOORABBIN AIRPORT, AS","2019-05-11","0.10","61","51"
"ASN00086077","MOORABBIN AIRPORT, AS","2019-05-12","0.00","63","52"
"ASN00086077","MOORABBIN AIRPORT, AS","2019-05-13","0.00","65","55"
"ASN00086077","MOORABBIN AIRPORT, AS","2019-05-14","0.00","68","53"
"ASN00086077","MOORABBIN AIRPORT, AS","2019-05-15","0.00","62","51"
"ASN00086077","MOORABBIN AIRPORT, AS","2019-05-16","0.00","60","50"
"ASN00086077","MOORABBIN AIRPORT, AS","2019-05-17","0.00","64","39"
"ASN00086077","MOORABBIN AIRPORT, AS","2019-05-18","0.00","67","40"
"ASN00086077","MOORABBIN AIRPORT, AS","2019-05-19","0.00","72","41"
"ASN00086077","MOORABBIN AIRPORT, AS","2019-05-20","0.02","67","50"
"ASN00086077","MOORABBIN AIRPORT, AS","2019-05-21","0.08","68","53"
"ASN00086077","MOORABBIN AIRPORT, AS","2019-05-22","0.00","70","51"
"ASN00086077","MOORABBIN AIRPORT, AS","2019-05-23","0.00","72","48"
"ASN00086077","MOORABBIN AIRPORT, AS","2019-05-24","0.00","68","59"
"ASN00086077","MOORABBIN AIRPORT, AS","2019-05-25","0.06","68","55"
"ASN00086077","MOORABBIN AIRPORT, AS","2019-05-26","0.27","60","49"
"ASN00086077","MOORABBIN AIRPORT, AS","2019-05-27","0.39","58","45"
"ASN00086077","MOORABBIN AIRPORT, AS","2019-05-28","0.04","59","46"
"ASN00086077","MOORABBIN AIRPORT, AS","2019-05-29","0.03","51","46"
"ASN00086077","MOORABBIN AIRPORT, AS","2019-05-30","0.65","55","41"
"ASN00086077","MOORABBIN AIRPORT, AS","2019-05-31","0.15","58","49"
"ASN00086077","MOORABBIN AIRPORT, AS","2019-06-01","0.02","58","52"
"ASN00086077","MOORABBIN AIRPORT, AS","2019-06-02","0.00","57","52"
"ASN00086077","MOORABBIN AIRPORT, AS","2019-06-03","0.54","54","47"
"ASN00086077","MOORABBIN AIRPORT, AS","2019-06-04","0.20","56","42"
"ASN00086077","MOORABBIN AIRPORT, AS","2019-06-05","0.00","55","48"
"ASN00086077","MOORABBIN AIRPORT, AS","2019-06-06","0.02","58","51"
"ASN00086077","MOORABBIN AIRPORT, AS","2019-06-07","0.00","60","52"
"ASN00086077","MOORABBIN AIRPORT, AS","2019-06-08","0.00","66","38"
"ASN00086077","MOORABBIN AIRPORT, AS","2019-06-09","0.00","65","41"
"ASN00086077","MOORABBIN AIRPORT, AS","2019-06-10","0.17","64","53"
"ASN00086077","MOORABBIN AIRPORT, AS","2019-06-11","0.01","66","49"
"ASN00086077","MOORABBIN AIRPORT, AS","2019-06-12","0.03","62","52"
"ASN00086077","MOORABBIN AIRPORT, AS","2019-06-13","0.37","62","46"
"ASN00086077","MOORABBIN AIRPORT, AS","2019-06-14","0.03","62","50"
"ASN00086077","MOORABBIN AIRPORT, AS","2019-06-15","0.05","60","46"
"ASN00086077","MOORABBIN AIRPORT, AS","2019-06-16","0.00","62","49"
"ASN00086077","MOORABBIN AIRPORT, AS","2019-06-17","0.00","63","43"
"ASN00086077","MOORABBIN AIRPORT, AS","2019-06-18","0.00","56","50"
"ASN00086077","MOORABBIN AIRPORT, AS","2019-06-19","0.24","52","44"
"ASN00086077","MOORABBIN AIRPORT, AS","2019-06-20","0.49","51","42"
"ASN00086077","MOORABBIN AIRPORT, AS","2019-06-21","0.18","56","44"
"ASN00086077","MOORABBIN AIRPORT, AS","2019-06-22","0.04","54","41"
"ASN00086077","MOORABBIN AIRPORT, AS","2019-06-23","0.02","50","38"
"ASN00086077","MOORABBIN AIRPORT, AS","2019-06-24","0.00","59","37"
"ASN00086077","MOORABBIN AIRPORT, AS","2019-06-25","0.01","63","33"
"ASN00086077","MOORABBIN AIRPORT, AS","2019-06-26","0.00","64","35"
"ASN00086077","MOORABBIN AIRPORT, AS","2019-06-27","0.00","64","40"
"ASN00086077","MOORABBIN AIRPORT, AS","2019-06-28","0.00","67","44"
"ASN00086077","MOORABBIN AIRPORT, AS","2019-06-29","0.06","64","56"
"ASN00086077","MOORABBIN AIRPORT, AS","2019-06-30","0.35","57","47"
"ASN00086077","MOORABBIN AIRPORT, AS","2019-07-01","0.00","58","49"
"ASN00086077","MOORABBIN AIRPORT, AS","2019-07-02","0.02","59","48"
"ASN00086077","MOORABBIN AIRPORT, AS","2019-07-03","0.02","56","42"
"ASN00086077","MOORABBIN AIRPORT, AS","2019-07-04","0.01","56","37"
"ASN00086077","MOORABBIN AIRPORT, AS","2019-07-05","0.00","61","34"
"ASN00086077","MOORABBIN AIRPORT, AS","2019-07-06","0.00","66","37"
"ASN00086077","MOORABBIN AIRPORT, AS","2019-07-07","0.00","67","44"
"ASN00086077","MOORABBIN AIRPORT, AS","2019-07-08","0.26","59","50"
"ASN00086077","MOORABBIN AIRPORT, AS","2019-07-09","0.00","57","43"
"ASN00086077","MOORABBIN AIRPORT, AS","2019-07-10","0.02","59","49"
"ASN00086077","MOORABBIN AIRPORT, AS","2019-07-11","0.25","55","46"
"ASN00086077","MOORABBIN AIRPORT, AS","2019-07-12","0.22","58","50"
"ASN00086077","MOORABBIN AIRPORT, AS","2019-07-13","0.24","52","45"
"ASN00086077","MOORABBIN AIRPORT, AS","2019-07-14","0.43","54","44"
"ASN00086077","MOORABBIN AIRPORT, AS","2019-07-15","0.42","57","46"
"ASN00086077","MOORABBIN AIRPORT, AS","2019-07-16","0.00","57","49"
"ASN00086077","MOORABBIN AIRPORT, AS","2019-07-17","0.00","56","49"
"ASN00086077","MOORABBIN AIRPORT, AS","2019-07-18","0.03","58","47"
"ASN00086077","MOORABBIN AIRPORT, AS","2019-07-19","0.09","58","46"
"ASN00086077","MOORABBIN AIRPORT, AS","2019-07-20","0.00","63","45"
"ASN00086077","MOORABBIN AIRPORT, AS","2019-07-21","0.00","59","53"
"ASN00086077","MOORABBIN AIRPORT, AS","2019-07-22","0.00","62","45"
"ASN00086077","MOORABBIN AIRPORT, AS","2019-07-23","0.09","59","49"
"ASN00086077","MOORABBIN AIRPORT, AS","2019-07-24","0.22","58","43"
"ASN00086077","MOORABBIN AIRPORT, AS","2019-07-25","0.00","60","48"
"ASN00086077","MOORABBIN AIRPORT, AS","2019-07-26","0.00","58","52"
"ASN00086077","MOORABBIN AIRPORT, AS","2019-07-27","0.06","59","43"
"ASN00086077","MOORABBIN AIRPORT, AS","2019-07-28","0.00","57","40"
"ASN00086077","MOORABBIN AIRPORT, AS","2019-07-29","0.00","58","46"
"ASN00086077","MOORABBIN AIRPORT, AS","2019-07-30","0.00","55","43"
"ASN00086077","MOORABBIN AIRPORT, AS","2019-07-31","0.00","54","34"
"ASN00086077","MOORABBIN AIRPORT, AS","2019-08-01","0.00","56","43"
"ASN00086077","MOORABBIN AIRPORT, AS","2019-08-02","0.02","55","49"
"ASN00086077","MOORABBIN AIRPORT, AS","2019-08-03","0.00","56","48"
"ASN00086077","MOORABBIN AIRPORT, AS","2019-08-04","0.07","56","47"
"ASN00086077","MOORABBIN AIRPORT, AS","2019-08-05","0.00","60","49"
"ASN00086077","MOORABBIN AIRPORT, AS","2019-08-06","0.00","56","49"
"ASN00086077","MOORABBIN AIRPORT, AS","2019-08-07","0.01","54","49"
"ASN00086077","MOORABBIN AIRPORT, AS","2019-08-08","0.51","55","44"
"ASN00086077","MOORABBIN AIRPORT, AS","2019-08-09","0.20","49","45"
"ASN00086077","MOORABBIN AIRPORT, AS","2019-08-10","0.21","54","42"
"ASN00086077","MOORABBIN AIRPORT, AS","2019-08-11","0.54","56","41"
"ASN00086077","MOORABBIN AIRPORT, AS","2019-08-12","0.08","53","44"
"ASN00086077","MOORABBIN AIRPORT, AS","2019-08-13","0.01","55","48"
"ASN00086077","MOORABBIN AIRPORT, AS","2019-08-14","0.00","57","48"
"ASN00086077","MOORABBIN AIRPORT, AS","2019-08-15","0.00","63","42"
"ASN00086077","MOORABBIN AIRPORT, AS","2019-08-16","0.02","61","52"
"ASN00086077","MOORABBIN AIRPORT, AS","2019-08-17","0.13","61","46"
"ASN00086077","MOORABBIN AIRPORT, AS","2019-08-18","0.00","69","47"
"ASN00086077","MOORABBIN AIRPORT, AS","2019-08-19","0.22","54","42"
"ASN00086077","MOORABBIN AIRPORT, AS","2019-08-20","0.02","59","45"
"ASN00086077","MOORABBIN AIRPORT, AS","2019-08-21","0.02","60","52"
"ASN00086077","MOORABBIN AIRPORT, AS","2019-08-22","0.25","56","50"
"ASN00086077","MOORABBIN AIRPORT, AS","2019-08-23","0.00","61","38"
"ASN00086077","MOORABBIN AIRPORT, AS","2019-08-24","0.01","64","46"
"ASN00086077","MOORABBIN AIRPORT, AS","2019-08-25","0.06","56","45"
"ASN00086077","MOORABBIN AIRPORT, AS","2019-08-26","0.00","56","41"
"ASN00086077","MOORABBIN AIRPORT, AS","2019-08-27","0.00","59","40"
"ASN00086077","MOORABBIN AIRPORT, AS","2019-08-28","0.00","56","45"
"ASN00086077","MOORABBIN AIRPORT, AS","2019-08-29","0.37","56","40"
"ASN00086077","MOORABBIN AIRPORT, AS","2019-08-30","0.00","58","34"
"ASN00086077","MOORABBIN AIRPORT, AS","2019-08-31","0.00","64","37"
"ASN00086077","MOORABBIN AIRPORT, AS","2019-09-01","0.00","68","52"
"ASN00086077","MOORABBIN AIRPORT, AS","2019-09-02","0.22","63","50"
"ASN00086077","MOORABBIN AIRPORT, AS","2019-09-03","0.03","67","46"
"ASN00086077","MOORABBIN AIRPORT, AS","2019-09-04","0.00","64","45"
"ASN00086077","MOORABBIN AIRPORT, AS","2019-09-05","0.15","68","44"
"ASN00086077","MOORABBIN AIRPORT, AS","2019-09-06","0.07","60","51"
"ASN00086077","MOORABBIN AIRPORT, AS","2019-09-07","0.29","55","47"
"ASN00086077","MOORABBIN AIRPORT, AS","2019-09-08","0.07","59","46"
"ASN00086077","MOORABBIN AIRPORT, AS","2019-09-09","0.39","57","45"
"ASN00086077","MOORABBIN AIRPORT, AS","2019-09-10","0.10","58","47"
"ASN00086077","MOORABBIN AIRPORT, AS","2019-09-11","0.00","70","40"
"ASN00086077","MOORABBIN AIRPORT, AS","2019-09-12","0.01","66","52"
"ASN00086077","MOORABBIN AIRPORT, AS","2019-09-13","0.00","63","47"
"ASN00086077","MOORABBIN AIRPORT, AS","2019-09-14","0.00","64","48"
"ASN00086077","MOORABBIN AIRPORT, AS","2019-09-15","0.06","67","53"
"ASN00086077","MOORABBIN AIRPORT, AS","2019-09-16","0.82","56","49"
"ASN00086077","MOORABBIN AIRPORT, AS","2019-09-17","0.00","58","35"
"ASN00086077","MOORABBIN AIRPORT, AS","2019-09-18","0.00","64","38"
"ASN00086077","MOORABBIN AIRPORT, AS","2019-09-19","0.00","74","43"
"ASN00086077","MOORABBIN AIRPORT, AS","2019-09-20","0.00","79","64"
"ASN00086077","MOORABBIN AIRPORT, AS","2019-09-21","0.00","66","57"
"ASN00086077","MOORABBIN AIRPORT, AS","2019-09-22","0.12","60","45"
"ASN00086077","MOORABBIN AIRPORT, AS","2019-09-23","0.09","57","47"
"ASN00086077","MOORABBIN AIRPORT, AS","2019-09-24","0.06","59","46"
"ASN00086077","MOORABBIN AIRPORT, AS","2019-09-25","0.01","61","46"
"ASN00086077","MOORABBIN AIRPORT, AS","2019-09-26","0.02","65","43"
"ASN00086077","MOORABBIN AIRPORT, AS","2019-09-27","0.00","66","53"
"ASN00086077","MOORABBIN AIRPORT, AS","2019-09-28","0.13","56","46"
"ASN00086077","MOORABBIN AIRPORT, AS","2019-09-29","0.00","59","49"
"ASN00086077","MOORABBIN AIRPORT, AS","2019-09-30","0.00","57","51"
"ASN00086077","MOORABBIN AIRPORT, AS","2019-10-01","0.00","68","37"
"ASN00086077","MOORABBIN AIRPORT, AS","2019-10-02","0.00","80","44"
"ASN00086077","MOORABBIN AIRPORT, AS","2019-10-03","0.00","85","49"
"ASN00086077","MOORABBIN AIRPORT, AS","2019-10-04","0.00","58","53"
"ASN00086077","MOORABBIN AIRPORT, AS","2019-10-05","0.08","77","44"
"ASN00086077","MOORABBIN AIRPORT, AS","2019-10-06","0.00","76","54"
"ASN00086077","MOORABBIN AIRPORT, AS","2019-10-07","0.02","62","52"
"ASN00086077","MOORABBIN AIRPORT, AS","2019-10-08",,"59","48"
"ASN00086077","MOORABBIN AIRPORT, AS","2019-10-09","0.04","59","47"
"ASN00086077","MOORABBIN AIRPORT, AS","2019-10-10","0.00","56","47"
"ASN00086077","MOORABBIN AIRPORT, AS","2019-10-11","0.00","65","46"
"ASN00086077","MOORABBIN AIRPORT, AS","2019-10-12","0.00","68","46"
"ASN00086077","MOORABBIN AIRPORT, AS","2019-10-13","0.00","73","43"
"ASN00086077","MOORABBIN AIRPORT, AS","2019-10-14","0.01","79","54"
"ASN00086077","MOORABBIN AIRPORT, AS","2019-10-15","0.01","63","55"
"ASN00086077","MOORABBIN AIRPORT, AS","2019-10-16","0.00","69","53"
"ASN00086077","MOORABBIN AIRPORT, AS","2019-10-17","0.35","60","50"
"ASN00086077","MOORABBIN AIRPORT, AS","2019-10-18","0.13","71","44"
"ASN00086077","MOORABBIN AIRPORT, AS","2019-10-19","0.03","60","50"
"ASN00086077","MOORABBIN AIRPORT, AS","2019-10-20","0.03","61","50"
"ASN00086077","MOORABBIN AIRPORT, AS","2019-10-21","0.00","60","53"
"ASN00086077","MOORABBIN AIRPORT, AS","2019-10-22","0.00","66","50"
"ASN00086077","MOORABBIN AIRPORT, AS","2019-10-23","0.00","80","43"
"ASN00086077","MOORABBIN AIRPORT, AS","2019-10-24","0.00","94","49"
"ASN00086077","MOORABBIN AIRPORT, AS","2019-10-25","0.00","70","61"
"ASN00086077","MOORABBIN AIRPORT, AS","2019-10-26","0.12","61","49"
"ASN00086077","MOORABBIN AIRPORT, AS","2019-10-27","0.03","62","50"
"ASN00086077","MOORABBIN AIRPORT, AS","2019-10-28","0.26","68","50"
"ASN00086077","MOORABBIN AIRPORT, AS","2019-10-29","0.00","86","45"
"ASN00086077","MOORABBIN AIRPORT, AS","2019-10-30","0.00","78","54"
"ASN00086077","MOORABBIN AIRPORT, AS","2019-10-31","0.00","93","55"
"ASN00086077","MOORABBIN AIRPORT, AS","2019-11-01","0.00","94","67"
"ASN00086077","MOORABBIN AIRPORT, AS","2019-11-02","0.18","65","59"
"ASN00086077","MOORABBIN AIRPORT, AS","2019-11-03","0.54","69","53"
"ASN00086077","MOORABBIN AIRPORT, AS","2019-11-04","0.26","61","48"
"ASN00086077","MOORABBIN AIRPORT, AS","2019-11-05","0.34","62","48"
"ASN00086077","MOORABBIN AIRPORT, AS","2019-11-06","0.00","74","51"
"ASN00086077","MOORABBIN AIRPORT, AS","2019-11-07","0.00","61","52"
"ASN00086077","MOORABBIN AIRPORT, AS","2019-11-08","0.25","60","52"
"ASN00086077","MOORABBIN AIRPORT, AS","2019-11-09","0.39","57","45"
"ASN00086077","MOORABBIN AIRPORT, AS","2019-11-10","0.02","66","51"
"ASN00086077","MOORABBIN AIRPORT, AS","2019-11-11","0.00","85","50"
"ASN00086077","MOORABBIN AIRPORT, AS","2019-11-12","0.01","62","53"
"ASN00086077","MOORABBIN AIRPORT, AS","2019-11-13","0.13","62","48"
"ASN00086077","MOORABBIN AIRPORT, AS","2019-11-14","0.00","70","54"
"ASN00086077","MOORABBIN AIRPORT, AS","2019-11-15","0.00","64","55"
"ASN00086077","MOORABBIN AIRPORT, AS","2019-11-16","0.00","62","50"
"ASN00086077","MOORABBIN AIRPORT, AS","2019-11-17","0.00","61","51"
"ASN00086077","MOORABBIN AIRPORT, AS","2019-11-18","0.00","76","47"
"ASN00086077","MOORABBIN AIRPORT, AS","2019-11-19","0.00","65","50"
"ASN00086077","MOORABBIN AIRPORT, AS","2019-11-20","0.00","94","46"
"ASN00086077","MOORABBIN AIRPORT, AS","2019-11-21","0.00","105","57"
"ASN00086077","MOORABBIN AIRPORT, AS","2019-11-22","0.00","67","52"
"ASN00086077","MOORABBIN AIRPORT, AS","2019-11-23","0.00","73","48"
"ASN00086077","MOORABBIN AIRPORT, AS","2019-11-24","0.00","75","47"
"ASN00086077","MOORABBIN AIRPORT, AS","2019-11-25","0.00","81","50"
"ASN00086077","MOORABBIN AIRPORT, AS","2019-11-26","0.03","62","54"
"ASN00086077","MOORABBIN AIRPORT, AS","2019-11-27","0.00","74","46"
"ASN00086077","MOORABBIN AIRPORT, AS","2019-11-28","0.00","71","51"
"ASN00086077","MOORABBIN AIRPORT, AS","2019-11-29","0.00","69","50"
"ASN00086077","MOORABBIN AIRPORT, AS","2019-11-30","0.22","64","48"
"ASN00086077","MOORABBIN AIRPORT, AS","2019-12-01","0.00","65","54"
"ASN00086077","MOORABBIN AIRPORT, AS","2019-12-02","0.38","60","51"
"ASN00086077","MOORABBIN AIRPORT, AS","2019-12-03","0.06","68","49"
"ASN00086077","MOORABBIN AIRPORT, AS","2019-12-04","0.00","69","53"
"ASN00086077","MOORABBIN AIRPORT, AS","2019-12-05","0.00","72","54"
"ASN00086077","MOORABBIN AIRPORT, AS","2019-12-06","0.00","68","56"
"ASN00086077","MOORABBIN AIRPORT, AS","2019-12-07","0.00","68","53"
"ASN00086077","MOORABBIN AIRPORT, AS","2019-12-08","0.00","84","55"
"ASN00086077","MOORABBIN AIRPORT, AS","2019-12-09","0.00","103","54"
"ASN00086077","MOORABBIN AIRPORT, AS","2019-12-10","0.00","64","56"
"ASN00086077","MOORABBIN AIRPORT, AS","2019-12-11","0.00","65","55"
"ASN00086077","MOORABBIN AIRPORT, AS","2019-12-12","0.00","65","56"
"ASN00086077","MOORABBIN AIRPORT, AS","2019-12-13","0.00","68","54"
"ASN00086077","MOORABBIN AIRPORT, AS","2019-12-14","0.01","68","57"
"ASN00086077","MOORABBIN AIRPORT, AS","2019-12-15","0.00","70","58"
"ASN00086077","MOORABBIN AIRPORT, AS","2019-12-16","0.02","72","56"
"ASN00086077","MOORABBIN AIRPORT, AS","2019-12-17","0.00","80","53"
"ASN00086077","MOORABBIN AIRPORT, AS","2019-12-18","0.00","104","56"
"ASN00086077","MOORABBIN AIRPORT, AS","2019-12-19","0.00","75","62"
"ASN00086077","MOORABBIN AIRPORT, AS","2019-12-20","0.00","112","52"
"ASN00086077","MOORABBIN AIRPORT, AS","2019-12-21","0.00","69","62"
"ASN00086077","MOORABBIN AIRPORT, AS","2019-12-22","0.00","72","54"
"ASN00086077","MOORABBIN AIRPORT, AS","2019-12-23","0.00","68","48"
"ASN00086077","MOORABBIN AIRPORT, AS","2019-12-24","0.00","82","56"
"ASN00086077","MOORABBIN AIRPORT, AS","2019-12-25","0.00","82","56"
"ASN00086077","MOORABBIN AIRPORT, AS","2019-12-26","0.00","71","62"
"ASN00086077","MOORABBIN AIRPORT, AS","2019-12-27","0.00","84","55"
"ASN00086077","MOORABBIN AIRPORT, AS","2019-12-28","0.00","85","60"
"ASN00086077","MOORABBIN AIRPORT, AS","2019-12-29","0.00","94","60"
"ASN00086077","MOORABBIN AIRPORT, AS","2019-12-30","0.00","109","66"
"ASN00086077","MOORABBIN AIRPORT, AS","2019-12-31","0.12","72","59"
"ASN00086077","MOORABBIN AIRPORT, AS","2020-01-01","0.00","76","50"
"ASN00086077","MOORABBIN AIRPORT, AS","2020-01-02","0.00","77","53"
"ASN00086077","MOORABBIN AIRPORT, AS","2020-01-03","0.00","95","54"
"ASN00086077","MOORABBIN AIRPORT, AS","2020-01-04","0.00","78","60"
"ASN00086077","MOORABBIN AIRPORT, AS","2020-01-05","0.08","63","55"
"ASN00086077","MOORABBIN AIRPORT, AS","2020-01-06","0.48","64","53"
"ASN00086077","MOORABBIN AIRPORT, AS","2020-01-07","0.02","69","55"
"ASN00086077","MOORABBIN AIRPORT, AS","2020-01-08","0.00","81","61"
"ASN00086077","MOORABBIN AIRPORT, AS","2020-01-09","0.00","89","63"
"ASN00086077","MOORABBIN AIRPORT, AS","2020-01-10","0.00","91","67"
"ASN00086077","MOORABBIN AIRPORT, AS","2020-01-11","0.80","67","56"
"ASN00086077","MOORABBIN AIRPORT, AS","2020-01-12","0.00","72","55"
"ASN00086077","MOORABBIN AIRPORT, AS","2020-01-13","0.00","91","52"
"ASN00086077","MOORABBIN AIRPORT, AS","2020-01-14","0.00","92","62"
"ASN00086077","MOORABBIN AIRPORT, AS","2020-01-15","0.00","101","64"
"ASN00086077","MOORABBIN AIRPORT, AS","2020-01-16","0.97","69","60"
"ASN00086077","MOORABBIN AIRPORT, AS","2020-01-17","0.00","76","56"
"ASN00086077","MOORABBIN AIRPORT, AS","2020-01-18","0.00","83","57"
"ASN00086077","MOORABBIN AIRPORT, AS","2020-01-19","0.00","79","59"
"ASN00086077","MOORABBIN AIRPORT, AS","2020-01-20","0.12","74","66"
"ASN00086077","MOORABBIN AIRPORT, AS","2020-01-21","0.46","75","60"
"ASN00086077","MOORABBIN AIRPORT, AS","2020-01-22","0.00","90","55"
"ASN00086077","MOORABBIN AIRPORT, AS","2020-01-23","1.16","72","56"
"ASN00086077","MOORABBIN AIRPORT, AS","2020-01-24","0.12","74","53"
"ASN00086077","MOORABBIN AIRPORT, AS","2020-01-25","0.00","80","56"
"ASN00086077","MOORABBIN AIRPORT, AS","2020-01-26","0.00","73","58"
"ASN00086077","MOORABBIN AIRPORT, AS","2020-01-27","0.00","72","53"
"ASN00086077","MOORABBIN AIRPORT, AS","2020-01-28","0.00","75","54"
"ASN00086077","MOORABBIN AIRPORT, AS","2020-01-29","0.00","84","56"
"ASN00086077","MOORABBIN AIRPORT, AS","2020-01-30","0.00","103","56"
"ASN00086077","MOORABBIN AIRPORT, AS","2020-01-31","0.00","111","64"
"ASN00086077","MOORABBIN AIRPORT, AS","2020-02-01","0.03","85","74"
"ASN00086077","MOORABBIN AIRPORT, AS","2020-02-02","0.69","74","57"
"ASN00086077","MOORABBIN AIRPORT, AS","2020-02-03","0.02","64","54"
"ASN00086077","MOORABBIN AIRPORT, AS","2020-02-04","0.00","68","49"
"ASN00086077","MOORABBIN AIRPORT, AS","2020-02-05","0.00","71","49"
"ASN00086077","MOORABBIN AIRPORT, AS","2020-02-06","0.00","81","53"
"ASN00086077","MOORABBIN AIRPORT, AS","2020-02-07","0.00","74","60"
"ASN00086077","MOORABBIN AIRPORT, AS","2020-02-08","0.00","84","66"
"ASN00086077","MOORABBIN AIRPORT, AS","2020-02-09","0.00","79","66"
"ASN00086077","MOORABBIN AIRPORT, AS","2020-02-10","0.05","79","65"
"ASN00086077","MOORABBIN AIRPORT, AS","2020-02-11","0.01","78","65"
"ASN00086077","MOORABBIN AIRPORT, AS","2020-02-12","0.00","81","65"
"ASN00086077","MOORABBIN AIRPORT, AS","2020-02-13","0.00","88","67"
"ASN00086077","MOORABBIN AIRPORT, AS","2020-02-14","0.00","94","67"
"ASN00086077","MOORABBIN AIRPORT, AS","2020-02-15","0.14","67","66"
"ASN00086077","MOORABBIN AIRPORT, AS","2020-02-16","0.02","76","62"
"ASN00086077","MOORABBIN AIRPORT, AS","2020-02-17","0.00","82","56"
"ASN00086077","MOORABBIN AIRPORT, AS","2020-02-18","0.02","72","60"
"ASN00086077","MOORABBIN AIRPORT, AS","2020-02-19","1.19","67","58"
"ASN00086077","MOORABBIN AIRPORT, AS","2020-02-20","0.10","66","57"
"ASN00086077","MOORABBIN AIRPORT, AS","2020-02-21","0.08","69","55"
"ASN00086077","MOORABBIN AIRPORT, AS","2020-02-22","0.01","72","51"
"ASN00086077","MOORABBIN AIRPORT, AS","2020-02-23","0.00","89","55"
"ASN00086077","MOORABBIN AIRPORT, AS","2020-02-24","0.00","77","62"
"ASN00086077","MOORABBIN AIRPORT, AS","2020-02-25","0.05","89","64"
"ASN00086077","MOORABBIN AIRPORT, AS","2020-02-26","0.49","66","62"
"ASN00086077","MOORABBIN AIRPORT, AS","2020-02-27","0.10","67","51"
"ASN00086077","MOORABBIN AIRPORT, AS","2020-02-28","0.02","67","55"
"ASN00086077","MOORABBIN AIRPORT, AS","2020-02-29","0.02","70","55"
"ASN00086077","MOORABBIN AIRPORT, AS","2020-03-01","0.00","90","54"
"ASN00086077","MOORABBIN AIRPORT, AS","2020-03-02","0.14","66","57"
"ASN00086077","MOORABBIN AIRPORT, AS","2020-03-03","0.01","69","57"
"ASN00086077","MOORABBIN AIRPORT, AS","2020-03-04","0.00","71","56"
"ASN00086077","MOORABBIN AIRPORT, AS","2020-03-05","2.16","68","60"
"ASN00086077","MOORABBIN AIRPORT, AS","2020-03-06","0.10","65","60"
"ASN00086077","MOORABBIN AIRPORT, AS","2020-03-07","0.00","69","58"
"ASN00086077","MOORABBIN AIRPORT, AS","2020-03-08","0.00","72","57"
"ASN00086077","MOORABBIN AIRPORT, AS","2020-03-09","0.00","70","52"
"ASN00086077","MOORABBIN AIRPORT, AS","2020-03-10","0.00","71","47"
"ASN00086077","MOORABBIN AIRPORT, AS","2020-03-11","0.00","85","53"
"ASN00086077","MOORABBIN AIRPORT, AS","2020-03-12","0.00","85","60"
"ASN00086077","MOORABBIN AIRPORT, AS","2020-03-13","0.00","81","67"
"ASN00086077","MOORABBIN AIRPORT, AS","2020-03-14","0.01","65","54"
"ASN00086077","MOORABBIN AIRPORT, AS","2020-03-15","0.00","68","53"
"ASN00086077","MOORABBIN AIRPORT, AS","2020-03-16","0.00","77","46"
"ASN00086077","MOORABBIN AIRPORT, AS","2020-03-17","0.00","83","50"
"ASN00086077","MOORABBIN AIRPORT, AS","2020-03-18","0.00","84","65"
"ASN00086077","MOORABBIN AIRPORT, AS","2020-03-19","0.00","87","65"
"ASN00086077","MOORABBIN AIRPORT, AS","2020-03-20","0.02","72","59"
"ASN00086077","MOORABBIN AIRPORT, AS","2020-03-21","0.01","65","56"
"ASN00086077","MOORABBIN AIRPORT, AS","2020-03-22","0.01","65","54"
"ASN00086077","MOORABBIN AIRPORT, AS","2020-03-23","0.06","64","51"
"ASN00086077","MOORABBIN AIRPORT, AS","2020-03-24","0.00","65","43"
"ASN00086077","MOORABBIN AIRPORT, AS","2020-03-25","0.00","65","51"
"ASN00086077","MOORABBIN AIRPORT, AS","2020-03-26","0.00","72","53"
"ASN00086077","MOORABBIN AIRPORT, AS","2020-03-27","0.00","81","54"
"ASN00086077","MOORABBIN AIRPORT, AS","2020-03-28","0.00","83","54"
"ASN00086077","MOORABBIN AIRPORT, AS","2020-03-29","0.00","82","66"
"ASN00086077","MOORABBIN AIRPORT, AS","2020-03-30","0.16","70","62"
"ASN00086077","MOORABBIN AIRPORT, AS","2020-03-31","0.00","69","51"
"ASN00086077","MOORABBIN AIRPORT, AS","2020-04-01","0.00","74","47"
"ASN00086077","MOORABBIN AIRPORT, AS","2020-04-02","0.98","67","54"
"ASN00086077","MOORABBIN AIRPORT, AS","2020-04-03","0.15","76","56"
"ASN00086077","MOORABBIN AIRPORT, AS","2020-04-04","1.20","61","54"
"ASN00086077","MOORABBIN AIRPORT, AS","2020-04-05","0.10","60","49"
"ASN00086077","MOORABBIN AIRPORT, AS","2020-04-06","0.55","61","52"
"ASN00086077","MOORABBIN AIRPORT, AS","2020-04-07","0.00","61","53"
"ASN00086077","MOORABBIN AIRPORT, AS","2020-04-08","0.02","65","52"
"ASN00086077","MOORABBIN AIRPORT, AS","2020-04-09","0.00","70","46"
"ASN00086077","MOORABBIN AIRPORT, AS","2020-04-10","0.00","72","52"
"ASN00086077","MOORABBIN AIRPORT, AS","2020-04-11","0.13","60","56"
"ASN00086077","MOORABBIN AIRPORT, AS","2020-04-12","0.47","58","53"
"ASN00086077","MOORABBIN AIRPORT, AS","2020-04-13","0.00","63","54"
"ASN00086077","MOORABBIN AIRPORT, AS","2020-04-14","0.01","75","52"
"ASN00086077","MOORABBIN AIRPORT, AS","2020-04-15","0.00","76","57"
"ASN00086077","MOORABBIN AIRPORT, AS","2020-04-16","0.03","69","58"
"ASN00086077","MOORABBIN AIRPORT, AS","2020-04-17","0.00","63","53"
"ASN00086077","MOORABBIN AIRPORT, AS","2020-04-18","0.00","63","55"
"ASN00086077","MOORABBIN AIRPORT, AS","2020-04-19","0.03","64","53"
"ASN00086077","MOORABBIN AIRPORT, AS","2020-04-20","0.18","66","53"
"ASN00086077","MOORABBIN AIRPORT, AS","2020-04-21","0.03","67","49"
"ASN00086077","MOORABBIN AIRPORT, AS","2020-04-22","0.00","64","56"
"ASN00086077","MOORABBIN AIRPORT, AS","2020-04-23","0.00","68","48"
"ASN00086077","MOORABBIN AIRPORT, AS","2020-04-24","0.03","67","58"
"ASN00086077","MOORABBIN AIRPORT, AS","2020-04-25","0.01","71","51"
"ASN00086077","MOORABBIN AIRPORT, AS","2020-04-26","0.67","63","59"
"ASN00086077","MOORABBIN AIRPORT, AS","2020-04-27","0.03","63","47"
"ASN00086077","MOORABBIN AIRPORT, AS","2020-04-28","0.00","68","43"
"ASN00086077","MOORABBIN AIRPORT, AS","2020-04-29","0.25","68","57"
"ASN00086077","MOORABBIN AIRPORT, AS","2020-04-30","1.05","60","48"
"ASN00086077","MOORABBIN AIRPORT, AS","2020-05-01","0.22","54","46"
"ASN00086077","MOORABBIN AIRPORT, AS","2020-05-02","0.05","55","47"
"ASN00086077","MOORABBIN AIRPORT, AS","2020-05-03","0.39","58","50"
"ASN00086077","MOORABBIN AIRPORT, AS","2020-05-04","0.06","59","51"
"ASN00086077","MOORABBIN AIRPORT, AS","2020-05-05","0.00","68","44"
"ASN00086077","MOORABBIN AIRPORT, AS","2020-05-06","0.00","68","50"
"ASN00086077","MOORABBIN AIRPORT, AS","2020-05-07","0.00","71","58"
"ASN00086077","MOORABBIN AIRPORT, AS","2020-05-08","0.00","68","54"
"ASN00086077","MOORABBIN AIRPORT, AS","2020-05-09","0.06","57","54"
"ASN00086077","MOORABBIN AIRPORT, AS","2020-05-10","0.27","58","46"
"ASN00086077","MOORABBIN AIRPORT, AS","2020-05-11","0.02","63","45"
"ASN00086077","MOORABBIN AIRPORT, AS","2020-05-12","0.00","62","50"
"ASN00086077","MOORABBIN AIRPORT, AS","2020-05-13","0.10","58","51"
"ASN00086077","MOORABBIN AIRPORT, AS","2020-05-14","0.05","59","41"
"ASN00086077","MOORABBIN AIRPORT, AS","2020-05-15","0.00","58","39"
"ASN00086077","MOORABBIN AIRPORT, AS","2020-05-16","0.00","65","38"
"ASN00086077","MOORABBIN AIRPORT, AS","2020-05-17","0.00","63","38"
"ASN00086077","MOORABBIN AIRPORT, AS","2020-05-18","0.00","67","38"
"ASN00086077","MOORABBIN AIRPORT, AS","2020-05-19","0.00","64","46"
"ASN00086077","MOORABBIN AIRPORT, AS","2020-05-20","0.52","59","50"
"ASN00086077","MOORABBIN AIRPORT, AS","2020-05-21","0.57","57","49"
"ASN00086077","MOORABBIN AIRPORT, AS","2020-05-22","0.09","57","49"
"ASN00086077","MOORABBIN AIRPORT, AS","2020-05-23","0.00","57","49"
"ASN00086077","MOORABBIN AIRPORT, AS","2020-05-24","0.02","57","52"
"ASN00086077","MOORABBIN AIRPORT, AS","2020-05-25","0.02","60","38"
"ASN00086077","MOORABBIN AIRPORT, AS","2020-05-26","0.00","65","36"
"ASN00086077","MOORABBIN AIRPORT, AS","2020-05-27","0.00","63","42"
"ASN00086077","MOORABBIN AIRPORT, AS","2020-05-28","0.00","62","52"
"ASN00086077","MOORABBIN AIRPORT, AS","2020-05-29","0.01","65","45"
"ASN00086077","MOORABBIN AIRPORT, AS","2020-05-30","0.00","64","42"
"ASN00086077","MOORABBIN AIRPORT, AS","2020-05-31","0.01","63","54"
"ASN00086077","MOORABBIN AIRPORT, AS","2020-06-01","0.25","53","48"
"ASN00086077","MOORABBIN AIRPORT, AS","2020-06-02","0.49","59","48"
"ASN00086077","MOORABBIN AIRPORT, AS","2020-06-03","0.05","58","51"
"ASN00086077","MOORABBIN AIRPORT, AS","2020-06-04","0.00","56","49"
"ASN00086077","MOORABBIN AIRPORT, AS","2020-06-05","0.00","56","36"
"ASN00086077","MOORABBIN AIRPORT, AS","2020-06-06","0.00","56","45"
"ASN00086077","MOORABBIN AIRPORT, AS","2020-06-07","0.00","54","47"
"ASN00086077","MOORABBIN AIRPORT, AS","2020-06-08","0.01","55","38"
"ASN00086077","MOORABBIN AIRPORT, AS","2020-06-09","0.00","58","34"
"ASN00086077","MOORABBIN AIRPORT, AS","2020-06-10","0.00","60","36"
"ASN00086077","MOORABBIN AIRPORT, AS","2020-06-11","0.00","60","38"
"ASN00086077","MOORABBIN AIRPORT, AS","2020-06-12","0.00","60","35"
"ASN00086077","MOORABBIN AIRPORT, AS","2020-06-13","0.00","62","43"
"ASN00086077","MOORABBIN AIRPORT, AS","2020-06-14","0.19","59","51"
"ASN00086077","MOORABBIN AIRPORT, AS","2020-06-15","0.03","65","53"
"ASN00086077","MOORABBIN AIRPORT, AS","2020-06-16","0.00","64","55"
"ASN00086077","MOORABBIN AIRPORT, AS","2020-06-17","0.04","59","47"
"ASN00086077","MOORABBIN AIRPORT, AS","2020-06-18","0.00","64","37"
"ASN00086077","MOORABBIN AIRPORT, AS","2020-06-19","0.00","67","42"
"ASN00086077","MOORABBIN AIRPORT, AS","2020-06-20","0.17","63","55"
"ASN00086077","MOORABBIN AIRPORT, AS","2020-06-21","0.00","54","39"
"ASN00086077","MOORABBIN AIRPORT, AS","2020-06-22","0.10","53","46"
"ASN00086077","MOORABBIN AIRPORT, AS","2020-06-23","0.26","58","47"
"ASN00086077","MOORABBIN AIRPORT, AS","2020-06-24","0.00","60","50"
"ASN00086077","MOORABBIN AIRPORT, AS","2020-06-25","0.01","59","50"
"ASN00086077","MOORABBIN AIRPORT, AS","2020-06-26","0.03","56","44"
"ASN00086077","MOORABBIN AIRPORT, AS","2020-06-27","0.01","56","45"
"ASN00086077","MOORABBIN AIRPORT, AS","2020-06-28","0.00","54","35"
"ASN00086077","MOORABBIN AIRPORT, AS","2020-06-29","0.00","60","32"
"ASN00086077","MOORABBIN AIRPORT, AS","2020-06-30","0.00","61","35"
